journal,field,openalex_id,doi,title,publication_date,authors,cited_by_count,abstract
American Economic Review,econ,https://openalex.org/W4406965573,https://doi.org/10.1257/aer.20211455,Regulating Conglomerates: Evidence from an Energy Conservation Program in China,2025-01-30,Chen Qiao-yi; Chen Zhao; Zhikuo Liu; Juan Carlos Suárez Serrato; Daniel Yi Xu,67,"We study a prominent energy regulation affecting large Chinese manufacturers that are part of broader conglomerates. Using detailed firm-level data and difference-in-differences research designs, we show that regulated firms cut output and shifted some production to unregulated firms within their conglomerate instead of improving their energy efficiency. To account for conglomerate and market spillovers, we interpret these results through the lens of an industry equilibrium model featuring conglomerate production. The policy raises welfare if the per ton benefits of carbon reduction exceed $161. Alternative policies that exploit public information on business networks can increase aggregate energy savings by 10 percent. (JEL D22, L22, L51, L60, P28, P31, Q48)"
American Economic Review,econ,https://openalex.org/W4406965600,https://doi.org/10.1257/aer.20211145,Start-Up Costs and Market Power: Lessons from the Renewable Energy Transition,2025-01-30,Akshaya Jha; Gordon Leslie,25,"Firms expect to recover the fixed costs required to start production by earning positive operating profits in subsequent periods. We develop a dynamic competitive benchmark that accounts for start-up costs, showing that static markups overstate the rents attributable to market power in an electricity market where generators frequently stop and start production in response to rooftop solar output. We demonstrate that the large-scale expansion of solar capacity can lead to increases in the collective profitability of fossil fuel plants because competition softens at sunset—plants displaced by solar during the day must incur start-up costs to compete in the evening. (JEL D24, L13, L25, L94, Q41, Q42)"
American Economic Review,econ,https://openalex.org/W4406965578,https://doi.org/10.1257/aer.20230075,The Benefits of Revealing Race: Evidence from Minority-Owned Local Businesses,2025-01-30,Abhay Aneja; Michael Luca; Oren Reshef,10,"Is there latent demand to support Black-owned businesses? We explore this question by analyzing a new feature that made it easier to identify Black-owned restaurants on an online platform. We find that labeling restaurants as minority-owned increased customer engagement and firm performance, as measured by online traffic, calls, orders, and in-person visits. These effects were more pronounced in areas characterized by greater support for the Democratic Party and lower implicit bias against racial minorities. Labeled restaurants also see an increase in the fraction of reviews that are written by White customers. (JEL D22, J15, L25, L83, L86)"
American Economic Review,econ,https://openalex.org/W4406965558,https://doi.org/10.1257/aer.20211137,Hedging When Applying: Simultaneous Search with Correlation,2025-01-30,S. Nageeb Ali; Ran I. Shorrer,7,"Applicants to schools, colleges, and jobs hedge by applying to a broad range of options, including reaches, matches, and safeties. We develop a simultaneous-search framework that rationalizes this practice. In this framework, the admissions process is correlated across schools so that if an applicant is rejected by one school, she is more likely to be rejected by more selective schools. We find that an applicant then optimally targets both safeties and reaches. We characterize how the optimal portfolio varies with the applicant’s beliefs, risk attitudes, and application costs and offer an algorithm that delivers the optimal portfolio in polynomial time. (JEL D81, D83, D91, I23)"
American Economic Review,econ,https://openalex.org/W4406965605,https://doi.org/10.1257/aer.20191950,Robust Monopoly Regulation,2025-01-30,Yingni Guo; Eran Shmaya,7,"We study how to regulate a monopolistic firm using a robust-design, non-Bayesian approach. We derive a policy that minimizes the regulator’s worst-case regret, where regret is the difference between the regulator’s complete-information payoff and his realized payoff. When the regulator’s payoff is consumers’ surplus, he caps the firm’s average revenue. When his payoff is the total surplus of both consumers and the firm, he offers a piece rate subsidy to the firm while capping the total subsidy. For intermediate cases, the regulator combines these three policy instruments to balance three goals: protecting consumers’ surplus, mitigating underproduction, and limiting potential overproduction. (JEL D21, D42, D83, H25, L51)"
American Economic Review,econ,https://openalex.org/W4406965539,https://doi.org/10.1257/aer.20240309,Sticky Wages on the Layoff Margin,2025-01-30,Steven J. Davis; Pawel M. Krolikowski,6,"We design and field an innovative survey of unemployment insurance (UI) recipients that yields new insights about wage stickiness on the layoff margin. A majority of UI recipients would accept pay cuts of 5–10 percent to save their jobs, and one-third would accept a 25 percent cut. Yet worker-employer discussions about cuts in pay, benefits, or hours in lieu of layoffs are exceedingly rare. Roughly one-quarter of the layoffs in our sample violate the theoretical condition for bilaterally efficient separations. We draw on our findings and other evidence to assess theories of wage stickiness and its role in layoffs. (JEL C83, E24, J31, J63, J65)"
American Economic Review,econ,https://openalex.org/W4406965554,https://doi.org/10.1257/aer.20220226,Political Social Learning: Short-Term Memory and Cycles of Polarization,2025-01-30,Gilat Levy; Ronny Razin,4,"This paper investigates the effect of voters’ short-term memory on political outcomes by considering politics as a collective learning process. We find that short-term memory may lead to cycles of polarization and consensus across parties’ platforms. Following periods of party consensus, short-term memory implies that there is little variation in voters’ data and therefore limited information about the true state of the world. This in turn allows parties to further their own interests and hence polarize by offering different policies. In contrast, periods of polarization and turnover involve sufficient variation in the data that allows voters to be confident about what the correct policy is, forcing both parties to offer this policy. (JEL D72, D83, E61)"
American Economic Review,econ,https://openalex.org/W4406973626,https://doi.org/10.1257/aer.20230393,The Good Wife? Reputation Dynamics and Financial Decision-Making inside the Household,2025-01-30,Nina Buchmann; Pascaline Dupas; Roberta Ziparo,3,"We study reputation dynamics within the household in a setting where women regularly receive transfers from their husbands for household purchases. We propose a signaling model in which wives try to maintain a good reputation in the eyes of their husbands to receive high transfers. This leads them to (i) avoid risky purchases (goods with unknown returns) and (ii) knowingly overuse low-return goods to hide bad purchase decisions—we call this the intrahousehold sunk cost effect. We present supportive evidence for the model from a series of experiments with married couples in rural Malawi. (JEL D13, D82, J12, J16, O12, O18)"
American Economic Review,econ,https://openalex.org/W4406965553,https://doi.org/10.1257/aer.20240374,Empowering Adolescents to Transform Schools: Lessons from a Behavioral Targeting,2025-01-30,Şule Alan; Elif Kubilay,2,"We test the effectiveness of a behavioral program grounded in the idea that status granting and self-persuasion might yield a robust behavioral change in disadvantaged adolescents. We enlist socially connected senior middle school students with high emotional intelligence as “student-teachers” and entrust them with delivering a curriculum to their junior peers. The program empowers student-teachers, leading them to improve their social environment. It reduces disciplinary incidents and antisocial behavior among student-teachers and their friendship networks. The intervention significantly enhances the likelihood of admission to selective high schools for student-teachers, offering a cost-effective way to help disadvantaged adolescents escape neighborhood disadvantages. (JEL H52, I21, I24, I28, J13, O15)"
American Economic Review,econ,https://openalex.org/W4406965628,https://doi.org/10.1257/aer.20230496,A Theory of Dynamic Inflation Targets,2025-01-30,Christopher Clayton; Andreas Schaab,1,"Should central banks’ inflation targets remain set in stone? We study a dynamic mechanism design problem between a government and a central bank. The central bank has persistent private information about structural shocks. Firms learn the state from the central bank’s reports and form inflation expectations. A dynamic inflation target implements the full-information commitment allocation. The central bank is delegated the authority to adjust the target’s level and flexibility one period in advance. A declining natural interest rate and a flattening Phillips curve imply opposite optimal target adjustments. Our results speak to practical policy questions of inflation target design. (JEL D82, E12, E31, E52, E58)"
American Economic Review,econ,https://openalex.org/W4406965674,https://doi.org/10.1257/aer.115.2.i,Front Matter,2025-01-30,,0,
American Economic Review,econ,https://openalex.org/W4408028013,https://doi.org/10.1257/aer.20230505,"How Competitive Is the Stock Market? Theory, Evidence from Portfolios, and Implications for the Rise of Passive Investing",2025-02-28,Valentin Haddad; Paul Huebner; Erik Loualiche,27,"The conventional wisdom in finance is that competition is fierce among investors: if a group changes its behavior, others adjust their strategies such that nothing happens to prices. We estimate a demand system with flexible strategic responses for institutional investors in the US stock market. When less aggressive traders surround an investor, she adjusts by trading more aggressively. However, this strategic reaction only counteracts two-thirds of the impact of the initial change in behavior. In light of these estimates, the rise in passive investing over the last 20 years has made the demand for individual stocks 11 percent more inelastic. (JEL G11, G14, G23, G41)"
American Economic Review,econ,https://openalex.org/W4408028022,https://doi.org/10.1257/aer.20221722,Internationalizing Like China,2025-02-28,C.R.I. Clayton; Amanda dos Santos; Matteo Maggiori; Jesse Schreger,17,"We empirically characterize how China is internationalizing its bond market by staggering the entry of different types of foreign investors into its domestic market and propose a dynamic reputation model to explain this strategy. Our framework rationalizes China’s strategy as trying to build credibility as a safe issuer while reducing the cost of capital flight. We use our framework to shed light on China’s response to episodes of capital outflows. (JEL E44, F38, G12, G15, G23, O16, P34)"
American Economic Review,econ,https://openalex.org/W4408054573,https://doi.org/10.1257/aer.20221234,Land Rental Markets: Experimental Evidence from Kenya,2025-02-28,Michelle Acampora; Lorenzo Casaburi; Jack Willis,10,"Do land market frictions cause misallocation in agriculture? In a field experiment in western Kenya, we randomly subsidize owners to rent out land. Induced rentals mostly persist after the subsidy ends and increase output and value added, consistent with misallocation. Gains from trade arise from renters choosing higher-value crops, having higher productivity, and adopting more nonlabor inputs, while renters use similar quantities of labor as owners. Induced rentals are not those with the largest predicted gains, underlining the importance of the joint distribution of gains and frictions, with frictions arising from search, risk, and learning.(JEL C93, O13, O18, Q12, Q15, Q24, R52)"
American Economic Review,econ,https://openalex.org/W4408054562,https://doi.org/10.1257/aer.20220846,The Decline of Too Big to Fail,2025-02-28,Antje Berndt; Darrell Duffie; Yichao Zhu,5,"For globally systemically important banks (GSIBs) with US headquarters, we find significant reductions in market-implied probabilities of government bailout after the Global Financial Crisis (GFC), along with roughly 170 percent higher wholesale debt financing costs for these banks after controlling for insolvency risk. Since the GFC, bank creditors appear to expect much larger losses in the event that a GSIB approaches insolvency. In this sense, we estimate a decline of “too big to fail.” (G01, G12, G21, G28, G33, H81)"
American Economic Review,econ,https://openalex.org/W4408054554,https://doi.org/10.1257/aer.20231133,Do Ordeals Work for Selection Markets? Evidence from Health Insurance Auto-Enrollment,2025-02-28,Mark Shepard; Myles Wagner,3,"Are application hassles, or “ordeals,” an effective way to limit public program enrollment? We provide new evidence by studying (removal of) an auto-enrollment policy for health insurance, adding an extra step to enroll. This minor ordeal has a major impact, reducing enrollment by 33 percent and differentially excluding young, healthy, and economically disadvantaged people. Using a simple model, we show adverse selection—a classic feature of insurance markets—undermines ordeals’ standard rationale of excluding low-value individuals since they are also low-cost and may not be inefficient. Our analysis illustrates why ordeals targeting is unlikely to work well in selection markets. (JEL D82, G22, H75, I13, I18)"
American Economic Review,econ,https://openalex.org/W2341847281,https://doi.org/10.1257/aer.20162018,Ownership Concentration and Strategic Supply Reduction,2025-02-28,Ulrich Doraszelski; Katja Seim; Michael Sinkinson; Will Peichun Wang,16,"We explore the implications of ownership concentration for the recently concluded incentive auction that repurposed spectrum from broadcast TV to mobile broadband usage in the United States. We document significant multilicense ownership of TV stations. We show that in the reverse auction, in which TV stations bid to relinquish their licenses, multilicense owners have an incentive to withhold some TV stations to drive up prices for their remaining TV stations. Using a large-scale valuation and simulation exercise, we find that this strategic supply reduction increases payouts to TV stations by between 13.5 percent and 42.4 percent. (D44, D47, H82, L13, L82, L88)"
American Economic Review,econ,https://openalex.org/W4408054571,https://doi.org/10.1257/aer.20211229,Mortgage Pricing and Monetary Policy,2025-02-28,Matteo Benetton; Alessandro Gavazza; Paolo Surico,5,"This paper examines how central bank policies influence mortgage pricing in the United Kingdom. It shows that lenders price discriminate by offering two-part tariffs of interest rates and origination fees, and during unconventional monetary policies like the Funding for Lending Scheme, lenders reduced interest rates while increasing fees. Using a model of mortgage demand and lender competition, we find that central bank policies increased mortgage lending. Additionally, banning origination fees would reduce lending, as fees help lenders capture surplus while allowing them to price discriminate across borrowers with different sensitivities to rates and fees. (JEL E43, E52, E58, G21, G28, R31)"
American Economic Review,econ,https://openalex.org/W4408054547,https://doi.org/10.1257/aer.20220528,Corruption as a Local Advantage: Evidence from the Indigenization of Nigerian Oil,2025-02-28,Jonah Rexer,4,"Multinationals in the extractive sectors of weak states face resource theft by armed groups. Criminality is often abetted by state corruption, even though firms are willing to pay for protection. I study indigenization in Nigeria’s oil sector, which increased local firms’ participation substantially. Despite lower quality, local firms increase output by reducing oil theft. A bargaining model illustrates that political connections align law enforcement incentives, solving commitment problems. Data on law enforcement raids show that local firms receive preferential protection. Connections to military elites drive the local advantage. The aggregate gains from indigenization are at most between 2.3 and 5.7 percent of GDP. (JEL D73, F23, L71, O13, O17, Q34, Q35)"
American Economic Review,econ,https://openalex.org/W4408054567,https://doi.org/10.1257/aer.115.3.i,Front Matter,2025-02-28,,0,
American Economic Review,econ,https://openalex.org/W4408999048,https://doi.org/10.1257/aer.20230501,Fighting Climate Change: International Attitudes toward Climate Policies,2025-03-31,Antoine Dechezleprêtre; Adrien Fabre; Tobias Kruse; Bluebery Planterose; Ana Sánchez Chico; Stefanie Stantcheva,112,"This paper explores global perceptions and understanding of climate change and policies, examining factors that influence support for climate action and the impact of different types of information. We conduct large-scale surveys with 40,000 respondents from 20 countries, providing new international data on attitudes toward climate change and respondents’ socioeconomic backgrounds and lifestyles. We identify three key perceptions affecting policy support: perceived effectiveness of policies in reducing emissions, their impact on low-income households, and their effect on respondents’ households (self-interest). Educational videos clarifying policy mechanisms increase support for climate policies; those merely highlighting climate change’s impacts do not. (JEL C83, D83, D91, Q54, Q58)"
American Economic Review,econ,https://openalex.org/W4409035886,https://doi.org/10.1257/aer.20231087,Cultural Distance and Ethnic Civil Conflict,2025-03-31,Eleonora Guarnieri,16,"Ethnically diverse countries are more prone to conflict, but why do some groups engage in conflict, while others do not? I show that civil conflict in Africa is explained by ethnic groups’ cultural distance to the central government: an increase in cultural distance, proxied by linguistic distance, increases an ethnicity’s propensity to fight over government power. To identify this effect, I leverage within-ethnicity variation in linguistic distance resulting from power transitions between ethnic groups over time. I provide evidence that the effects can be attributed to differences in preferences over both the allocation and the type of public goods. (JEL D74, H41, J15, N47, O15, O17, Z13)"
American Economic Review,econ,https://openalex.org/W4409035875,https://doi.org/10.1257/aer.20200704,Trade Shocks and Credit Reallocation,2025-03-31,Stefano Federico; Fadi Hassan; Veronica Rappoport,9,"This paper identifies a credit-supply contraction that arises endogenously after trade liberalization. Banks with loan portfolios concentrated in sectors exposed to competition from China face an increase in nonperforming loans after China’s entry into the World Trade Organization. As a result, they reduce the supply of credit to firms, irrespective of the firm’s sector of operation. This cut in credit translates into lower employment, investment, and output. Through this mechanism, the financial channel amplifies the shock to firms already hit by import competition from China and passes it on to firms in sectors expected to expand upon trade liberalization. (JEL D22, F14, G21, G31, G32, L25, P33)"
American Economic Review,econ,https://openalex.org/W4409035904,https://doi.org/10.1257/aer.20190650,"Fragile New Economy: Intangible Capital, Corporate Savings Glut, and Financial Instability",2025-03-31,Ye Li,17,"The transition toward an intangible-intensive economy reshapes financial systems by creating a self-perpetuating savings glut in the production sector. As intangibles become increasingly important, firms hoard liquidity to finance investment in intangibles of limited pledgeability. Firms’ savings feed cheap leverage to financial intermediaries and allow intermediaries to bid up asset prices, which in turn encourages firms to save more for asset creation. This paper develops a macrofinance model that offers a coherent account of rising corporate savings, debt-fueled growth of intermediaries, declining interest rates, and rising asset valuation. Along these secular trends, endogenous financial risk accumulates. (JEL E43, E44, G12, G21, G31, G32)"
American Economic Review,econ,https://openalex.org/W4409035865,https://doi.org/10.1257/aer.20201425,Product Differentiation and Oligopoly: A Network Approach,2025-03-31,Bruno Pellegrino,16,"I present a new theory of oligopoly and markups in general equilibrium, based on an innovative, scalable hedonic demand system, which I take to the data for the universe of US public firms. In my model, firms compete in a network of product market rivalries that emerge endogenously out of the characteristics of the products they supply. I estimate that consumer surplus is almost three times as large as profits; decompose firm-level markups into metrics of quality-adjusted productivity and market centrality; and analyze the extent, evolution, and drivers of monopoly power in the United States between 1995 and 2021. (JEL D21, D43, D85, G34, L13, L14)"
American Economic Review,econ,https://openalex.org/W4409035877,https://doi.org/10.1257/aer.115.4.1059,Presidential Address: The Economist as Designer in the Innovation Process for Socially Impactful Digital Products,2025-03-31,Susan Athey,1,"This paper provides an economic perspective on data-driven innovation in digital products, focusing on the role of complex experiments in measuring and improving social impact. The discussion highlights how tools and insights from economics contribute to each stage of the innovation process. Key contributions include identifying problems, developing theoretical frameworks, translating goals into measurable outcomes, analyzing historical data, and estimating counterfactual outcomes. The paper also surveys recently developed tools designed to address challenges in designing and analyzing data from complex experiments. (JEL A11, D83, D91, I20, L80, O31, Q16)"
American Economic Review,econ,https://openalex.org/W4408999063,https://doi.org/10.1257/aer.20231008,When Money Dies: The Dynamics of Speculative Hyperinflations,2025-03-31,Guillaume Rocheteau,1,"How quickly does a fiat money become valueless? I study the speculative hyperinflation equilibria of continuous-time economies with decentralized markets where money is essential. I establish necessary and sufficient conditions under which money dies in finite time. A necessary condition is that the liquidity return of money grows unbounded as the value of money approaches zero. Under CRRA preferences, the longevity of money shrinks with the money growth rate and the frequency of liquidity needs, but it increases with seller’s market power. Money duration also depends on the strictness of legal restrictions and the rates of return of competing currencies. (JEL E31, E42, E51, E52, E62)"
American Economic Review,econ,https://openalex.org/W4409035887,https://doi.org/10.1257/aer.115.4.i,Front Matter,2025-03-31,,0,
American Economic Review,econ,https://openalex.org/W4409035912,https://doi.org/10.1257/aer.20220130,Weighted Linear Discrete Choice,2025-03-31,Christopher P. Chambers; Yusufcan Masatlıoĝlu; Paulo Natenzon; Collin Raymond,0,"We introduce a new model of stochastic choice that assigns each choice option a utility, along with a salience parameter reflecting economic frictions. We characterize our model behaviorally and investigate its comparative statics properties. We show that the model generates intuitive closed-form solutions in equilibrium settings where firms can choose price, quality, and advertising. In addition, we show that the model allows for flexible substitution patterns and changes in market shares across choice sets. We demonstrate that our model can be easily identified and can outperform alternatives in demand prediction. (JEL D11, D21, D43, M37)"
American Economic Review,econ,https://openalex.org/W4409963065,https://doi.org/10.1257/aer.20231304,When Do Nudges Increase Welfare?,2025-05-01,Hunt Allcott; Daniel Cohen; William H. Morrison; Dmitry Taubinsky,8,"We use public finance sufficient statistic approaches to characterize the welfare effects of “nudges,” such as simplified information and warning labels, in markets with taxes and endogenous prices. While many studies focus on average effects, we show that welfare also depends on how the nudge affects the variance of choice distortions, and average effects become irrelevant with zero pass-through or optimal taxes. We implement the framework with experiments evaluating automotive fuel economy labels and sugary drink health labels. Labels decrease purchases of low-fuel economy cars and sugary drinks but may decrease welfare because they increase the variance of choice distortions. (JEL D18, D62, D83, D91, H21, L62, L66)"
American Economic Review,econ,https://openalex.org/W4409963014,https://doi.org/10.1257/aer.20220276,Does Entry Remedy Collusion? Evidence from the Generic Prescription Drug Cartel,2025-05-01,Amanda Starc; Thomas Wollmann,6,"Entry represents a fundamental threat to cartels. We study the extent and effect of this behavior in the largest price-fixing case in US history, which involves generic drug manufacturing. We link information on the cartel’s internal operations to regulatory filings and market data. There is a substantial increase in entry after cartel formation, but regulatory approvals delay most entrants by two to four years. We estimate a structural model and simulate counterfactual equilibria. Absent entry, cartel profits would be dramatically higher. Correspondingly, reducing regulatory delays by just 1–2 years equates to consumer compensating variation of $612 million–$1.5 billion. (JEL L12, L13, L25, L51, L65, M31, O34)"
American Economic Review,econ,https://openalex.org/W4409963015,https://doi.org/10.1257/aer.20231612,Selling Subscriptions,2025-05-01,Liran Einav; Ben Klopack; Neale Mahoney,6,"We study one benefit to firms of selling subscriptions: the prospect that consumers will continue to pay for subscriptions they no longer value. We use comprehensive data from a large payment card network to document that months during which cards are replaced, when active renewal is required, are associated with much higher rates of cancellation. Using two stylized models of consumer inertia—driven by inattention or switching costs—we estimate that these cancellation frictions roughly double seller revenues on average, holding fixed initial subscribers. We use the estimated models to explore the impact of possible regulatory remedies. (JEL D12, D18, L81, L88)"
American Economic Review,econ,https://openalex.org/W4409963010,https://doi.org/10.1257/aer.20231067,Changing Tracks: Human Capital Investment after Loss of Ability,2025-05-01,Anders Humlum; Jakob Roland Munch; Pernille Plato,4,"We provide the first evidence on how workers invest in human capital after losing ability. Using quasi-random work accidents in Danish administrative data, we find that workers enroll in bachelor’s programs after physical injuries, pursuing degrees that build on their past training and experience. Exploiting institutional differences in the stackability of degrees, we find that higher education moves injured workers from disability benefits to full-time employment, earning 25 percent more than before injury. Reskilling subsidies for injured workers pay for themselves four times over, and current rates of reskilling are substantially below the social optimum, especially for middle-aged workers. (JEL I26, J14, J24, J62)"
American Economic Review,econ,https://openalex.org/W4409962861,https://doi.org/10.1257/aer.20230346,The Role of People versus Places in Individual Carbon Emissions,2025-05-01,Eva Lyubich,3,"There is substantial spatial heterogeneity in household carbon emissions. I leverage movers in two decades of administrative Decennial Census and American Community Survey data to estimate place effects—the amount by which carbon emissions change for the same household living in different places—for almost 1,000 cities and roughly 61,500 neighborhoods across the United States. I estimate that place effects account for 14–23 percent of overall heterogeneity. A change in neighborhood-level place effects from 1 standard deviation above the mean to 1 below would reduce household carbon emissions from residential energy and commuting by about 40 percent. (JEL D12, D15, L94, Q41, Q54, R11, R23)"
American Economic Review,econ,https://openalex.org/W4409963028,https://doi.org/10.1257/aer.20240226,How Do Mental Health Treatment Delays Impact Long-Term Mortality?,2025-05-01,Sydney Costantini,5,"With a growing mental health crisis and a shortage of behavioral health specialists, those seeking mental health treatment often face long wait times to obtain care. I study how clinic congestion affects mortality for veterans experiencing mental health emergencies. I find that longer waiting times make it more likely that patients miss their follow-up mental health visit, consequently increasing the probability that they permanently disengage from care. A 1 standard deviation increase in wait time between the emergency department visit and follow-up appointment date (11.7 days) increases two-year mortality by about 1.5 percent. (JEL H51, I12, I13, I18)"
American Economic Review,econ,https://openalex.org/W4409962852,https://doi.org/10.1257/aer.20230524,Efficiency in Household Decision-Making: Evidence from the Retirement Savings of US Couples,2025-05-01,Taha Choukhmane; Lucas Goodman; Cormac O’Dea,2,"We study how couples allocate retirement-saving contributions across each spouse’s account. In a new dataset covering over a million US individuals, we find retirement contributions are not allocated to the account with the highest employer match rate. This lack of coordination—which goes against the assumptions of most models of household decision-making—is common, costly, persistent over time, and cannot be explained by inertia, auto-enrollment, or simple heuristics. Complementing the administrative evidence with an online survey, we find that inefficient allocations reflect both financial mistakes as well as deliberate choices, especially when trust and commitment inside the households are weak. (JEL D13, G51, J26, J32)"
American Economic Review,econ,https://openalex.org/W4409963023,https://doi.org/10.1257/aer.20231529,Risk Aversion and Insurance Propensity,2025-05-01,Fabio Maccheroni; Mássimo Marinacci; Ruodu Wang; Qinyu Wu,2,"We provide a new foundation of risk aversion by showing that this attitude is fully captured by the propensity to seize insurance opportunities. In our main results, we first characterize Arrow-Pratt (1963–1964) risk aversion in terms of propensity to full insurance and the stronger notion of risk aversion of Rothschild and Stiglitz (1970) in terms of propensity to partial insurance. We then extend the analysis to comparative risk aversion by showing that the classical notion of Yaari (1969) corresponds to comparative propensity to full insurance, while the stronger notion of Ross (1981) corresponds to comparative propensity to partial insurance. (JEL D81, G22, G52)"
American Economic Review,econ,https://openalex.org/W4409963049,https://doi.org/10.1257/aer.115.5.1369,Presidential Address: Investing in Children to Address the Child Mental Health Crisis,2025-05-01,Janet Currie,2,"The child mental health crisis has been described as the “defining public health crisis of our time.” This article addresses three myths about the crisis: (i) the idea that the crisis is new; (ii) the belief that increases in youth suicide mainly reflect deterioration in children’s underlying mental health; and (iii) the myth that investments in children have little impact on children’s mental health. In fact, the crisis has existed for decades, youth suicides vary asynchronously with other mental health measures and are impacted by external factors such as firearms legislation, and investments can improve child mental health and prevent suicide. (JEL I12, I18, J13, J16)"
American Economic Review,econ,https://openalex.org/W4409962999,https://doi.org/10.1257/aer.115.5.i,Front Matter,2025-05-01,,0,
American Economic Review,econ,https://openalex.org/W4410897227,https://doi.org/10.1257/aer.20231246,Corporate Discount Rates,2025-05-30,Niels Joachim Gormsen; Kilian Huber,14,"We construct a dataset of firms’ discount rates (i.e., required returns to capital) and perceived cost of capital using corporate conference calls. The relation between discount rates and the cost of capital is far below the one-to-one mapping assumed in standard theory, as it takes many years for changes in the cost of capital to be incorporated into discount rates. This pattern leads to large and time-varying discount rate wedges that affect firm investment. Moreover, increasing discount rate wedges can account for the recent puzzle of “missing investment.” Cross-firm variation in market power and riskiness explains the evolution of wedges. (JEL D22, E43, G12, G31, G32)"
American Economic Review,econ,https://openalex.org/W4410897169,https://doi.org/10.1257/aer.115.6.1709,"Nobel Lecture: Institutions, Technology, and Prosperity",2025-05-30,Daron Acemoğlu,9,"This paper reviews the main motivations and arguments of my work on comparative development, colonialism, and institutional change, which was often carried out jointly with James Robinson and Simon Johnson. I then provide a simple framework to organize these ideas and connect them with my research on innovation and technology. The framework is centered around a utility-technology possibilities frontier, which delineates the possible distributions of resources in a society both for given technology and working via different technological choices. It highlights how various types of institutions, market structures, norms, and ideologies influence moves along the frontier and shifts of the frontier, and it provides a simple formalization of the social forces that lead to institutional persistence and those that can trigger institutional change. The framework also enables us to conceptualize how, during periods of disruption, existing—and sometimes quite small—differences can have amplified effects on prosperity and institutional trajectories. In this way, it suggests some parallels between different disruptive periods, including the onset of European colonialism, the spread (or lack thereof) of industrial technologies in the nineteenth century, and decisions related to the use, adoption, and development of AI today. (JEL D02, D72, E23, F54, O43)"
American Economic Review,econ,https://openalex.org/W4410897393,https://doi.org/10.1257/aer.20221650,Targeting Impact versus Deprivation,2025-05-30,Johannes Haushofer; Paul Niehaus; Carlos Paramo; Edward Miguel; Michael Walker,5,"A large literature has examined how best to target antipoverty programs to those most deprived in some sense (e.g., consumption). We examine the potential trade-off between this objective and targeting those most impacted by such programs. We work in the context of an NGO cash transfer program in Kenya, employing recent advances in machine learning methods and dynamic outcome data to learn proxy means tests that jointly target both objectives. Targeting solely on the basis of deprivation is not attractive in this setting under standard social welfare criteria unless the planner’s preferences are extremely redistributive. (JEL C45, D63, I31, I38, L31, O15)"
American Economic Review,econ,https://openalex.org/W4410897026,https://doi.org/10.1257/aer.20200374,"The Geographic Flow of Bank Funding and Access to Credit: Branch Networks, Synergies, and Local Competition",2025-05-30,Vı́ctor Aguirregabiria; Robert L. Clark; Wánɡ Huī,4,"Geographic dispersion of depositors, borrowers, and banks may prevent funding from flowing to high-loan-demand areas, limiting credit access. Using bank-county-year-level data, we provide evidence of geographic imbalance of deposits and loans and develop a methodology for investigating the contribution to this imbalance of branch networks, market power, and scope economies. Results are based on a novel measure of imbalance and estimation of a structural model of bank competition that admits interconnections across locations and between deposit and loan markets. Counterfactual experiments show branch networks, scope economies, and local competition affect credit flow to disadvantaged markets. (JEL C43, G21, G28, L13, R32)"
American Economic Review,econ,https://openalex.org/W4410897241,https://doi.org/10.1257/aer.20221499,Fiscal Policy and Credit Supply in a Crisis,2025-05-30,Diana Bonfim; Miguel A. Ferreira; Francisco Queiró; Sujiao Zhao,4,"We measure how cuts to public procurement propagate through the banking system in a financial crisis. During the European sovereign debt crisis, the Portuguese government cut procurement spending by 4.3 percent of GDP. We find that this cut saddled banks with nonperforming loans from government contractors, which led to a persistent reduction in credit supply to other firms. We estimate a bank-level elasticity of credit supply with respect to procurement demand of 2.5. In a general equilibrium model, our findings point to large effects of fiscal policy on credit supply and output in a crisis. (JEL E23, E44, E62, G01, G21, H57)"
American Economic Review,econ,https://openalex.org/W4410897231,https://doi.org/10.1257/aer.20231597,Optimal Security Design for Risk-Averse Investors,2025-05-30,Alex Gershkov; Benny Moldovanu; Philipp Strack; Mengxi Zhang,2,"We use the tools of mechanism design combined with the theory of risk measures to analyze how a cash-constrained owner of an asset with known, stochastic returns raises capital from a population of investors who differ in their risk aversion and budget constraints. The issuer partitions the asset’s cash flow into several asset-backed securities, one for each type of investor. The optimal partition conforms to the commonly observed practice of tranching into senior debt, junior debt, and equity. Tranching arises endogenously due to the differences in risk appetites among agents and in the budget constraints they face. (JEL D81, D82, G12, G41, G51)"
American Economic Review,econ,https://openalex.org/W4410897158,https://doi.org/10.1257/aer.20230758,Leaders in Social Movements: Evidence from Unions in Myanmar,2025-05-30,Laura Boudreau; Rocco Macchiavello; Virginia Minni; Mari Tanaka,3,"Social movements are catalysts for crucial institutional changes. To succeed, they must coordinate members’ views (consensus building) and actions (mobilization). We study union leaders within Myanmar’s burgeoning labor movement. Union leaders are positively selected on both ability and personality traits that enable them to influence others, yet they earn lower wages. In group discussions about workers’ views on an upcoming national minimum wage negotiation, randomly embedded leaders build consensus around the union’s preferred policy. In an experiment that mimics individual decision-making in a collective action setup, leaders increase mobilization through coordination. (JEL D91, J38, J51, O15)"
American Economic Review,econ,https://openalex.org/W4410897174,https://doi.org/10.1257/aer.115.6.1749,Nobel Lecture: The Institutional Origins of Shared Prosperity,2025-05-30,Simon Johnson,1,
American Economic Review,econ,https://openalex.org/W4410897027,https://doi.org/10.1257/aer.115.6.2093,Report of Independent Auditor,2025-05-30,,0,
American Economic Review,econ,https://openalex.org/W4410897362,https://doi.org/10.1257/aer.115.6.i,Front Matter,2025-05-30,,0,
American Economic Review,econ,https://openalex.org/W4410897429,https://doi.org/10.1257/aer.115.6.1787,Nobel Lecture: Paths to the Periphery,2025-05-30,James A. Robinson,0,"My research suggests that world inequality is explained by the incidence of extractive and inclusive institutions. But why do some countries have extractive institutions? I distinguish between two main reasons; first, power relations; second, the “normative order.” Normative orders provide justifications and legitimacy for institutions which may not generate prosperity, but may achieve other goals. These distinctions are critical because they create very different challenges in trying to make institutions more inclusive and create prosperity. I show how countries move from the economic periphery as a consequence of changing both. My own intellectual journey has been in the other direction, however, hence the title of the paper: I was fortunate to be born in Britain, but I have had to unlearn much of my own experience, socialization and training in order to see other societies on their own terms. That’s crucial to be able to help them, but also to learn from them. (JEL D02, D63, E23, K00, O43, Q32)"
American Economic Review,econ,https://openalex.org/W4411811828,https://doi.org/10.1257/aer.20231247,Mission Motivation and Public Sector Performance: Experimental Evidence from Pakistan,2025-06-30,Muhammad Yasir Khan,29,"This paper studies, through a randomized field experiment involving community health workers in Pakistan, if public sector organizations can improve worker performance by investing in their mission motivation. The findings reveal that training aimed at strengthening mission motivation improves workers' performance in their core responsibility of monthly household visits, as well as in multiple tasks performed during and outside these visits. This holistic improvement in performance leads to improved health outcomes for children in the communities served by these workers. These results highlight the importance of promoting organizational missions as a strategy to improve public sector performance in low-income countries. (JEL C93, I11, J13, J24, L31, M53, O12)"
American Economic Review,econ,https://openalex.org/W4411811737,https://doi.org/10.1257/aer.20231278,The Long-Run Effects of Government Spending,2025-06-30,Juan Drechsel Antolin-Diaz; Paolo Surico,24,"Military spending has large and persistent effects on output because it shifts the composition of public spending toward R&amp;D. This boosts innovation and private investment in the medium term and increases productivity and GDP at longer horizons. Public R&amp;D expenditure stimulates economic activities beyond the business cycle even when it is not associated with war spending. In contrast, the effects of public investment are shorter-lived, while public consumption has a modest impact at most horizons. We reach these conclusions using BVAR with long lags and 125 years of US data, including newly reconstructed series of government spending by main categories since 1890. (JEL E21, E22, E23, E62, H50, H56, O30)"
American Economic Review,econ,https://openalex.org/W4411811730,https://doi.org/10.1257/aer.20211811,Innovative Ideas and Gender (In)Equality,2025-06-30,Marlène Koffi,6,"This paper analyzes recognition of women's innovative ideas compared to men's using bibliometric data in economics, mathematics, and sociology. I establish similarities between papers to construct relevant counterfactual citations. On average, all-female papers receive 10 percent fewer citations than all-male papers, a disparity reduced by 40 percent when considering team sizes and disappearing in most fields with authors' publication records. Additionally, strong in-group preferences emerge: All-male teams omit more papers with women, and vice versa. Accounting for publication histories, female scholars are cited 0 percent (economics) to 11 percent (mathematics) less, with early-career women enduring a 9–14 percent citation penalty. (JEL A14, C45, I23, J16)"
American Economic Review,econ,https://openalex.org/W4411811710,https://doi.org/10.1257/aer.20240022,Home Price Expectations and Spending: Evidence from a Field Experiment,2025-06-30,Felix Chopra; Christopher Roth; Johannes Wohlfart,7,"We conduct a field experiment with US households to study how expectations about long-run home price growth shape spending decisions. We exogenously vary survey respondents' expectations by providing different expert forecasts. Homeowners' spending, measured using rich home-scanner data, is inelastic to home price expectations. By contrast, renters reduce their spending when expecting higher home price growth. These patterns reflect positive wealth effects for owners from higher future wealth and negative income effects for both groups due to higher future housing costs. Our study highlights consequences of asset price growth and long-term expectations about the economy for household behavior. (JEL C93, D12, D84, D91, G51, R31)"
American Economic Review,econ,https://openalex.org/W4411811698,https://doi.org/10.1257/aer.20230458,A Stepping Stone Approach to Norm Transitions,2025-06-30,Selim Gulesci; Sam Jindani; Eliana La Ferrara; David Smerdon; Munshi Sulaiman; Peyton Young,5,"We propose a model to study when an intermediate action can serve as a stepping stone that enables the elimination of a harmful norm. While the intermediate action may facilitate the first “step,” it may also become a new norm. We derive intuitive conditions for stepping stones, which depend on the relative size of social penalties and intrinsic utility benefits. We propose an econometric approach to testing whether an intermediate action is a stepping stone, and apply it to original data on female genital cutting in Somalia. The analysis shows that the intermediate action may become the new norm. (JEL I12, J16, O15, O17, Z13)"
American Economic Review,econ,https://openalex.org/W4411811716,https://doi.org/10.1257/aer.20230685,The Debt-Inflation Channel of the German (Hyper)Inflation,2025-06-30,Markus K. Brunnermeier; Sergio Correia; Stephan Luck; Emil Verner; Tom Zimmermann,5,"This paper studies how a large increase in the price level is transmitted to the real economy through firm balance sheets. Using newly digitized macro- and micro-level data from the German inflation of 1919–1923, we show inflation led to a large reduction in real debt burdens and bankruptcies. Firms with higher nominal liabilities at the onset of inflation experienced a larger decline in interest expenses, a relative increase in their equity values, and higher employment during the inflation. The results are consistent with real effects of a debt-inflation channel that operates even when prices and wages are flexible. (JEL D22, E23, E31, G32, N14, N24)"
American Economic Review,econ,https://openalex.org/W4411811712,https://doi.org/10.1257/aer.20230732,The End of Privilege: A Reexamination of the Net Foreign Asset Position of the United States,2025-06-30,Andrew Atkeson; Jonathan Heathcote; Fabrizio Perri,4,"The US net foreign asset position declined sharply after 2007, reaching negative 60 percent of GDP by the third quarter of 2023. This deterioration primarily reflects a US-specific rise in corporate asset values that inflated the value of US equity liabilities to the rest of the world. To interpret these trends, we develop an international macrofinance model of flows, stocks, asset valuations, the current account, and the net foreign asset position. We find that the welfare impact of rising asset values for a representative US household has been quite negative given extensive foreign ownership of US corporate equity. (JEL F32, F21, F40, G15)"
American Economic Review,econ,https://openalex.org/W4411811755,https://doi.org/10.1257/aer.20221561,Undergraduate Gender Diversity and the Direction of Scientific Research,2025-06-30,Francesca Truffa; Ashley Wong,4,"Can diversity lead to greater research focus on populations underrepresented in science? Between 1960 and 1990, 76 all-male US universities transitioned to coeducation. Using a generalized difference-in-differences design, we find that coeducation led to a 44 percent increase in gender-related research publications. This increase is driven by research focused on female subjects and gender differences. While coeducation led to a compositional shift with more women and researchers interested in gender topics, much of the increase comes from male incumbent researchers shifting their research focus toward gender-related topics. The results support interaction with more diverse students and peers as key underlying mechanisms. (JEL I23, J16, O31, O34)"
American Economic Review,econ,https://openalex.org/W4411811711,https://doi.org/10.1257/aer.115.7.i,Front Matter,2025-06-30,,0,
American Economic Review,econ,https://openalex.org/W4411811818,https://doi.org/10.1257/aer.20230947,Effects of Enhanced Legal Aid in Child Welfare: Evidence from a Randomized Trial of Mi Abogado,2025-06-30,Ryan Cooper; Joseph Doyle; Andrés Hojman,0,"Children spend years in foster care, and bureaucratic hurdles can unnecessarily prolong their stays. The Mi Abogado program was introduced in Chile to enhance legal aid for foster children and accelerate family reunification. In a novel approach, the Chilean government randomized the introduction of the program for children living in institutions to evaluate effects on child well-being. Using registry data, we find the program significantly reduced the duration of foster care without increasing subsequent maltreatment and placements. The exposure also decreased criminal justice involvement and improved school attendance. Results suggest that strengthening foster care services can cost-effectively improve child well-being. (JEL I21, I31, J13, K36, O15, O17)"
American Economic Review,econ,https://openalex.org/W4412788935,https://doi.org/10.1257/aer.20240276,"Power Flows: Transmission Lines, Allocative Efficiency, and Corporate Profits",2025-07-31,Catherine Hausman,9,"Accelerated investment in electricity transmission could reduce total costs and enhance renewable integration. I document static allocative inefficiencies induced by incomplete market integration in 2 major US markets; these have risen over time and totaled $2 billion in 2022. I also argue that estimating firm-level impacts is important, as incumbents may have the power to block new lines and other reforms. I show that 4 firms would have experienced a collective $1.3 billion drop in net revenues in 2022 had the market been integrated, and there are reports of some of these firms blocking transmission projects. (JEL D22, D24, L13, L94, Q42, Q48)"
American Economic Review,econ,https://openalex.org/W4412789318,https://doi.org/10.1257/aer.20220656,Direct and Indirect Effects of Investment Tax Incentives,2025-07-31,Adrian Lerche,3,"This paper estimates the direct effects and indirect spillover effects of investment tax credits on firms. Exploiting a differential tax credit rate change by firm size in the German manufacturing sector, I find that lowering a firm's investment cost by 7.6 percent increases its capital stock by 17.7 percent and employment by 12.0 percent. Positive local spillovers generate one additional manufacturing job for each directly created job, are strongest between firms in industries connected through input-output linkages, and arise within distances of five kilometers. Firms dependent on local consumer demand also increase employment, while within-industry spillovers generate small negative effects. (JEL D22, H25, H32, J23, L25, L60, R11)"
American Economic Review,econ,https://openalex.org/W4412789057,https://doi.org/10.1257/aer.20230971,From Retributive to Restorative: An Alternative Approach to Justice in Schools,2025-07-31,Anjali Adukia; Benjamin Feigenberg; Fatemeh Momeni,1,"School districts historically approached conflict resolution from the perspective that suspending disruptive students was necessary to protect their classmates, even if this caused harm to perceived offenders. Restorative practices (RP)—focusing on reparation, accountability, and shared ownership of disciplinary justice—are designed to address undesirable behavior without harming students. We study Chicago Public Schools’ adoption of RP and find that suspensions and arrests decreased, driven by effects for Black students. We find null effects on test score value added, ruling out meaningful average declines. We estimate a 15 percent decrease in out-of-school arrests, consistent with RP substantively changing student behavior. (JEL D63, D74, D91, I21, I28, J15, J16)"
American Economic Review,econ,https://openalex.org/W4412789326,https://doi.org/10.1257/aer.20230195,Employers and Unemployment Insurance Take-Up,2025-07-31,Marta Lachowska; Isaac Sorkin; Stephen A. Woodbury,4,"We quantify the employer's role in unemployment insurance (UI) take-up. Employer effects on claiming and appeals are substantial, and those effects are negatively correlated, consistent with appeals deterring claims. Low-wage workers are less likely to claim and more likely to have their claims appealed than median-wage workers. Employer effects help explain these income gradients, so equalizing employer effects on claiming would increase the progressivity of UI. Finally, the main source of targeting error in UI is that eligible workers do not claim. (JEL J22, J31, J63, J64, J65)"
American Economic Review,econ,https://openalex.org/W3177440556,https://doi.org/10.1257/aer.20200678,Monopsony and Employer Misoptimization Explain Why Wages Bunch at Round Numbers,2025-07-31,Arindrajit Dubé; Alan Manning; Suresh Naidu,2,"We show that administrative hourly wage data exhibit considerable bunching at round numbers. We run two experiments randomizing wages around $0.10 and $1.00 to experimentally measure left-digit bias for identical tasks on Amazon Mechanical Turk; we fail to find any evidence of discontinuity in the labor supply function at round numbers despite estimating a considerable degree of monopsony. We replicate these results in administrative worker-firm hourly wage data from Oregon. We can rule out inattention estimates found in the behavioral product market literature. We provide evidence that firms “misoptimize” wage setting. More monopsony requires less employer misoptimization to explain bunching. (JEL D22, J22, J31, J42)"
American Economic Review,econ,https://openalex.org/W4412789100,https://doi.org/10.1257/aer.20241305,The Negligible Effect of Free Contraception on Fertility: Experimental Evidence from Burkina Faso,2025-07-31,Pascaline Dupas; Seema Jayachandran; Adriana Lleras‐Muney; Pauline Rossi,2,"We conducted a randomized trial among 14,545 households in rural Burkina Faso to test the oft-cited hypothesis that limited access to contraception is an important driver of high fertility rates in West Africa. We do not find support for this hypothesis. Women who were given free access to modern contraception for three years did not have lower birth rates; we can reject even modest effects. We cross-randomized additional interventions to address inefficiencies that might depress demand for free contraception, specifically misperceptions about the child mortality rate and social norms. Free contraception did not significantly influence fertility even in combination with these interventions. (JEL D12, J13, J16, J18, O12)"
American Economic Review,econ,https://openalex.org/W4412789094,https://doi.org/10.1257/aer.20230983,Monetary Policy and Rational Asset Price Bubbles: Comment,2025-07-31,Franklin Allen; Gadi Barlevy; Douglas Gale,1,"Galí (2014) showed that a monetary policy rule that raises rates when bubbles exceed some steady-state benchmark can paradoxically lead to larger deviations from steady state. Nevertheless, this comment shows that a central bank can always dampen a bubble by setting a higher-than-expected rate, although it may have to raise the rate aggressively. This is a different point from the Miao, Shen, and Wang (2019) comment on Galí (2014). They showed that when the central bank targets a different steady state than Galí considered, raising rates when bubbles exceed this alternative benchmark leads to smaller deviations from steady state. (JEL E13, E32, E44, E52, G12)"
American Economic Review,econ,https://openalex.org/W4412788948,https://doi.org/10.1257/aer.20231130,Cursed Sequential Equilibrium,2025-07-31,Meng-Jhang Fong; Po-Hsuan Lin; Thomas R. Palfrey,1,"This paper develops a framework to extend the strategic form analysis of cursed equilibrium (CE) developed by Eyster and Rabin (2005) to multistage games. The approach uses behavioral strategies rather than normal form mixed strategies and imposes sequential rationality. We define and characterize properties of cursed sequential equilibrium (CSE) and apply it to four canonical economic applications: signaling games, reputation building, durable goods monopoly, and the dirty faces game. These applications illustrate various implications of CSE, show how and why it differs from sequential equilibrium and CE, and provide evidence from laboratory experiments that support the empirical relevance of CSE. (JEL C72, C73, D42, D82, D83)"
American Economic Review,econ,https://openalex.org/W4412789040,https://doi.org/10.1257/aer.115.8.i,Front Matter,2025-07-31,,0,
American Economic Review,econ,https://openalex.org/W4412789051,https://doi.org/10.1257/aer.20220673,Robustness Measures for Welfare Analysis,2025-07-31,Zi Yang Kang; Shoshana Vasserman,0,"Economists routinely make functional form assumptions on demand curves to derive welfare conclusions. How sensitive are these conclusions to such assumptions? In this paper, we develop robustness measures that quantify the extent to which the true demand curve must deviate from common functional form assumptions in order to overturn a welfare conclusion. We parametrize this variability in terms of the gradient and curvature of the demand curve. By leveraging tools from information design, we show that our measures are easy to compute. Our measures are also flexible and easy to use, as we illustrate through empirical applications. (JEL D01, D60, F13, H55, Q48)"
American Economic Review,econ,https://openalex.org/W4412789288,https://doi.org/10.1257/aer.20231356,Underbidding for Oil and Gas Tracts,2025-07-31,Julien Martin; Martin Pesendorfer; J.D. Shannon,0,"Common values auction models, where bidder decisions depend on noisy signals of common values, provide predictions about Bayesian Nash equilibrium (BNE) outcomes. In settings where these common values can be estimated, these predictions can be tested. We propose a series of tests, robust to assumptions about the signal structure, to determine whether the observed data could have been generated by a Bayesian Nash equilibrium. In the setting of oil and gas lease auctions in New Mexico, we find evidence that participation decisions are correlated and that participants systematically underbid in light of ex post outcomes. (JEL D44, D82, L12, L71, Q35)"
American Economic Review,econ,https://openalex.org/W4412789367,https://doi.org/10.1257/aer.20231045,Keep Your Enemies Closer: Strategic Platform Adjustments during US and French Elections,2025-07-31,Rafael Di Tella; Randy Kotti; Caroline Le Pennec; Vincent Pons,0,"We study changes in political discourse during campaigns, using a novel dataset of candidate websites for US House elections, 2002–2016, and manifestos for French parliamentary and local elections, 1958–2022. We find that candidates move to the center in ideology and rhetorical complexity between the first round (or primary) and the second round (or general election). This convergence reflects candidates’ strategic adjustment to their opponents, as predicted by Downsian competition: Using an RDD we show that candidates converge to the platform of opponents who narrowly qualified for the last round as opposed to those who narrowly failed to qualify. (JEL D72, D83, D91)"
American Economic Review,econ,https://openalex.org/W4413791036,https://doi.org/10.1257/aer.20220540,Moonshot: Public R&amp;D and Growth,2025-08-28,Shawn Kantor; Alexander Whalley,9,"We estimate the long-term effect of public R&amp;D on growth in manufacturing by analyzing new data from the Cold War–era space race. We develop a novel empirical strategy that leverages US-Soviet rivalry in space technology to isolate windfall R&amp;D spending. Our results demonstrate that public R&amp;D conducted by NASA contractors increased manufacturing value added, employment, and capital accumulation in space-related sectors. While migration responses were important, they were not sufficient to generate a wedge between local and national effects. The iconic moonshot R&amp;D program had only modest economic effects for both the local and national space-related sectors. (JEL E22, H54, L60, N12, N42, N62, O47)"
American Economic Review,econ,https://openalex.org/W4413790742,https://doi.org/10.1257/aer.20220577,Imperfect Competition and Rents in Labor and Product Markets: The Case of the Construction Industry,2025-08-28,Kory Kroft; Yao Luo; Magne Mogstad; Bradley Setzler,5,"We develop, identify, and estimate a model of imperfect competition in both labor and product markets. Our context is the US construction industry, where firms compete for workers, private market projects, and government procurements. Our empirical approach leverages bidding data from procurement auctions linked to employer-employee tax records. We find imperfect competition in both markets generates a total wage markdown of more than 30 percent and a total price markup of around 45 percent. By contrast, if one erroneously assumed a perfectly competitive product (labor) market, then one would conclude wages (prices) are marked down (up) by only 20 percent (16 percent). (JEL D21, D24, H76, J31, L13, L74)"
American Economic Review,econ,https://openalex.org/W4413790833,https://doi.org/10.1257/aer.20240010,A Model of Populism as a Conspiracy Theory,2025-08-28,Ádám Szeidl; Ferenc Szücs,4,"We model populism as the dissemination of a false “alternative reality,” according to which the intellectual elite conspires against the populist for purely ideological reasons. If enough voters are receptive to it, this alternative reality—by discrediting the elite's truthful message—reduces political accountability. Elite criticism, because it is more consistent with the alternative reality, strengthens receptive voters' support for the populist. Alternative realities are endogenously conspiratorial to resist evidence better. Populists, to leverage or strengthen beliefs in the alternative reality, enact harmful policies that may disproportionately harm the non-elite. These results explain previously unexplained facts about populism. (JEL D72, D82, D83)"
American Economic Review,econ,https://openalex.org/W4413791624,https://doi.org/10.1257/aer.20230761,Is Air Pollution Regulation Too Lenient? Evidence from US Offset Markets,2025-08-28,Joseph Shapiro; Reed Walker,4,"We develop a framework to estimate the marginal cost of air pollution regulation and apply it to assess policy efficiency. We exploit a provision of the Clean Air Act that requires new plants to pay incumbent facilities to reduce emissions. This “offset” policy creates hundreds of local pollution markets, differing by pollutant and location. Theory and transaction data suggest that offset prices reveal marginal abatement costs. We compare these prices to marginal benefits of pollution reduction estimated using leading air quality models and find that, on average, marginal benefits exceed marginal costs by more than a factor of ten. (JEL D61, H23, K32, Q52, Q53, Q58)"
American Economic Review,econ,https://openalex.org/W4413790712,https://doi.org/10.1257/aer.20230455,Nested Bundling,2025-08-28,Frank Yang,4,"A nested bundling strategy creates menus in which more expensive bundles include all the goods of less expensive ones. We study when nested bundling is optimal and determine which nested menu is optimal, when consumers differ in one dimension. We define a partial order on bundles by (i) set inclusion and (ii) sales quantity when sold alone. We show that, under quasi-concavity assumptions, if the undominated bundles with respect to this partial order are nested, then nested bundling is optimal. We present an iterative algorithm that identifies the minimal optimal menu consisting of a subset of the undominated bundles. (JEL D11, D21, D42, D82, M31)"
American Economic Review,econ,https://openalex.org/W4413790689,https://doi.org/10.1257/aer.20231725,Market-Wide Predictable Price Pressure,2025-08-28,Samuel M. Hartzmark; David H. Solomon,3,"We demonstrate that predictable uninformed cash flows forecast aggregate market stock returns. Buying pressure from dividend payments (announced weeks prior) predicts higher value-weighted market returns, with returns for the top quintile of payment days four times higher than the lowest. This holds internationally and increases when reinvestment is high and market liquidity is low. We estimate a market-level price multiplier of 1.9. These results suggest price pressure is a widespread result of flows, not an anomaly. (JEL G12, G14, G35)"
American Economic Review,econ,https://openalex.org/W4413791031,https://doi.org/10.1257/aer.20230490,"Labor Market Power, Self-Employment, and Development",2025-08-28,Francesco Amodio; Pamela Medina; Monica Morlacco,3,"This paper shows that self-employment shapes labor market power in low-income countries, with implications for industrial development. Using Peruvian data, we find that wage-setting power increases with employer concentration but less so where self-employment is more prevalent. A general equilibrium model shows that in oligopsonistic labor markets, self-employment raises the supply elasticity of wage labor, weakening employer market power. However, by the same mechanism, procompetitive policies aimed at expanding wage employment and reducing reliance on self-employment may unintentionally strengthen labor market power, undermining their objectives. (JEL J22, J23, J31, J42, L13, O14, O15)"
American Economic Review,econ,https://openalex.org/W4413790790,https://doi.org/10.1257/aer.20240119,Drivers of Change: Employment Responses to the Lifting of the Saudi Female Driving Ban,2025-08-28,Chaza Abou Daher; Erica Field; Kendal Swanson; Kate Vyborny,2,"We conduct a field experiment to quantify the impact of the lifting of the Saudi women's driving ban on women's employment by randomizing rationed spaces in driver's training. Treated women are 41 percent more likely to be employed yet are 19 percent less likely to be able to make purchases without family permission. Patterns of heterogeneous treatment effects reveal that these divergent impacts of access to driving are experienced by distinct subgroups of women. The results underscore the importance of intrahousehold responses that can counteract legal gains in women's freedoms. (JEL C93, D13, J16, J22, K38, O15, O17)"
American Economic Review,econ,https://openalex.org/W4413790562,https://doi.org/10.1257/aer.20240554,Micro versus Macro Labor Supply Elasticities: The Role of Dynamic Returns to Effort,2025-08-28,Henrik Kleven; Claus Thustrup Kreiner; Kristian Larsen; Jakob Egholt Søgaard,1,"We investigate long-run earnings responses to taxes in the presence of dynamic returns to effort. First, we develop a theoretical model of earnings determination with dynamic returns to effort. In this model, earnings responses are delayed and mediated by job switches. Second, using administrative data from Denmark, we verify our model's predictions about earnings and hours-worked patterns over the life cycle. Third, we provide a quasi-experimental analysis of long-run earnings elasticities. Informed by our model, the empirical strategy exploits variation among job switchers. We find that the long-run elasticity is around 0.5, considerably larger than the short-run elasticity of roughly 0.2. (JEL D31, H24, H31, J22, J31, J62)"
American Economic Review,econ,https://openalex.org/W4413790550,https://doi.org/10.1257/aer.115.9.i,Front Matter,2025-08-28,,0,
American Economic Review,econ,https://openalex.org/W4413790838,https://doi.org/10.1257/aer.20231293,The Long-Term Effects of Income for At-Risk Infants: Evidence from Supplemental Security Income,2025-08-28,Amelia Hawkins; Christopher Hollrah; Sarah Miller; Laura Wherry; Gloria Aldana; Mitchell D. Wong,0,"The Supplemental Security Income program uses a birth weight cutoff at 1,200 grams to determine eligibility. Using birth certificates linked to administrative records, we find low-income families of infants born just below the cutoff receive higher monthly cash benefits (equal to 27 percent of family income) at ages 0–2 with smaller benefits continuing through age 10. Yet we detect no improvements in health care use and mortality in infancy, nor in health and human capital outcomes as observed through young adulthood for these infants. We also find no improvements for their older siblings. (JEL I12, I13, I18, I38, J13, J14, J31)"
American Economic Review,econ,https://openalex.org/W4413791038,https://doi.org/10.1257/aer.20231407,Test-Optional Admissions,2025-08-28,Wouter Dessein; Alex Frankel; Navin Kartik,0,"Many US colleges now use test-optional admissions. A frequent claim is that by not seeing standardized test scores, a college can admit a student body it prefers, say, with more diversity. But how can observing less information improve decisions? This paper proposes that test-optional policies are a response to social pressure on admission decisions. We model a college that bears disutility when it makes admission decisions that “society” dislikes. Going test optional allows the college to reduce its “disagreement cost.” We analyze how missing scores are imputed and the consequences for the college, students, and society. (JEL I23, I28)"
American Economic Review,econ,https://openalex.org/W4414626379,https://doi.org/10.1257/aer.20211715,Do Credit Conditions Move House Prices?,2025-09-30,Daniel Greenwald; Adam Guren,13,"Did credit drive the 2000s housing cycle? The existing literature’s findings range from credit having no effect to credit explaining most of the cycle. We show that these disparate results hinge on the extent to which landlords absorb credit-driven demand, which depends on the degree of housing market segmentation. We develop a model that nests cases between the extremes of no segmentation and perfect segmentation typically considered, estimate an elasticity that pins down the degree of segmentation, and use it to calibrate our model. We find credit standards played an important role, explaining 32 percent to 53 percent of the boom. (JEL E32, E44, G51, R21, R31)"
American Economic Review,econ,https://openalex.org/W3201688646,https://doi.org/10.1257/aer.20230039,Treatment Effects in Market Equilibrium,2025-09-30,Evan Munro; Stefan Wager; Stefan Wager,4,"Policy-relevant treatment effect estimation in a marketplace setting requires assessing both the direct treatment benefit and spillovers induced by changes to the market equilibrium. We show how to identify and estimate policy-relevant treatment effects using a unit-randomized trial run within a single large market. A Bernoulli-randomized trial allows consistent estimation of direct effects and of treatment-heterogeneity measures that enable welfare-improving targeting. Estimating spillovers—and providing confidence intervals for the direct effect—requires estimates of price elasticities, which we provide using an augmented experimental design. We illustrate our results using a simulation calibrated to a conditional cash-transfer experiment in the Philippines. (JEL C21, C51, I32, I38, O15)"
American Economic Review,econ,https://openalex.org/W4414626490,https://doi.org/10.1257/aer.20211317,Consistent Evidence on Duration Dependence of Price Changes,2025-09-30,Fernando Álvarez; Kataŕına Borovičková; Robert Shimer,1,"We develop a linear GMM estimator of the discrete-time mixed proportional hazard (MPH) model of duration with an arbitrary distribution of unobserved heterogeneity. We allow for competing risks, observable characteristics, and censoring. We prove our estimator is consistent and apply it to the duration of price spells. We find substantial unobserved heterogeneity with economically meaningful implications for the response of output to a monetary policy shock in a model with time-dependent pricing rules and for the degree of state dependence in a model of price plans. (JEL C24, C41, E23, E31, E52, L11)"
American Economic Review,econ,https://openalex.org/W4414662272,https://doi.org/10.1257/aer.20231167,Monetary Policy and the Labor Market: A Quasi-experiment in Sweden,2025-09-30,John Coglianese; Maria Olsson; Christina Patterson,1,"We analyze a monetary quasi–experiment in Sweden from 2010–2011, when the Riksbank raised the interest rate substantially. We argue that this increase was beyond what labor market conditions warranted, driven instead by new concerns about financial stability. Using a battery of specifications that rule out domestic or international confounders, we show that this monetary tightening led to a substantial economic contraction, raising unemployment by 1–2 percentage points. Using administrative microdata, we find that sectors with nominal wage rigidity drove much of the response and that the monetary contraction was more regressive than the typical business cycle. (JEL E24, E32, E43, E52, E58)"
American Economic Review,econ,https://openalex.org/W4414626388,https://doi.org/10.1257/aer.20240401,"Apart but Connected: Online Tutoring, Cognitive Outcomes, and Soft Skills",2025-09-30,Michela Carlana; Eliana La Ferrara,3,"We study the Tutoring Online Program (TOP), where tutoring is entirely online and tutors are volunteer university students matched with underprivileged middle school students. We leverage random assignment to estimate effects during and after the pandemic (2020 and 2022), investigating channels of impact. Three hours of individual tutoring per week increased math performance by 0.22 SD in 2020 and 0.20 SD in 2022. Higher dosage yielded stronger effects, while group tutoring smaller effects. TOP enhanced students’ aspirations, socioemotional skills, and psychological well-being, but only during school closures. We also estimate the impact of TOP on tutors, finding an increase in empathy. (JEL I12, I21, I23, I26, I28)"
American Economic Review,econ,https://openalex.org/W4414626419,https://doi.org/10.1257/aer.20240151,Politics at Work,2025-09-30,Emanuele Colonnelli; Valdemar Pinho Neto; Edoardo Teso,3,"We study how individual political views shape firm behavior and labor market outcomes using new microdata from Brazil. We first show that business owners are considerably more likely to employ copartisan workers. This phenomenon is in part driven by the overlapping of political and social networks. Multiple tests—surveys, event studies, analyses of wage premia and promotions within the firm, and a field experiment—further highlight how business owners’ political preferences directly influence firms’ employment decisions. A channel of political discrimination appears more relevant than one of political quid pro quo between firms and politicians. (JEL C93, D22, D72, J23, M51, O17, Z13)"
American Economic Review,econ,https://openalex.org/W3152822056,https://doi.org/10.1257/aer.20202067,Place-Based Redistribution,2025-09-30,Cécile Gaubert; Patrick Kline; Damián Vergara; Danny Yagan,3,"We study optimal income taxation in a spatial equilibrium model with heterogeneous locational preferences, labor supply decisions, and competitive housing and labor markets. Expressions characterizing the optimal tax schedule in each community are provided that capture the fiscal externalities associated with migration and the effects of redistribution between households and landlords. Correlation between skill and locational preferences yields optimal transfers to poor areas, while sorting based on comparative advantage can motivate transfers in either direction. A calibration to areas targeted by the US Empowerment Zone program yields sizable optimal spatial transfers that are sensitive to assumed levels of migration responsiveness. (JEL H21, H23, H24, J24, J31, R23)"
American Economic Review,econ,https://openalex.org/W4414662257,https://doi.org/10.1257/aer.20231286,Diffusion of Reproductive Health Behavior through International Migration: Effects on Origin-Country Fertility,2025-09-30,Susan Godlonton; Caroline Theoharides,1,"International migrants may facilitate the transmission of ideas across countries. We examine the impact of migrant exposure to reproductive health policies on origin-country fertility in the Philippines. We exploit temporal variation in destination-country reproductive health policies combined with spatial variation across Philippine provinces in their migration intensity and historical composition of migrant destinations. Migrant exposure to more liberalized reproductive health policies reduces origin-community fertility. This reduction is driven by increased adoption of modern contraceptives. Visible policy changes, such as commercial advertising of contraceptives, lead to this change in behavior. Firmly established family planning values moderate the fertility response. (JEL D91, F22, I18, J13, O15, O18, Z13)"
American Economic Review,econ,https://openalex.org/W4414626409,https://doi.org/10.1257/aer.115.10.i,Front Matter,2025-09-30,,0,
American Economic Review,econ,https://openalex.org/W4414626496,https://doi.org/10.1257/aer.20200169,"Intermediated Asymmetric Information, Compensation, and Career Prospects",2025-09-30,Ron Kaniel; Dmitry Orlov,0,"Adverse selection benefits firms able to identify talent. An informed intermediary expropriates agents’ ability by threatening to fire and expose them to undervaluation of their skill. An agent’s track record gradually reduces intermediary’s information advantage. In response, the intermediary starts churning well-performing agents she knows are less skilled. The accelerated reduction in information advantage boosts profits, as retained agents accept below-reservation wages to build reputation faster. Agents prefer starting their careers working for an intermediary, as benefits from building reputation faster more than offset expropriation costs. Our analysis applies to professions where talent is essential and performance is publicly observable. (JEL D21, D82, J23, J24, J31, J63, M51)"
American Economic Review,econ,https://openalex.org/W4414662318,https://doi.org/10.1257/aer.20230463,The Value of Software,2025-09-30,Roberto Gómez-Cram; Alastair Lawrence,0,"Software is one of the most important assets that needs to be priced in the digital economy. It has emerged as a disruptive technology, with companies primarily valued for their software offerings growing from 2 percent to 13 percent of market share between 1996 and 2023. We document persistent anomalies in growth forecasts and stock returns for software companies, indicating significant deviations from rational expectations over multiple decades. Our findings are consistent with Bayesian investors gradually learning about software’s growing importance, highlighting how markets can be very slow to discern fundamental shifts from transient shocks in noisy data. (JEL D22, G12, G32, L14, L86)"
American Economic Review,econ,https://openalex.org/W4415700305,https://doi.org/10.1257/aer.20210881,Default Options and Retirement Saving Dynamics,2025-10-30,Taha Choukhmane,6,"Using data from over 100 US retirement plans and a representative UK panel, I document the impact of auto-enrollment (AE) on retirement savings at different horizons. I replicate the impact of AE on participation and contributions in the short run (at 12 months), but I show that these gains are attenuated over the medium run (at 36 months). At this longer horizon, the average savings increases are modest, though AE significantly lowers inequality in savings. To assess AE’s lifetime impact, I estimate a life cycle consumption-savings model that can fit the observed patterns with a switching cost of approximately $250, smaller than previous estimates. (JEL D15, G51, J26, J32)"
American Economic Review,econ,https://openalex.org/W4415700286,https://doi.org/10.1257/aer.20231569,Anatomy of the Phillips Curve: Micro Evidence and Macro Implications,2025-10-30,Luca Gagliardone; Mark Gertler; Simone Lenzu; Joris Tielens,2,"We develop a bottom-up approach to estimate the slope of the primitive form of the New Keynesian Phillips curve, which features marginal cost as the real activity variable. Using quarterly micro data on prices, costs, and output, we estimate dynamic pass-through regressions that identify the slope as a function of primitive parameters. We find a high slope for the cost-based Phillips curve, which contrasts with the low estimates of the conventional output gap–based formulation found in the literature. We reconcile by showing that the output elasticity of marginal cost is low, at least during moderate inflation periods (e.g., pre-pandemic). (JEL C51, E12, E23, E31, E32, L60)"
American Economic Review,econ,https://openalex.org/W4415699610,https://doi.org/10.1257/aer.20221501,"Quid Pro Quo, Knowledge Spillovers, and Industrial Quality Upgrading: Evidence from the Chinese Auto Industry",2025-10-30,Jie Bai; Panle Jia Barwick; Shengmao Cao; Shanjun Li,3,"This paper studies the impact of quid pro quo (technology for market access) in facilitating knowledge spillovers and quality upgrading in the Chinese automobile industry. The identification strategy exploits within-product quality variation across a rich set of quality dimensions. We find affiliated domestic automakers adopt more similar quality strengths of their joint venture partners, consistent with knowledge spillovers. Additional analysis suggests worker flows and supplier networks mediate knowledge spillovers. Knowledge spillovers due to ownership affiliation under quid pro quo contributed 8.3 percent of the quality improvement experienced by affiliated domestic models from 2001 to 2014, relative to nonaffiliated domestic models. (JEL F23, L15, L24, L62, O14, O33, P23)"
American Economic Review,econ,https://openalex.org/W4415699607,https://doi.org/10.1257/aer.20231264,Borrowing and Spending in the Money: Debt Substitution and the Cash-Out Refinance Channel of Monetary Policy,2025-10-30,Elliot Anenberg; Therese C. Scharlemann; Eileen van Straelen,2,"We show that the strong negative effect of higher mortgage rates on cash-out refinancing reflects substitution into other borrowing products, not large changes in total new household borrowing. We exploit plausibly exogenous changes in interest rates due to unconventional monetary policy surprises to show that changes in cash-out and other borrowing are roughly offsetting. The elasticity of new household borrowing with respect to mortgage rates is low and varies little with the borrower’s outstanding mortgage rate. Our results suggest that the cash-out refinance channel of unconventional monetary policy is weak and not path dependent. (JEL E43, E52, G21, G51)"
American Economic Review,econ,https://openalex.org/W4415699635,https://doi.org/10.1257/aer.20240406,Distinguishing Causes of Neighborhood Racial Change: A Nearest-Neighbor Design,2025-10-30,Patrick Bayer; Marcus Casey; W. Ben McCartney; John Orellana-Li; Calvin Zhang,2,"We study neighborhood choice using a novel research design that contrasts the move rate of homeowners who receive a new different-race neighbor immediately next-door versus slightly farther away on the same block. This approach isolates a component of preferences directly attributable to neighbors’ identities. Both Black and White homeowners are more likely to move after receiving a new different-race neighbor. Findings are robust to additional controls (e.g., income) and alternative research designs. We find evidence of heterogeneity in responses, especially associated with housing density, which has implications for understanding contemporary neighborhood racial change and prospects for maintaining stable, integrated neighborhoods. (JEL D91, J15, R23, R31)"
American Economic Review,econ,https://openalex.org/W4415699637,https://doi.org/10.1257/aer.20240615,Managers and Public Hospital Performance,2025-10-30,Pablo Muñoz; Cristóbal Otero,1,"We study whether the quality of managers can affect public service provision in the context of public health. Using novel data from public hospitals in Chile, we show how the introduction of a competitive recruitment system and better pay for public hospital CEOs reduced hospital mortality by 8 percent. The effect is not explained by a change in patient composition. We find that the policy changed the pool of CEOs by displacing doctors with no management training in favor of CEOs who had studied management. Productivity improvements were driven by hospitals that recruited higher quality CEOs. (JEL D24, G34, I11, I18, J45, M54, O15)"
American Economic Review,econ,https://openalex.org/W4415700285,https://doi.org/10.1257/aer.20231531,International Trade Responses to Labor Market Regulations,2025-10-30,Mathilde Muñoz,1,"This paper demonstrates that labor market regulations, such as minimum wages or payroll taxes, shape trade competition in labor-intensive activities. I exploit data from a large European trade program where firms from different countries supply labor services at the same location but face different payroll taxes and minimum wage rules. Country case studies and model-consistent gravity estimates show large trade responses to tax and regulatory reforms, with an elasticity of trade in services to labor costs larger than one. The results imply that absent regulatory and fiscal harmonization, export competitiveness depends, in part, on domestic labor market policies. (JEL F14, F16, F42, H25, J22, J23, K31)"
American Economic Review,econ,https://openalex.org/W4415700289,https://doi.org/10.1257/aer.20230168,Nonlinear Pricing and Misallocation,2025-10-30,Gideon Bornstein; A. John Peter,1,"This paper studies the effect of nonlinear pricing on markups and misallocation. In a general equilibrium model in which firms are allowed to set a quantity-dependent pricing schedule, markup heterogeneity is not a sign of misallocation. Instead, we point to a new source of misallocation: high-taste consumers are allocated too much of each good, low-taste consumers too little. Using micro data from the retail sector, we show that nonlinear pricing is prevalent and quantify the model. Welfare losses from misallocation across consumers are substantially larger than those from misallocation across firms under linear pricing. (JEL D21, D24, D43, H25, J22, L13, L81)"
American Economic Review,econ,https://openalex.org/W4415699579,https://doi.org/10.1257/aer.115.11.i,Front Matter,2025-10-30,,0,
American Economic Review,econ,https://openalex.org/W4415699603,https://doi.org/10.1257/aer.20240669,Increasing Degree Attainment among Low-Income Students: The Role of Intensive Advising and College Quality,2025-10-30,A. C. Barr; Benjamin Castleman,0,"A college degree offers a pathway to economic mobility for low-income students. Using a multisite randomized controlled trial combined with administrative and survey data, we demonstrate that intensive advising during high school and college significantly increases bachelor’s degree attainment among lower-income students. We leverage unique data on preadvising college preferences and causal forest methods to show that these gains are primarily driven by improvements in initial enrollment quality. Our results suggest that strategies targeting college choice may be a more effective and efficient means of increasing degree attainment than those focused solely on affordability. (JEL G51, I21, I22, I23)"
American Economic Review,econ,https://openalex.org/W4415699609,https://doi.org/10.1257/aer.20220379,"A Preferred-Habitat Model of Term Premia, Exchange Rates, and Monetary Policy Spillovers",2025-10-30,Pierre‐Olivier Gourinchas; Walker Ray; Dimitri Vayanos,0,"We develop a two-country model in which currency and bond markets are populated by different investor clienteles, and segmentation is partly overcome by arbitrageurs with limited capital. Risk premia in our model are time-varying, connected across markets, and consistent with the empirical violations of uncovered interest parity and expectations hypothesis. Through risk premia, large-scale bond purchases lower domestic and foreign bond yields and depreciate the currency, and short-rate cuts lower foreign yields, with smaller effects than bond purchases. Currency returns are disconnected from long-maturity bond returns, and yet the currency market is instrumental in transmitting bond demand shocks across countries. (JEL E43, E44, E52, F31, G12, G15)"
American Economic Review,econ,https://openalex.org/W4415699634,https://doi.org/10.1257/aer.20180798,Just a Few Seeds More: The Value of Network Data for Diffusion,2025-10-30,Mohammad Akbarpour; Suraj Malladi; Amin Saberi,0,"Identifying the optimal set of individuals to first receive information (“seeds”) in a social network to maximize expected diffusion is a widely studied question in many settings. Several studies propose network-centrality-based heuristics to select seeds likely to increase diffusion. Here, we show that, for the classic independent cascade model of diffusion, either seeding a few more individuals at random can prompt a larger diffusion than optimal seeding or optimal seeding itself results in limited spread. These findings hold across a broad range of random networks and are supported by simulations on real-world networks. (JEL D83, D85, O12, O18, P25, P32, Z13)"
American Economic Review,econ,https://openalex.org/W4415700290,https://doi.org/10.1257/aer.20231765,The Trade-Off between Flexibility and Robustness in Instrumental Variables Analysis,2025-10-30,Ben Deaner,0,"In additive instrumental variables models, the robustness to some failure of instrumental validity or additive separability depends on the strength of a priori restrictions on the structural relationship between outcomes and treatments. I provide theoretical analysis of the problem, discuss the implications for empirical practice, and demonstrate with a numerical study calibrated on real-world data. (JEL C26, G51, H24, J13)"
American Economic Review,econ,https://openalex.org/W4416694490,https://doi.org/10.1257/aer.20231468,When Product Markets Become Collective Traps: The Case of Social Media,2025-11-26,Leonardo Bursztyn; Benjamin Handel; Rafael Jiménez-Durán; Christopher G. Roth,2,"Individuals might experience negative utility from not consuming a popular product. With such externalities to nonusers, standard consumer surplus measures, which take aggregate consumption as given, fail to appropriately capture consumer welfare. We propose an approach to account for these externalities and apply it to estimate consumer welfare from two social media platforms: TikTok and Instagram. Incentivized experiments with college students indicate positive welfare based on the standard measure but negative welfare when accounting for these nonuser externalities. Our findings high-light the existence of product market traps, where active users of a platform prefer it not to exist. (JEL D62, D83, D91, L82, Z13)"
American Economic Review,econ,https://openalex.org/W3134106046,https://doi.org/10.1257/aer.20211024,Gender Differences in Financial Advice,2025-11-26,Tabea Bucher‐Koenen; Andreas Hackethal; Johannes Koenen; Christine Laudenbach,12,"Based on data gathered from 27,000 real-world meetings between financial advisors and clients of a large German bank, we show that advisors offer more self-serving advice to women, while men are more likely to receive sales fee rebates and less likely to be recommended expensive in-house multi-asset (IHMA) funds. Additional client and advisor surveys provide evidence consistent with statistical discrimination based on gender as a proxy for client financial sophistication, with female clients exhibiting lower financial literacy, confidence, and price sensitivity. Moreover, female advisors report less confidence in their own professional skills and engage in less discrimination than male colleagues. (JEL D83, G21, G51, G53, J16, L84)"
American Economic Review,econ,https://openalex.org/W4416694482,https://doi.org/10.1257/aer.20230751,"Incentive Complexity, Bounded Rationality, and Effort Provision",2025-11-26,Johannes Abeler; David Huffman; Collin Raymond,2,"Using field and laboratory experiments, we demonstrate that the complexity of incentive schemes and worker bounded rationality can affect effort provision. This is because some attributes of the incentives become opaque; that is, workers do not take them into account. In our setting, workers overprovide effort relative to a fully rational benchmark, improving efficiency. We identify contract features, and facets of worker cognitive ability, that matter for opacity. We find that even relatively small degrees of opacity can cause large shifts in behavior. Our results illustrate important implications of complexity and bounded rationality for designing and regulating workplace incentive contracts. (JEL C90, D21, D91, J22, J31, J41)"
American Economic Review,econ,https://openalex.org/W4416694440,https://doi.org/10.1257/aer.20220308,A Goldilocks Theory of Fiscal Deficits,2025-11-26,Atif Mian; Ludwig Straub; Amir Sufi,1,"We develop a tractable framework for deficit and debt dynamics. A “free lunch” fiscal deficit—one that raises spending without higher future taxes—is sustainable without zero lower bound (ZLB) only when R &lt; G − φ, where φ is the sensitivity of the interest rate to the debt level. With the ZLB, both high and low deficits can increase debt, as the latter weaken demand and reduce nominal growth at the ZLB. A rise in income inequality expands fiscal space outside the ZLB, but contracts it at the ZLB. Calibrating the model, we find little space for “free lunch” policies for the United States in 2019, but significant space for Japan. (JEL D31, E23, E43, E62, H62, H63)"
American Economic Review,econ,https://openalex.org/W4416694441,https://doi.org/10.1257/aer.20201793,Downward Rigidity in the Wage for New Hires,2025-11-26,Jonathon Hazell; Bledi Taska,1,"Wage rigidity is an important explanation for unemployment fluctuations. In benchmark models wages for new hires are key, but there is limited evidence on this margin. We use wages posted on vacancies, with job and establishment information, to measure the wage for new hires. We show that our measure of the wage for new hires is rigid downward and flexible upward, in two steps. First, wages change infrequently at the job level, and fall especially rarely. Second, wages do not respond to rises in unemployment, but respond strongly to falls in unemployment. Job information is crucial for detecting downward rigidity. (JEL E24, E32, J23, J31, J63, M51)"
American Economic Review,econ,https://openalex.org/W3141633323,https://doi.org/10.1257/aer.20220665,Strategic Voting in Two-Party Legislative Elections,2025-11-26,Niall Hughes,0,"I study multidistrict legislative elections with two parties and two binary dimensions of policy. Strategic voters focus on the dimension where their district is most likely to be pivotal in the legislature. Anticipating this, candidates select different policies than they would in single-district elections. The final policy is (i) uniquely pinned down by voter preferences, (ii) preferred by a majority of districts on each dimension, and (iii) a Condorcet winner if one exists. These properties are not guaranteed in single-district elections. (JEL D71, D72, D81, D91)"
American Economic Review,econ,https://openalex.org/W4416694444,https://doi.org/10.1257/aer.20240339,Allocation Mechanisms with Mixture-Averse Preferences,2025-11-26,David Dillenberger; Uzi Segal,0,"Consider an economy with equal amounts of N types of goods, to be allocated to agents with strict quasi-convex preferences over lotteries. We show that ex ante, all Pareto-efficient allocations give almost all agents lotteries over at most two outcomes. Our results provide a simple criterion showing that many popular allocation mechanisms are ex ante inefficient. For the case of identical preferences, we establish existence of an efficient solution where all lotteries used are equally attractive. Assuming the reduction axiom, social welfare deteriorates by first randomizing over these binary lotteries. Efficient ex ante equality is achieved if agents satisfy the compound-independence axiom. (JEL D44, D61, D82)"
American Economic Review,econ,https://openalex.org/W4416694456,https://doi.org/10.1257/aer.20220948,Firm Responses and Wage Effects of Foreign Demand Shocks with Fixed Labor Costs and Monopsony,2025-11-26,Emmanuël Dhyne; Ayumu Ken Kikkawa; Toshiaki Komatsu; Magne Mogstad; Felix Tintelnot,0,"We quantify the firm responses and real wage effects of foreign demand shocks. We use Belgian microdata to construct firm-specific measures of demand shocks, which capture that firms pass on foreign demand shocks to domestic suppliers. Our estimates of firm responses to these shocks suggest that firms face upward-sloping labor supply curves and have sizable fixed labor costs. We specify a general equilibrium model with these features to quantify the aggregate effects of simulated tariff shocks on wages. We find that ignoring fixed labor costs substantially underestimates aggregate effects on wages, whereas incorporating upward-sloping labor supply appears less consequential. (JEL D22, F13, F16, J22, J31, J42, L25)"
American Economic Review,econ,https://openalex.org/W4416694464,https://doi.org/10.1257/aer.20231656,Changing Income Risk across the US Skill Distribution: Evidence from a Generalized Kalman Filter,2025-11-26,J. Carter Braxton; Kyle Herkenhoff; Jonathan Rothbaum; Lawrence Schmidt,0,"For whom has earnings risk changed, and why? We answer these questions by combining the Kalman filter and EM algorithm to estimate persistent and temporary earnings for every individual at every point in time. We apply our method to administrative earnings linked with survey data. We show that since the 1980s, persistent earnings risk rose by 12.5 percent for both employed and unemployed workers and the scarring effects of unemployment doubled. At the same time, temporary earnings risk declined. Using education and occupation codes, we show that rising persistent earnings risk is concentrated among high-skill workers and related to technology adoption. (JEL J22, J24, J31, J64)"
American Economic Review,econ,https://openalex.org/W4416694466,https://doi.org/10.1257/aer.20230582,First-Generation Elite: The Role of School Social Networks,2025-11-26,Sarah Cattan; Kjell G. Salvanes; Emma Tominey,0,"High school students from non-elite backgrounds are less likely to have peers with elite-educated parents than their elite counterparts. This difference in social capital is a key driver of the high intergenerational persistence in elite education. We identify a positive elite peer effect on enrollment in elite programs and labor market earnings, then disentangle underlying mechanisms. Exploiting a lottery in assessment, a causal mediation analysis shows the overall positive peer effect reflects a positive effect on application behavior (conditional on GPA). When considering income mobility, we find that further mixing between high school elite and non-elite students could improve mobility. (JEL D31, I21, I23, I24, J31, J62, Z13)"
American Economic Review,econ,https://openalex.org/W4416694475,https://doi.org/10.1257/aer.115.12.i,Front Matter,2025-11-26,,0,
American Economic Review,econ,https://openalex.org/W4416694477,https://doi.org/10.1257/aer.20201293,"Supply, Demand, Institutions, and Firms: A Theory of Labor Market Sorting and the Wage Distribution",2025-11-26,Daniel Haanwinckel,0,"This paper examines how workforce composition, labor demand, and minimum wage jointly determine wages through their effects on worker-task assignments, firm wage premiums, and firm-worker sorting. Using an estimated model of monopsonistic local labor markets, it finds that minimum wage hikes and labor demand shocks drove the decline in Brazilian wage inequality from 1998 to 2012. While rising educational attainment compressed skill premiums within firms, it also reallocated skilled workers to high-wage firms, limiting that shock’s effect on inequality. The analysis highlights interactions among exogenous factors, showing that concurrent supply and demand changes attenuated minimum wage impacts. (JEL J22, J23, J24, J31, J38, J42, R23)"
American Economic Review,econ,https://openalex.org/W4416694505,https://doi.org/10.1257/aer.20231679,An Equilibrium Analysis of the Effects of Neighborhood-Based Interventions on Children,2025-11-26,Eric Chyn; Diego Daruich,0,"This paper studies housing vouchers and urban redevelopment programs by incorporating neighborhood effects into a general equilibrium overlapping-generations model with endogenous location choice and child development. We calibrate the model using US data and estimate impacts of large-scale implementations of rental voucher and place-based subsidy policies. Our core finding is that vouchers generate long-run welfare gains by reducing inequality and generating skill improvements that offset higher taxation and other GE effects. Although vouchers lead to larger welfare gains on average, we find housing supply. (JEL D63, H24, J13, J24, R23, R31, R38)"
American Economic Review,econ,https://openalex.org/W3134434737,https://doi.org/10.1257/aer.20200108,The Opportunity Atlas: Mapping the Childhood Roots of Social Mobility,2025-12-31,Raj Chetty; John N. Friedman; Nathaniel Hendren; Maggie R. Jones; Sonya R. Porter,5,"We construct a public atlas of mean outcomes in adulthood by childhood census tract. Outcomes vary sharply across neighborhoods: For children whose parents earn $27,000, the standard deviation of mean household income in adulthood is $10,420 across tracts within counties. Only half the variation in outcomes is explained by traditional measures of neighborhood opportunity like poverty rates. Experimental and quasi-experimental estimates indicate 60 percent of the variation in outcomes across neighborhoods is driven by causal effects. We demonstrate how our statistics can be applied to better target policies to improve low-opportunity areas and help families move to affordable high-opportunity areas. (JEL G51, I32, I38, J12, R23)"
American Economic Review,econ,https://openalex.org/W3145661109,https://doi.org/10.1257/aer.20200042,Across-Country Wage Compression in Multinationals,2025-12-31,Jonas Hjort; Xuan Li; Heather Sarsons,2,"Many employers link wages at establishments outside of the home region to the level at headquarters. We show this using new data on 1,200 multinationals’ establishments across the world and linked employee-level data on their establishments in Brazil. Headquarters wage changes arising from minimum wage and exchange rate shocks are partially transmitted to workers employed in the same position abroad. Wage change transmission appears to be direct and results from firm-wide wage-setting procedures rather than associated technology or employment changes. “Anchored” wage setting is somewhat associated with particular characteristics of the job × employer × headquarters-establishment country-pair. (JEL F23, F31, J24, J31, J38, M16, O15)"
American Economic Review,econ,https://openalex.org/W7117662448,https://doi.org/10.1257/aer.20240461,Tying with Network Effects,2025-12-31,Jay Pil Choi; Doh-Shin Jeon; Michael D. Whinston,1,"We develop a leverage theory of tying in markets with network effects. When a monopolist in one market cannot perfectly extract surplus from consumers, tying can be a mechanism through which unexploited consumer surplus is used as a demand-side leverage to create a “quasi-installed base” advantage in another market characterized by network effects. Our mechanism does not require any precommitment to tying; rather, tying emerges as a best response that lowers the quality of tied-market rivals. While tying can lead to exclusion of tied-market rivals, it can also expand use of the tying product, leading to ambiguous welfare effects. (JEL D41, D85, K21, L15, L40)"
American Economic Review,econ,https://openalex.org/W7117741318,https://doi.org/10.1257/aer.20211217,Risk Preferences and Field Behavior: The Relevance of Higher-Order Risk Preferences,2025-12-31,Sebastian O. Schneider; Matthias Sutter,1,"Using new methods, we measure the intensities of higher-order risk preferences (prudence and temperance) in an incentivized experiment with 658 adolescents. Aligned with theory, we find that higher-order risk preferences are strongly related to field behavior, including prevention, health, addictive behavior, and financial decision-making. Most importantly, we show that ignoring prudence and temperance can yield misleading conclusions about the relation of risk preferences to field behavior, and that survey measures of risk tolerance often relate to field behavior because they capture higher-order risk preferences. (JEL C83, D81, D91, J13)"
American Economic Review,econ,https://openalex.org/W7117761913,https://doi.org/10.1257/aer.20231394,Sequential Learning under Informational Ambiguity,2025-12-31,Jaden Yang Chen,1,"This paper investigates a sequential social learning problem in which individuals face ambiguity about others’ signal structures and have max-min expected utility preferences, thereby exhibiting ambiguity aversion. Unlike previous findings, which suggest that learning outcomes depend on the specifics of the learning environment, this study establishes information cascades as a robust outcome under ambiguity. With sufficient ambiguity, cascades arise almost surely, regardless of the statistical properties of signal structures. Moreover, standard results predicting the absence of cascades can easily break down: Even minimal ambiguity can trigger cascades when signals are bounded and lead to incorrect herding when signals are unbounded. (JEL D81, D82, D83)"
American Economic Review,econ,https://openalex.org/W7117670261,https://doi.org/10.1257/aer.20231104,Monotonicity among Judges: Evidence from Judicial Panels and Consequences for Judge IV Designs,2025-12-31,Henrik Sigstad,0,"Judge IV designs rely on monotonicity—each judge being weakly stricter than more lenient judges in all cases. I measure monotonicity in judicial panels in five different settings and find that it is violated in up to 50 percent of nonunanimous cases. The monotonicity violations are not detected by conventional tests, but they would typically induce little bias in judge IV estimates. (JEL C26, K41, K42, O17)"
American Economic Review,econ,https://openalex.org/W7117713097,https://doi.org/10.1257/aer.20231018,Monetary Cooperation during Global Inflation Surges,2025-12-31,Luca Fornaro; Federica Romei,0,"We study optimal monetary policy during times of global scarcity of tradable goods. The optimal monetary response entails a surge in inflation, which helps rebalance production toward the tradable sector. While the inflation costs are fully borne domestically, however, the gains in terms of higher supply of tradable goods partly spill over to the rest of the world. National central banks may thus fall into a coordination trap and implement an excessively tight monetary policy causing an unnecessarily sharp global contraction. (JEL E24, E31, E32, E52, F11, F31, F42)"
American Economic Review,econ,https://openalex.org/W7117748981,https://doi.org/10.1257/aer.116.1.i,Front Matter,2025-12-31,,0,
Econometrica,econ,https://openalex.org/W2612538112,https://doi.org/10.3982/ecta18063,Private Information and Price Regulation in the US Credit Card Market,2025-01-01,Scott T. Nelson,84,"The 2009 CARD Act limited credit card lenders' ability to raise borrowers' interest rates on the basis of new information. Pricing became less responsive to public and private signals of borrowers' risk and demand characteristics, and price dispersion fell by one‐third. I estimate the efficiency and distributional effects of this shift toward more pooled pricing. Prices fell for high‐risk and price‐inelastic consumers, but prices rose elsewhere in the market and newly exceeded willingness to pay for over 30% of the safest subprime borrowers. On net, average traded prices fell and consumer surplus rose at all credit scores. Higher consumer surplus was partly driven by a fall in lender profits, and partly by the Act's insurance value to borrowers who could retain favorable pricing after adverse changes to their default risk. The relatively high level of pre‐CARD‐Act markups was crucial for realizing these surplus gains."
Econometrica,econ,https://openalex.org/W4406965358,https://doi.org/10.3982/ecta22764,Tell Me Something I Don't Already Know: Learning in Low‐ and High‐Inflation Settings,2025-01-01,Michael Weber; Bernardo Candia; Hassan Afrouzi; Tiziano Ropele; Rodrigo Lluberas; Serafín Frache; Brent Meyer; Saten Kumar; Yuriy Gorodnichenko; Dimitris Georgarakos; Olivier Coibion; Geoff Kenny; Jorge Ponce,54,"Using randomized control trials (RCTs) applied over time in different countries, we study whether the economic environment affects how agents learn from new information. We show that as inflation rose in advanced economies, both households and firms became more attentive and informed about publicly available news about inflation, leading them to respond less to exogenously provided information about inflation and monetary policy. We also study the effects of RCTs in countries where inflation has been consistently high (Uruguay) and low (New Zealand) as well as what happens when the same agents are repeatedly provided information in both low‐ and high‐inflation environments (Italy). Our results broadly support models in which inattention is an endogenous outcome that depends on the economic environment."
Econometrica,econ,https://openalex.org/W4406965375,https://doi.org/10.3982/ecta21466,"Minimum Wages, Efficiency, and Welfare",2025-01-01,David Berger; Kyle Herkenhoff; Simon Mongey,19,"Many argue that minimum wages can prevent efficiency losses from monopsony power. We assess this argument in a general equilibrium model of oligopsonistic labor markets with heterogeneous workers and firms. We decompose welfare gains into an efficiency component that captures reductions in monopsony power and a redistributive component that captures the way minimum wages shift resources across people. The minimum wage that maximizes the efficiency component of welfare lies below $8.00 and yields gains worth less than 0.2% of lifetime consumption. When we add back in Utilitarian redistributive motives, the optimal minimum wage is $11 and redistribution accounts for 102.5% of the resulting welfare gains, implying offsetting efficiency losses of −2.5%. The reason a minimum wage struggles to deliver efficiency gains is that with realistic firm productivity dispersion, a minimum wage that eliminates monopsony power at one firm causes severe rationing at another. These results hold under an EITC and progressive labor income taxes calibrated to the U.S. economy."
Econometrica,econ,https://openalex.org/W4410940418,https://doi.org/10.3982/ecta21394,Location Sorting and Endogenous Amenities: Evidence From Amsterdam,2025-01-01,Milena Almagro; Tomás Domínguez-Iino,16,"This paper shows the endogeneity of amenities plays a crucial role in determining the welfare distribution of a city's residents. We quantify this mechanism by building a dynamic model of residential choice with heterogeneous households, where consumption amenities are the equilibrium outcome of a market for non‐tradables. We estimate our model using Dutch microdata and leveraging variation in Amsterdam's spatial distribution of tourists as a demand shifter, finding significant heterogeneity in residents' preferences over amenities and in the supply responses of amenities to changes in demand composition. This two‐way heterogeneity dictates the degree of horizontal differentiation across neighborhoods, residential sorting, and inequality. Finally, we show the distributional effects of mass tourism depend on this heterogeneity: following rent increases due to growing tourist demand for housing, younger residents—whose amenity preferences are closest to tourists—are compensated by amenities tilting in their favor, while the losses of older residents are amplified."
Econometrica,econ,https://openalex.org/W4392891131,https://doi.org/10.3982/ecta18838,Personalized Pricing and the Value of Time: Evidence From Auctioned Cab Rides,2025-01-01,Nicholas Buchholz; Laura Doval; Jakub Kastl; Filip Matějka; Tobias Salz,10,"We recover valuations of time using detailed data from a large ride‐hail platform, where drivers bid on trips and consumers choose between a set of rides with different prices and wait times. Leveraging a consumer panel, we estimate demand as a function of both prices and wait times and use the resulting estimates to recover heterogeneity in the value of time across consumers. We study the welfare implications of personalized pricing and its effect on the platform, drivers, and consumers. Taking into account drivers' optimal reaction to the platform's pricing policy, personalized pricing lowers consumer surplus by 2.5% and increases overall surplus by 5.2%. Like the platform, drivers benefit from personalized pricing. By conditioning prices on drivers' wait times and not on consumers' data, the platform can capture a significant portion of the profits garnered from personalized pricing, and simultaneously benefit consumers."
Econometrica,econ,https://openalex.org/W4414150919,https://doi.org/10.3982/ecta20153,Can Trade Policy Mitigate Climate Change?,2025-01-01,Farid Farrokhi; Ahmad Lashkaripour,9,"Trade policy is often cast as a solution to the free‐riding problem in international climate agreements. This paper examines the extent to which trade policy can deliver on this promise. We incorporate global supply chains of carbon and climate externalities into a multi‐country, multi‐industry general equilibrium trade model. By deriving theoretical formulas for optimal carbon and border taxes, we quantify the maximum efficacy of two trade policy solutions to the free‐riding problem. Adding optimal carbon border taxes to existing tariffs proves largely ineffective, delivering only 3.4% of what could be achieved under globally optimal carbon pricing. In contrast, Nordhaus's (2015) climate club framework, in which border taxes are used as contingent penalties to deter free‐riding, can achieve 33–68% of the globally optimal carbon reduction, depending on the initial coalition (EU, EU + US, or EU + US + China). In all cases, the climate club ensures universal compliance, thereby preserving free trade."
Econometrica,econ,https://openalex.org/W4408885629,https://doi.org/10.3982/ecta20574,People Are More Moral in Uncertain Environments,2025-01-01,Yi‐Ting Chen; Songfa Zhong,8,We conduct a series of experiments and document a robust behavioral pattern whereby people behave more morally in uncertain environments than degenerate deterministic ones. We show that this pattern is weakened when the moral implication of behavior is diminished or when uncertainty pertains to others rather than oneself. These findings are incompatible with standard models that respect dominance. We propose a mechanism based on the anxiety aspect of uncertain environments whereby people act morally as if their moral behavior can help deliver a better outcome. We further delve into the complexity aspect of uncertainty to arrive at a more comprehensive understanding of these findings.
Econometrica,econ,https://openalex.org/W4412645111,https://doi.org/10.3982/ecta20046,Contract Labor and Establishment Growth in India,2025-01-01,Marianne Bertrand; Chang‐Tai Hsieh; Nick Tsivanidis,7,"India's Industrial Disputes Act (IDA) requires large manufacturing plants to pay substantial costs if they wish to shrink their workforce. Since the early 2000s, these large plants have dramatically increased their use of contract workers who are not subject to these regulatory constraints. Between 2000 and 2015, the contract labor share in non‐managerial employment nearly doubled at establishments with more than 100 workers (from 21 to 40 percentage points), while it only increased from 14 to 17 percentage points at establishments with less than 50 workers. Over the same period, the thickness of the right tail of the establishment size distribution in formal Indian manufacturing plants increased, the average product of labor at large plants declined, the job creation rate for large plants increased, and the probability that large plants introduced new products rose. We argue that these changes were caused by the increased adoption of contract labor. In a model of establishment growth subject to firing costs, we show that easing access to contract labor increased TFP in Indian manufacturing by 7.3% since the early 2000s, occurring all through a one‐time reduction in misallocation between large and small plants with negligible change in the long‐run growth rate."
Econometrica,econ,https://openalex.org/W4414151078,https://doi.org/10.3982/ecta19106,Who Benefits From Surge Pricing?,2025-01-01,J. C. Castillo,6,"New technologies have recently led to a boom in real‐time pricing. I study the most salient example, surge pricing in ride hailing. Using data from Uber, I develop an empirical model of spatial equilibrium to measure the welfare effects of surge pricing. The model is composed of demand, supply, and a matching technology. It allows for temporal and spatial heterogeneity as well as randomness in supply and demand. I find that, relative to a uniform pricing counterfactual in which Uber sets the overall price level, surge pricing increases total welfare by 2.15% of gross revenue. Welfare effects differ substantially across sides of the market: rider surplus increases by 3.57% of gross revenue, whereas driver surplus and the platform's current profits decrease by 0.98% and 0.50% of gross revenue, respectively. Riders at all income levels benefit. Among drivers, those who work long hours are hurt the most, especially women."
Econometrica,econ,https://openalex.org/W4414150910,https://doi.org/10.3982/ecta19699,"Rural Pensions, Labor Reallocation, and Aggregate Income: An Empirical and Quantitative Analysis of China",2025-01-01,Qingen Gai; Naijia Guo; Bingjing Li; Qinghua Shi; Xiaodong Zhu,4,"We exploit the implementation of a rural pension policy in China to estimate the average rural‐to‐urban migration cost for workers affected by the policy and the average underlying sectoral productivity difference. Our estimates, based on a large panel data set, reveal significant migration costs and substantial sectoral productivity differences, with sorting playing a minor role in accounting for sectoral labor income gaps. We construct and structurally estimate a general equilibrium household model with endogenous labor supply and migration. The results of this model align with the reduced‐form findings and illustrate how the rural pension policy influences migration, GDP, and welfare through improving within‐household labor allocation. Counterfactual analyses based on the model show that the positive effects of the policy remain even if migration costs were significantly lower, and that scaling up the rural pension policy would lead to even larger improvements in labor allocation, GDP, and welfare."
Econometrica,econ,https://openalex.org/W3210362597,https://doi.org/10.3982/ecta20125,How Well Does Bargaining Work in Consumer Markets? A Robust Bounds Approach,2025-01-01,Joachim Freyberger; Bradley Larsen,3,"This study provides a structural analysis of detailed, alternating‐offer bargaining data from eBay, deriving bounds on buyers and sellers private value distributions and the gains from trade using a range of assumptions on behavior and the informational environment. These assumptions range from weak (assuming only that acceptance and rejection decisions are rational) to less weak (e.g., assuming that bargaining offers are weakly increasing in players' private values). We estimate the bounds and show what they imply for consumer negotiation behavior and inefficient breakdown. For the median product, bargaining ends in impasse in 37% of negotiations even when the buyer values the good more than the seller."
Econometrica,econ,https://openalex.org/W4406989522,https://doi.org/10.3982/ecta20849,Mussa Puzzle Redux,2025-01-01,Oleg Itskhoki; Dmitry Mukhin,11,"The Mussa (1986) puzzle is the observation of a sharp and simultaneous increase in the volatility of both nominal and real exchange rates following the end of the Bretton Woods System of pegged exchange rates in 1973. It is commonly viewed as a central piece of evidence in favor of monetary non‐neutrality because it is an instance in which a change in the monetary regime caused a dramatic change in the equilibrium behavior of a real variable—the real exchange rate—and is often further interpreted as direct evidence in favor of models with nominal rigidities in price setting. This paper shows that the data do not support this latter conclusion because there was no simultaneous change in the properties of the other macro variables, nominal or real; an extended set of Mussa facts falsifies both conventional flexible‐price RBC models and sticky‐price New Keynesian models. We present a resolution to the broader Mussa puzzle based on a model of segmented financial market, in which the bulk of the nominal exchange rate risk is held by financial intermediaries and is not shared smoothly throughout the economy, emphasizing the importance of monetary transmission via the risk premium channel."
Econometrica,econ,https://openalex.org/W4410940487,https://doi.org/10.3982/ecta21319,Making Subsidies Work: Rules versus Discretion,2025-01-01,Federico Cingano; Filippo Palomba; Paolo Pinotti; Enrico Rettore,9,"We estimate the employment effects of a large program of public investment subsidies to private firms that ranked applicants on a score reflecting both objective rules and local politicians' discretion. Leveraging the rationing of funds as an ideal Regression Discontinuity Design, we characterize the heterogeneity of treatment effects and cost‐per‐new‐job across inframarginal firms and estimate the cost‐effectiveness of subsidies under factual and counterfactual allocations. Firms ranking high on objective rules and firms preferred by local politicians generated larger employment growth on average, but the latter did so at a higher cost per job. We estimate that relying only on objective criteria would reduce the cost per job by 11%, while relying only on political discretion would increase such cost by 42%."
Econometrica,econ,https://openalex.org/W4408885689,https://doi.org/10.3982/ecta22028,"The Impact of Incarceration on Employment, Earnings, and Tax Filing",2025-01-01,Andrew Garin; Dmitri Koustas; Carl McPherson; Samuel Norris; Matthew Pecenco; Evan K. Rose; Yotam Shem-Tov; Jeffrey Weaver,8,"We study the effect of incarceration on wages, self-employment, and taxes and transfers in North Carolina and Ohio using two quasi-experimental research designs: discontinuities in sentencing guidelines and random assignment to judges. Across both states, incarceration generates short-term drops in economic activity while individuals remain in prison. As a result, a year-long sentence decreases cumulative earnings over five years by 13%. Beyond five years, however, there is no evidence of lower employment, wage earnings, or self-employment in either state, as well as among defendants with no prior incarceration history. These results suggest that upstream factors, such as other types of criminal justice interactions or pre-existing labor market detachment, are more likely to be the cause of low earnings among the previously incarcerated, who we estimate would earn just $5,000 per year on average if spared a prison sentence."
Econometrica,econ,https://openalex.org/W4408886193,https://doi.org/10.3982/ecta21101,Uniform Priors for Impulse Responses,2025-01-01,Jonas E. Arias; Juan Francisco Rubio-Ramı́rez; Daniel F. Waggoner,7,"There has been a call for caution regarding the standard procedure for Bayesian inference in set‐identified structural vector autoregressions on the grounds that the common practice of using a uniform prior over the set of orthogonal matrices induces a non‐uniform prior for individual impulse responses or other quantities of interest. This paper challenges this call by formally showing that when the focus is on joint inference, the uniform prior over the set of orthogonal matrices is not only sufficient but also necessary for inference based on a uniform joint prior distribution over the identified set for the vector of impulse responses. In addition, we show how to conduct inference based on a uniform joint prior distribution for the vector of impulse responses."
Econometrica,econ,https://openalex.org/W3201053805,https://doi.org/10.3982/ecta20830,History's Masters The Effect of European Monarchs on State Performance,2025-01-01,Sebastian Ottinger; Nico Voigtländer,6,"We create a novel reign‐level data set for European monarchs, covering all major European states between the 10th and 18th centuries. We first document a strong positive relationship between rulers' cognitive ability and state performance. To address endogeneity issues, we exploit the facts that (i) rulers were appointed according to hereditary succession, independent of their ability, and (ii) the widespread inbreeding among the ruling dynasties of Europe led over centuries to quasirandom variation in ruler ability. We code the degree of blood relationship between the parents of rulers, which also reflects “hidden” layers of inbreeding from previous generations. The coefficient of inbreeding is a strong predictor of ruler ability, and the corresponding instrumental variable results imply that ruler ability had a sizeable effect on the performance of states and their borders. This supports the view that “leaders made history,” shaping the European map until its consolidation into nation states. We also show that rulers mattered only where their power was largely unconstrained. In reigns where parliaments checked the power of monarchs, ruler ability no longer affected their state's performance."
Econometrica,econ,https://openalex.org/W4412644824,https://doi.org/10.3982/ecta19303,"Fisher–Schultz Lecture: Generic Machine Learning Inference on Heterogeneous Treatment Effects in Randomized Experiments, With an Application to Immunization in India",2025-01-01,Victor Chernozhukov; Mert Demirer; Esther Duflo; Iván Fernández‐Val,6,"We propose strategies to estimate and make inference on key features of heterogeneous effects in randomized experiments. These key features include best linear predictors of the effects using machine learning proxies, average effects sorted by impact groups , and average characteristics of most and least impacted units . The approach is valid in high‐dimensional settings, where the effects are proxied (but not necessarily consistently estimated) by predictive and causal machine learning methods. We post‐process these proxies into estimates of the key features. Our approach is generic; it can be used in conjunction with penalized methods, neural networks, random forests, boosted trees, and ensemble methods, both predictive and causal. Estimation and inference are based on repeated data splitting to avoid overfitting and achieve validity. We use quantile aggregation of the results across many potential splits, in particular taking medians of p ‐values and medians and other quantiles of confidence intervals. We show that quantile aggregation lowers estimation risks over a single split procedure, and establish its principal inferential properties. Finally, our analysis reveals ways to build provably better machine learning proxies through causal learning: we can use the objective functions that we develop to construct the best linear predictors of the effects, to obtain better machine learning proxies in the initial step. We illustrate the use of both inferential tools and causal learners with a randomized field experiment that evaluates a combination of nudges to stimulate demand for immunization in India."
Econometrica,econ,https://openalex.org/W4408885648,https://doi.org/10.3982/ecta21442,Double Robust Bayesian Inference on Average Treatment Effects,2025-01-01,Christoph Breunig; Ruixuan Liu; Zhengfei Yu,5,"We propose a double robust Bayesian inference procedure on the average treatment effect (ATE) under unconfoundedness. For our new Bayesian approach, we first adjust the prior distributions of the conditional mean functions, and then correct the posterior distribution of the resulting ATE. Both adjustments make use of pilot estimators motivated by the semiparametric influence function for ATE estimation. We prove asymptotic equivalence of our Bayesian procedure and efficient frequentist ATE estimators by establishing a new semiparametric Bernstein–von Mises theorem under double robustness; that is, the lack of smoothness of conditional mean functions can be compensated by high regularity of the propensity score and vice versa. Consequently, the resulting Bayesian credible sets form confidence intervals with asymptotically exact coverage probability. In simulations, our method provides precise point estimates of the ATE through the posterior mean and delivers credible intervals that closely align with the nominal coverage probability. Furthermore, our approach achieves a shorter interval length in comparison to existing methods. We illustrate our method in an application to the National Supported Work Demonstration following LaLonde (1986) and Dehejia and Wahba (1999)."
Econometrica,econ,https://openalex.org/W4408885678,https://doi.org/10.3982/ecta22923,Cap‐and‐Trade and Carbon Tax Meet Arrow–Debreu,2025-01-01,Robert M. Anderson; Haosui Duanmu,5,"We propose two general equilibrium models, quota equilibrium, and emission tax equilibrium. Government specifies quotas or taxes on emissions, and then refrains from further action. All results remain valid regardless of how government chooses its emissions target. Quota equilibrium exists; the allocation of emission property rights impacts the distribution of welfare. If the only externality arises from total net emissions, quota equilibrium is Pareto optimal among all feasible outcomes with the same total net emissions. For certain tax rates, emission tax equilibrium may not exist. Every quota equilibrium can be realized as an emission tax equilibrium and vice versa. However, different quota prices may arise in equilibrium from a single quota, and different emission levels may arise in equilibrium from a single tax rate. This leads to inequivalence between quota and emission tax equilibria."
Econometrica,econ,https://openalex.org/W4410940469,https://doi.org/10.3982/ecta21182,Quality Disclosure and Regulation: Scoring Design in Medicare Advantage,2025-01-01,Benjamin Vatter,5,"Policymakers and market intermediaries often use quality scores to alleviate asymmetric information about product quality. Scores affect the demand for quality and, in equilibrium, its supply. Equilibrium effects break the rule whereby more information is always better, and the optimal design of scores must account for them. In the context of Medicare Advantage, I find that consumers' information is limited, and quality is inefficiently low. A simple design alleviates these issues and increases total welfare by 3.7 monthly premiums. More than half of the gains stem from scores' effect on quality rather than information. Scores can outperform full‐information outcomes by regulating inefficient oligopolistic quality provision, and a binary certification of quality attains 98% of this welfare. Scores are informative even when coarse; firms' incentives are to produce quality at the scoring threshold, which consumers know. The primary design challenge of scores is to dictate thresholds and thus regulate quality."
Econometrica,econ,https://openalex.org/W4406989424,https://doi.org/10.3982/ecta17510,The Margins of Trade,2025-01-01,Ana Cecília Fieler; Jonathan Eaton,4,"Welfare depends on the quantity, quality, and range of goods consumed. We use trade data, which report the quantities and prices of the individual goods that countries exchange, to learn about how the gains from trade and growth break down into these different margins. Our general equilibrium model, in which both quality and quantity contribute to consumption and to production, captures (i) how prices increase with importer and exporter per capita income, (ii) how the range of goods traded rises with importer and exporter size, and (iii) how products traveling longer distances have higher prices. Our framework can deliver a standard gravity formulation for total trade flows and for the gains from trade. We find that growth in the extensive margin contributes to about half of overall gains. Quality plays a larger role in the welfare gains from international trade than from economic growth due to selection."
Econometrica,econ,https://openalex.org/W4406989504,https://doi.org/10.3982/ecta22474,The Political Economy of Zero‐Sum Thinking,2025-01-01,S. Nageeb Ali; Maximilian Mihm; Lucas Siga,4,This paper offers a strategic rationale for zero‐sum thinking in elections. We show that asymmetric information and distributional considerations together make voters wary of policies supported by others. This force impels a majority of voters to support policies contrary to their preferences and information. Our analysis identifies and interprets a form of “adverse correlation” that is necessary and sufficient for zero‐sum thinking to prevail in equilibrium.
Econometrica,econ,https://openalex.org/W4412644819,https://doi.org/10.3982/ecta22072,Competitive Capture of Public Opinion,2025-01-01,Ricardo Alonso; Gerard Padró i Miquel,4,"Two opposed interested parties (IPs) compete to influence citizens with heterogeneous priors which receive news items produced by a variety of sources. The IPs fight to capture the coverage conveyed in these items. We characterize the equilibrium level of capture of item as well as the equilibrium level of information transmission. Capture increases the prevalence of the ex ante most informative messages and can explain the empirical distribution of slant at the news‐item level. Opposite capturing efforts do not cancel each other and instead undermine social learning as rational citizens discount informative messages. Citizen skepticism makes efforts to capture the news strategic substitutes. Because of strategic substitution, competition for influence is compatible with horizontal differentiation between successful media. In equilibrium, rational citizens choose to consume messages from aligned sources despite knowledge of the bias in a manner consistent with recent empirical evidence."
Econometrica,econ,https://openalex.org/W4412644855,https://doi.org/10.3982/ecta22139,Dynamic Concern for Misspecification,2025-01-01,Giacomo Lanzani,4,"I consider an agent who posits a set of probabilistic models for the payoff‐relevant outcomes. The agent has a prior over this set but fears the actual model is omitted and hedges against this possibility. The concern for misspecification is endogenous: If a model explains the previous observations well, the concern attenuates. I show that different static preferences under uncertainty (subjective expected utility, maxmin, robust control) arise in the long run, depending on how quickly the agent becomes unsatisfied with unexplained evidence. The misspecification concern's endogeneity naturally induces behavior cycles, and I characterize the limit action frequency. I apply the model to monetary policy cycles and choices in the face of complex tax schedules."
Econometrica,econ,https://openalex.org/W4410940470,https://doi.org/10.3982/ecta20411,"Soaking up the Sun: Battery Investment, Renewable Energy, and Market Equilibrium",2025-01-01,R. Andrew Butters; Jackson Dorsey; Gautam Gowrisankaran,3,"Renewable energy and battery storage are seen as complementary technologies that can together facilitate reductions in carbon emissions. We develop and estimate a framework to calculate the equilibrium effects of large‐scale battery storage. Using data from California, we find that the first storage unit breaks even by 2024 without subsidies when the renewable energy share reaches 50%. Equilibrium effects are important: the first 5000 MWh of storage capacity would reduce wholesale electricity prices by 5.6%, but an increase from 25,000 to 50,000 MWh would only reduce these prices by 2.6%. Large‐scale batteries will reduce revenues to both dispatchable generators and renewable energy sources. The equilibrium effects lead battery adoption to be virtually non‐existent until 2030, without a storage mandate or subsidy. A 30% capital cost subsidy—such as the one in the U.S. Inflation Reduction Act—achieves 5000 MWh of battery capacity by 2024, similar to the level required under California's storage mandate."
Econometrica,econ,https://openalex.org/W4414150925,https://doi.org/10.3982/ecta22257,Non‐Stationary Search and Assortative Matching,2025-01-01,Nicolas Bonneton; Christopher Sandmann,3,"This paper studies assortative matching in a non‐stationary search‐and‐matching model with non‐transferable payoffs. Non‐stationarity entails that the number and characteristics of agents searching evolve endogenously over time. Assortative matching can fail in non‐stationary environments under conditions for which Morgan (1995) and Smith (2006) show that it occurs in the steady state. This is due to the risk of worsening match prospects inherent to non‐stationary environments. The main contribution of this paper is to derive the weakest sufficient conditions on payoffs for which matching is assortative. In addition to known steady state conditions, more desirable individuals must be less risk‐averse in the sense of Arrow–Pratt."
Econometrica,econ,https://openalex.org/W7105856384,https://doi.org/10.3982/ecta21773,Competing Platforms and Transport Equilibrium,2025-01-01,Nicola Rosaia,3,"I study whether platform competition in app‐based transportation generates waste and whether consolidating competing networks would improve efficiency. I build a spatial model of a ride‐hailing market where competing platforms set prices strategically and estimate it using detailed data from two major platforms in New York City. Comparing the status quo to simulated counterfactuals, I find that: (i) platform market power and the fragmentation of users across networks cause a $176 million annual loss in social welfare and waste 21% of driver‐generated traffic; (ii) a platform merger would trade off gains from pooling all users into a single network against harms from greater market power, reducing traffic by 8% but lowering consumer surplus by $77 million per year due to a 4% price hike; and (iii) interoperability regulations would bring these gains without undermining competition, reducing wasteful traffic by 6% while raising consumer surplus by $63 million per year."
Econometrica,econ,https://openalex.org/W4412645105,https://doi.org/10.3982/ecta23292,A Comment on: <i>“Monotone Comparative Statics”</i>,2025-01-01,Rabah Amir; David Rietzke,1,"Milgrom and Shannon (1994) provide necessary and sufficient conditions on parameterized optimization problems for their solution sets to be globally monotone in the parameter. We establish that their conditions may be significantly relaxed when focusing on discrete, binary comparisons between solution sets. Such binary comparisons are ubiquitous in economics and may involve comparing the same decision maker across two distinct regimes or two distinct decision makers with related objectives (e.g., a monopolist firm versus a social planner). While the single‐crossing property remains prominent in the theory, quasisupermodularity of the objective functions of interest is not needed. Our approach relies upon a novel method of embedding a new optimization problem with a quasisupermodular objective function “between” the two original problems of interest. In smooth problems, sufficient conditions for our new assumptions may be verified by elementary differential comparisons, making them well suited for applied work. We illustrate the relevance of this novel approach with several economic applications."
Econometrica,econ,https://openalex.org/W7105840865,https://doi.org/10.3982/ecta21277,Search Frictions and Product Design in the Municipal Bond Market,2025-01-01,Giulia Brancaccio; Karam Kang,1,"This paper shows that product design shapes search frictions and that intermediaries leverage this channel to increase their rents in the context of the U.S. municipal bond market. The majority of bonds are designed via negotiation between a local government and its underwriter. They are then traded in a decentralized market, where the underwriter often also acts as an intermediary. Exploiting variations in state regulations that limit government officials' conflicts of interest, we provide evidence that the underwriter benefits from designing and trading complex bonds, which induces an increase in search frictions. Interestingly, a simpler bond may not necessarily benefit the government, as bond complexity affords flexibility in debt repayment. Motivated by these findings, we build and estimate a model of bond origination and trading to quantify the welfare implications of a policy mandating bond standardization."
Econometrica,econ,https://openalex.org/W4412644807,https://doi.org/10.3982/ecta21016,Producing Health: Measuring Value Added of Nursing Homes,2025-01-01,Liran Einav; Amy Finkelstein; Neale Mahoney,4,"We develop a stylized model that allows us to estimate a value‐added measure for nursing homes (“SNFs”) which accounts for patient selection both into and out of a SNF. We use the model, together with detailed data on the physical and mental health of about 6 million Medicare SNF patients between 2011 and 2016, to estimate the value added for about 14,000 distinct SNFs. We document substantial heterogeneity in value added. Nationwide, compared to a 10th percentile SNF, a 90th percentile SNF is able to discharge a patient at the same health level almost a week sooner, or one quarter of the median length of stay. Heterogeneity in value added within a market is almost as large as it is nationwide. Our results point to the potential for substantial gains through policies that encourage reallocation of patients to higher‐quality SNFs within their market."
Econometrica,econ,https://openalex.org/W2797287354,https://doi.org/10.3982/ecta17051,Persuasion Meets Delegation,2025-01-01,Anton Kolotilin; Andriy Zapechelnyuk,5,"A principal can restrict an agent's information (the persuasion problem) or discretion (the delegation problem). We study these two problems under standard single‐crossing assumptions on the agent's marginal utility. We show that these problems are equivalent on the set of monotone stochastic mechanisms, implying, in particular, the equivalence of deterministic delegation and monotone partitional persuasion. We also show that the monotonicity restriction is superfluous for linear persuasion and linear delegation, implying their equivalence on the set of all stochastic mechanisms. Finally, using tools from the persuasion literature, we characterize optimal delegation mechanisms, thereby generalizing and extending existing results in the delegation literature."
Econometrica,econ,https://openalex.org/W4408885630,https://doi.org/10.3982/ecta20496,Estimating Candidate Valence,2025-01-01,Kei Kawai; Takeaki Sunada,3,"We estimate valence measures of candidates running in U.S. House elections from data on vote shares. Our identification and estimation strategy builds on ideas developed for estimating production functions, allowing us to control for possible endogeneity of campaign spending and sample selection of candidates due to endogenous entry. We find that incumbents have substantially higher valence measures than challengers running against them, resulting in about 3.5 percentage‐point differences in the vote share, on average. Eliminating differences in the valence of challengers and incumbents results in an increase in the winning probability of a challenger from 6.5% to 12.1%. Our measure of candidate valence can be used to study various substantive questions of political economy. We illustrate its usefulness by studying the source of incumbency advantage in U.S. House elections."
Econometrica,econ,https://openalex.org/W4410940465,https://doi.org/10.3982/ecta22303,The Cost of Consumer Collateral: Evidence From Bunching,2025-01-01,Benjamin Collier; Cameron Ellis; Benjamin J. Keys,3,"How do collateral requirements impact consumer borrowing behavior? Using administrative loan application and performance data from the U.S. Federal Disaster Loan Program, we exploit a loan amount threshold above which households must post their residence as collateral. Our bunching estimates suggest that the median borrower is willing to give up 40% of their loan amount to avoid posting collateral. Exploiting time variation in the threshold, we estimate collateral causally reduces default rates by 36%. Finally, we structurally estimate households' attachment to their homes, net of any equity, and find a median value of $11,000. Attachment creates a wedge between lender and borrower valuation of collateral of 15%. Our results explain high perceived default costs in the mortgage market, and document the importance of collateral for reducing moral hazard in consumer credit markets."
Econometrica,econ,https://openalex.org/W4414150929,https://doi.org/10.3982/ecta22741,Women in Science. Lessons From the Baby Boom,2025-01-01,Scott Y. H. Kim; Petra Moser,3,"This paper investigates how children affect women in science, using biographies in the American Men of Science (MoS 1956), linked with publications. First, we show that mothers have a unique life cycle pattern of productivity: While other scientists peak in their mid‐30s, mothers become less productive at that age and reach peak productivity in their early‐40s. Next, we estimate event studies of marriage, comparing mothers and fathers with other married scientists. Event study estimates show that the productivity of mothers declines until children reach school age, while fathers experience no change. These differences have important implications for tenure and participation: Just 27% of mothers achieve tenure, compared with 48% of fathers and 46% of other women. When women carried the full burden of childcare, the time costs of raising the baby boom led to a great loss of female scientists."
Econometrica,econ,https://openalex.org/W4408886298,https://doi.org/10.3982/ecta22762,On (Constrained) Efficiency of Strategy‐Proof Random Assignment,2025-01-01,Christian Basteck; Lars Ehlers,3,"We study random assignment of indivisible objects among a set of agents, when each agent is to receive one object and has strict preferences over the objects. Random Serial Dictatorship (RSD) satisfies equal treatment of equals, ex post efficiency, and strategy‐proofness. Answering a longstanding open question, we show that RSD is not characterized by those properties—there are other mechanisms satisfying equal treatment of equals, ex post efficiency, and strategy‐proofness which are not welfare‐equivalent to RSD. On the other hand, we show that RSD is not Pareto dominated by any mechanism that is (i) strategy‐proof and (ii) boundedly invariant. Moreover, the same holds for all mechanisms that are ex post efficient, strategy‐proof, and boundedly invariant: no such mechanism is dominated by any other mechanism that is strategy‐proof and boundedly invariant."
Econometrica,econ,https://openalex.org/W3123605147,https://doi.org/10.3982/ecta19153,Gaussian Transforms Modeling and the Estimation of Distributional Regression Functions,2025-01-01,Richard H. Spady; Sami Stouli,2,"We propose flexible Gaussian representations for conditional cumulative distribution functions and give a concave likelihood criterion for their estimation. Optimal representations satisfy the monotonicity property of conditional cumulative distribution functions, including in finite samples and under general misspecification. We use these representations to provide a unified framework for the flexible maximum likelihood estimation of conditional density, cumulative distribution, and quantile functions at parametric rate. Our formulation yields substantial simplifications and finite sample improvements over related methods. An empirical application to the gender wage gap in the United States illustrates our framework."
Econometrica,econ,https://openalex.org/W4406989509,https://doi.org/10.3982/ecta22448,Seeding a Simple Contagion,2025-01-01,Evan Sadler,2,"I propose a method for selecting seeds to maximize contagion. First, fit a random graph model using a coarse categorization of individuals. Next, compute a seed multiplier for each category—this is the average number of new infections a seed generates. Finally, seed the category with the highest multiplier. Relative to the most common methods, my approach requires far less granular data, and it consumes less computing power—the problem scales with the number of categories, not the number of individuals. I validate the methodology through simulations using real network data."
Econometrica,econ,https://openalex.org/W4408885635,https://doi.org/10.3982/ecta20203,Choices and Outcomes in Assignment Mechanisms: The Allocation of Deceased Donor Kidneys,2025-01-01,Nikhil Agarwal; Charles Hodgson; Paulo Somaini,2,"While the mechanism design paradigm emphasizes notions of efficiency based on agent preferences, policymakers often focus on alternative objectives. School districts emphasize educational achievement, and transplantation communities focus on patient survival. It is unclear whether choice‐based mechanisms perform well when assessed based on these outcomes. This paper evaluates the assignment mechanism for allocating deceased donor kidneys on the basis of patient life‐years from transplantation (LYFT). We examine the role of choice in increasing LYFT and compare realized assignments to benchmarks that remove choice. Our model combines choices and outcomes in order to study how selection affects LYFT. We show how to identify and estimate the model using instruments derived from the mechanism. The estimates suggest that the design in use selects patients with better post‐transplant survival prospects and matches them well, resulting in an average LYFT of 9.29, which is 1.75 years more than a random assignment. However, the maximum aggregate LYFT is 14.08. Realizing the majority of the gains requires transplanting relatively healthy patients, who would have longer life expectancies even without a transplant. Therefore, a policymaker faces a dilemma between transplanting patients who are sicker and those for whom life will be extended the longest."
Econometrica,econ,https://openalex.org/W4408886485,https://doi.org/10.3982/ecta21871,Feedback Design in Dynamic Moral Hazard,2025-01-01,Jeffrey C. Ely; George Georgiadis; Luis Rayo,2,"We study the joint design of dynamic incentives and performance feedback for an environment with a coarse (all‐or‐nothing) measure of performance, and show that hiding information from the agent can be an optimal way to motivate effort. Using a novel approach to incentive compatibility, we derive a two‐phase solution that begins with a “silent phase” where the agent is given no feedback and is asked to work non‐stop, and ends with a “full‐transparency phase” where the agent stops working as soon as a performance threshold is met. Hiding information leads to greater effort, but an ignorant agent is also more expensive to motivate. The two‐phase solution—where the agent's ignorance is fully frontloaded—stems from a “backward compounding effect” that raises the cost of hiding information as time passes."
Econometrica,econ,https://openalex.org/W4410940431,https://doi.org/10.3982/ecta22351,Adaptive Maximization of Social Welfare,2025-01-01,Nicolò Cesa‐Bianchi; Roberto Colomboni; Maximilian Kasy,2,"We consider the problem of repeatedly choosing policies to maximize social welfare. Welfare is a weighted sum of private utility and public revenue. Earlier outcomes inform later policies. Utility is not observed, but indirectly inferred. Response functions are learned through experimentation. We derive a lower bound on regret, and a matching adversarial upper bound for a variant of the Exp3 algorithm. Cumulative regret grows at a rate of T 2/3 . This implies that (i) welfare maximization is harder than the multiarmed bandit problem (with a rate of T 1/2 for finite policy sets), and (ii) our algorithm achieves the optimal rate. For the stochastic setting, if social welfare is concave, we can achieve a rate of T 1/2 (for continuous policy sets), using a dyadic search algorithm. We analyze an extension to nonlinear income taxation, and sketch an extension to commodity taxation. We compare our setting to monopoly pricing (which is easier), and price setting for bilateral trade (which is harder)."
Econometrica,econ,https://openalex.org/W4412644815,https://doi.org/10.3982/ecta19576,You Can Lead a Horse to Water: Spatial Learning and Path Dependence in Consumer Search,2025-01-01,Charles Hodgson; Gregory Lewis,2,"We develop and estimate a model of consumer search with spatial learning. Consumers make inferences from previously searched objects to unsearched objects that are nearby in attribute space, generating path dependence in search sequences. The estimated model rationalizes patterns in data on online consumer search paths: search tends to converge to the chosen product in attribute space, and consumers take larger steps away from rarely purchased products. Eliminating spatial learning reduces consumer welfare by 12%: cross‐product inferences allow consumers to locate better products in a shorter time. Spatial learning has important implications for product recommendations on retail platforms. We show that consumer welfare can be reduced by unrepresentative product recommendations and that consumer‐optimal product recommendations depend on both consumer learning and competition between platforms."
Econometrica,econ,https://openalex.org/W4414150917,https://doi.org/10.3982/ecta22260,Structural Estimation of Higher Order Risk Preferences,2025-01-01,Morten I. Lau; Hong Il Yoo,2,"Structural measures of higher order risk attitudes have well‐developed foundations in Expected Utility Theory (EUT), but little is known about their empirical magnitudes. We introduce a novel experimental design and a companion econometric model that allows us to structurally estimate indices of risk aversion, prudence, and temperance under EUT without imposing restrictions on their interdependence. We find that indices of absolute risk aversion, prudence, and temperance exhibit distinct patterns of variation over income, and that predicted risk premia under EUT and Rank‐Dependent Utility Theory gradually converge as the order of risk increases. These findings are obscured by regular parametric utility functions, which inherently bias results toward prudence and temperance when subjects are risk averse. The results remain robust in subsamples of moderate size, which suggests that our approach can be adopted in broader studies that link higher order risk attitudes to other domains of latent individual preferences and economic behavior."
Econometrica,econ,https://openalex.org/W4414150976,https://doi.org/10.3982/ecta21567,Bayesian Impact Evaluation With Informative Priors: An Application to a Colombian Management and Export Improvement Program,2025-01-01,Leonardo Iacovone; David McKenzie; Rachael Meager,2,"Policymakers often test expensive new programs on relatively small samples. Formally incorporating informative Bayesian priors into impact evaluation offers the promise to learn more from these experiments. We evaluate a Colombian program for 200 firms which aimed to increase exporting. Priors were elicited from academics, policymakers, and firms. Contrary to these priors, frequentist estimation cannot reject null effects in 2019, and finds some negative impacts in 2020. For binary outcomes like whether firms export, frequentist estimates are relatively precise, and Bayesian posterior intervals update to overlap almost completely with standard confidence intervals. For outcomes like increasing export variety, where the priors align with the data, the value of these priors is seen in posterior intervals that are considerably narrower than the confidence intervals. Finally, for noisy outcomes like export value, posterior intervals show almost no updating from priors, highlighting how uninformative the data are about such outcomes. Future policy experiments could use these posteriors as priors in a Bayesian or empirical Bayesian analysis."
Econometrica,econ,https://openalex.org/W4414150949,https://doi.org/10.3982/ecta18640,Optimal Estimation When Researcher and Social Preferences Are Misaligned,2025-01-01,Jann Spiess,4,"Econometric analysis typically focuses on the statistical properties of fixed estimators and ignores researcher choices. In this article, I instead approach the analysis of experimental data as a mechanism‐design problem that acknowledges that researchers choose between estimators, sometimes based on the data and often according to their own preferences. Specifically, I focus on covariate adjustments, which can increase the precision of a treatment‐effect estimate, but open the door to bias when researchers engage in specification searches. First, I establish that unbiasedness as a requirement on the estimation of the average treatment effect can align researchers' preferences with the minimization of the mean‐squared error relative to the truth, and that fixing the bias can yield an optimal restriction in a minimax sense. Second, I provide a constructive characterization of treatment‐effect estimators with fixed bias as sample‐splitting procedures. Third, I discuss the implementation of second‐best estimators that leave room for beneficial specification searches."
Econometrica,econ,https://openalex.org/W3123412230,https://doi.org/10.3982/ecta20404,Insurance and Inequality With Persistent Private Information,2025-01-01,Alexander W. Bloedel; R. Vijay Krishna; Oksana Leukhina,2,"We study the implications of optimal insurance provision for long‐run welfare and inequality in economies with persistent private information. A principal insures an agent whose private type follows an ergodic, finite‐state Markov chain. The optimal contract always induces immiseration : the agent's consumption and utility decrease without bound. Under positive serial correlation, it also backloads high‐powered incentives : the sensitivity of the agent's utility with respect to his reports increases without bound. These results extend—and help elucidate the limits of—the hallmark immiseration results for economies with i.i.d. private information. Numerically, we find that persistence yields faster immiseration, higher inequality, and novel short‐run distortions. Our analysis uses recursive methods for contracting with persistent types and allows for binding global incentive constraints."
Econometrica,econ,https://openalex.org/W4410940456,https://doi.org/10.3982/ecta21343,Auctioning Control and Cash‐Flow Rights Separately,2025-01-01,Tingjun Liu; Dan Bernhardt,1,"We consider a classical auction setting in which an asset/project is sold to buyers who privately receive signals about expected payoffs, and payoffs are more sensitive to a bidder's signal if he runs the project than if another bidder does. We show that a seller can increase revenues by sometimes allocating cash‐flow rights and control to different bidders, for example, with the highest bidder receiving cash flows and the second‐highest receiving control. Separation reduces a bidder's information rent, which depends on the importance of his private information for the value of his awarded cash flows. As project payoffs are most sensitive to a bidder's information if he controls the project, allocating cash flow to another bidder lowers bidders' informational advantage. As a result, when signals are close, the seller can increase revenues by splitting rights between the top two bidders."
Econometrica,econ,https://openalex.org/W4410940472,https://doi.org/10.3982/ecta21075,Risk and Optimal Policies in Bandit Experiments,2025-01-01,Karun Adusumilli,1,"We provide a decision‐theoretic analysis of bandit experiments under local asymptotics. Working within the framework of diffusion processes, we define suitable notions of asymptotic Bayes and minimax risk for these experiments. For normally distributed rewards, the minimal Bayes risk can be characterized as the solution to a second‐order partial differential equation (PDE). Using a limit of experiments approach, we show that this PDE characterization also holds asymptotically under both parametric and non‐parametric distributions of the rewards. The approach further describes the state variables it is asymptotically sufficient to restrict attention to, and thereby suggests a practical strategy for dimension reduction. The PDEs characterizing minimal Bayes risk can be solved efficiently using sparse matrix routines or Monte Carlo methods. We derive the optimal Bayes and minimax policies from their numerical solutions. These optimal policies substantially dominate existing methods such as Thompson sampling; the risk of the latter is often twice as high."
Econometrica,econ,https://openalex.org/W4412644822,https://doi.org/10.3982/ecta23441,Erratum to “Robust Priors in Nonlinear Panel Data Models”,2025-01-01,Manuel Arellano; Stéphane Bonhomme; Sofia Borodich Suarez; Martin Schumann; Xiaoxia Shi; Gautam Tripathi,1,"THIS NOTE CORRECTS A MISTAKE in the calculation of the bias of average marginal effects in nonlinear panel data models in Arellano and Bonhomme (2009a), AB hereafter. Section 5 in AB considers the estimation of average marginal effects."
Econometrica,econ,https://openalex.org/W4412644825,https://doi.org/10.3982/ecta18492,Fiduciary Duty and the Market for Financial Advice,2025-01-01,Vivek Bhattacharya; Gastón Illanes; Manisha Padi,1,"Fiduciary duty aims to solve principal‐agent problems, and the United States is in the middle of a protracted debate surrounding the merits of extending it to all financial advisers. Leveraging a transaction‐level data set of deferred annuities and state‐level variation in common law fiduciary duty, we find that it raises risk‐adjusted returns by 25 bp and leads to a 16% decline in the entry of affected firms. Through the lens of a model of entry and advice provision, we show that this effect can be due to both an increase in fixed costs and an increase in the cost of providing low‐quality advice. We show how to disentangle these channels and find that both are empirically relevant. Counterfactual simulations show that further increases in the stringency of fiduciary duty monotonically improve advice quality."
Econometrica,econ,https://openalex.org/W4414150923,https://doi.org/10.3982/ecta22113,Privatizing Disability Insurance,2025-01-01,Arthur Seibold; Sebastian Seitz; Sebastian Siegloch,1,"Public disability insurance (DI) programs in many countries face growing fiscal pressures, prompting efforts to reduce spending. In this paper, we investigate the welfare effects of expanding the role of private insurance markets in the face of public DI cuts. We exploit a reform that abolished one part of German public DI and use unique data from a large insurer. We document modest crowding‐out effects of the reform, such that private DI take‐up remains incomplete. We find no adverse selection in the private DI market. Instead, private DI tends to attract individuals with high income, high education, and low disability risk. Using a revealed preference approach, we estimate individual insurance valuations. Our welfare analysis finds that partial DI provision via the voluntary private market can improve welfare. However, distributional concerns may justify a full public DI mandate."
Econometrica,econ,https://openalex.org/W4414150936,https://doi.org/10.3982/ecta22749,Running Primary Deficits Forever in a Dynamically Efficient Economy: Feasibility and Optimality,2025-01-01,Andrew B. Abel; Stavros Panageas,1,"Government debt can be rolled over forever without primary surpluses in some stochastic economies, including some economies that are dynamically efficient. In an overlapping‐generations model with constant growth rate, g , of labor‐augmenting productivity, and with shocks to the durability of capital, we show that along a balanced growth path, the maximum sustainable ratio of bonds to capital is attained when the risk‐free interest rate, r f , equals g . Furthermore, this maximal ratio maximizes utility per capita along a balanced growth path and ensures that the economy is dynamically efficient."
Econometrica,econ,https://openalex.org/W7105826787,https://doi.org/10.3982/ecta22269,Presidential Address: Identity Politics,2025-01-01,Nicola Gennaioli; Guido Tabellini,1,"We offer a theory of changing dimensions of political polarization based on endogenous social identity. We formalize voter identity as in Bonomi, Gennaioli, and Tabellini (2021), but add parties that compete on policy and spread stereotypes to persuade voters. Parties are historically connected to different social groups, whose members are more receptive to the party messages. An endogenous switch from class to cultural identity accounts for three major changes: (i) growing cultural conflict between voters and parties; (ii) dampening of redistributive conflict, despite rising inequality; (iii) a realignment of lower class voters from the left to the right. The incentive of parties to spread stereotypes is a key driver of identity‐based polarization. Using survey data and congressional speeches, we show that—consistent with our model—there is evidence of (i) and (ii) in the voting realignment induced by the “China Shock” (Autor, Dorn, Hanson, and Majlesi (2020))."
Econometrica,econ,https://openalex.org/W7105835854,https://doi.org/10.3982/ecta22672,Consumer Surplus From Suppliers: How Big Is It and Does It Matter for Growth?,2025-01-01,David Baqaee; Ariel Burstein; Cédric Duprez; Emmanuel Farhi,1,"Consumer surplus, the area between the demand curve and the price, plays a key role in many models of trade and growth. Quantifying it typically requires estimating and extrapolating demand curves. This paper provides an alternative approach to measuring consumer surplus by focusing on firms as consumers of inputs. We show that the elasticity of a downstream firm's marginal cost to supplier additions and separations measures the downstream firm's consumer surplus relative to its input costs. Using Belgian data and instrumenting for changes in supplier access, we find that for every 1% of suppliers gained or lost, the marginal cost of downstream firms falls or rises by roughly 0.3%. Our estimates are directly informative about the strength of love‐of‐variety effects and the gains from movements along quality ladders. We use our microeconomic estimates of consumer surplus to assess the macroeconomic importance of supplier additions and separations in a growth accounting framework. We find that supplier churn plausibly accounts for about half of aggregate productivity growth."
Econometrica,econ,https://openalex.org/W7105841898,https://doi.org/10.3982/ecta21802,Integrated Monetary and Financial Policies for Small Open Economies,2025-01-01,Suman S. Basu; Emine Boz; Gita Gopinath; Francisco Roch; D. Filiz Unsal,1,"We develop a tractable small‐open‐economy framework to characterize the constrained efficient use of the monetary policy rate, foreign exchange (FX) intervention, capital controls, and domestic macroprudential measures. The model features dominant currency pricing, positive premia on local currency debt arising from financiers' portfolio constraints, and occasionally‐binding external and domestic borrowing constraints. We characterize the conditions under which the traditional prescription—relying solely on the policy rate and exchange rate flexibility—remains sufficient, even in the presence of externalities. By contrast, to manage noise trader flows into and out of the local currency debt market, FX intervention and in some cases capital inflow taxes should be used instead of the traditional prescription. Moreover, if a country faces a mix of local currency premia and external borrowing constraints, we establish that certain regulations to limit FX mismatch may alleviate the external borrowing constraint but exacerbate the local currency premia. Finally, we show that capital controls may dominate domestic macroprudential measures in cases when external shocks trigger stress in domestic housing markets."
Econometrica,econ,https://openalex.org/W3152327868,https://doi.org/10.3982/ecta17951,Landmines and Spatial Development,2025-01-01,Giorgio Chiovelli; Stelios Michalopoulos; Elias Papaioannou,1,"Landmines affect the lives of millions in many conflict‐ridden communities long after the end of hostilities. However, there is little research on the role of demining. We examine the economic consequences of landmine removal in Mozambique, the only country to transition from heavily contaminated in 1992 to mine‐free in 2015. First, we present the self‐assembled georeferenced catalog of areas suspected of contamination, along with a detailed record of demining operations. Second, the event‐study analysis reveals a robust association between demining activities and subsequent local economic performance, reflected in luminosity. Economic activity does not pick up in the years leading up to clearance, nor does it increase when operators investigate areas mistakenly marked as contaminated in prior surveys. Third, recognizing that landmine removal reshapes transportation access, we use a market‐access approach to explore direct and indirect effects. To advance on identification, we isolate changes in market access caused by removing landmines in previously considered safe areas, far from earlier nationwide surveys. Fourth, policy simulations reveal the substantial economywide dividends of clearance, but only when factoring in market‐access effects, which dwarf direct productivity links. Additionally, policy counterfactuals uncover significant aggregate costs when demining does not prioritize the unblocking of transportation routes. These results offer insights into the design of demining programs in Ukraine and elsewhere, highlighting the need for centralized coordination and prioritization of areas facilitating commerce."
Econometrica,econ,https://openalex.org/W3170338703,https://doi.org/10.3982/ecta19739,Selecting the Most Effective Nudge: Evidence From a Large‐Scale Experiment on Immunization,2025-01-01,Abhijit Banerjee; Arun G. Chandrasekhar; Suresh Dalpath; Esther Duflo; John Floretta; Matthew O. Jackson; Harini Kannan; Francine Loza; Anirudh Sankar; Anna Schrimpf; Maheshwor Shrestha,1,"Policymakers often choose a policy bundle that is a combination of different interventions in different dosages. We develop a new technique— treatment variant aggregation (TVA)—to select a policy from a large factorial design. TVA pools together policy variants that are not meaningfully different and prunes those deemed ineffective. This allows us to restrict attention to aggregated policy variants, consistently estimate their effects on the outcome, and estimate the best policy effect adjusting for the winner's curse. We apply TVA to a large randomized controlled trial that tests interventions to stimulate demand for immunization in Haryana, India. The policies under consideration include reminders, incentives, and local ambassadors for community mobilization. Cross‐randomizing these interventions, with different dosages or types of each intervention, yields 75 combinations. The policy with the largest impact (which combines incentives, ambassadors who are information hubs, and reminders) increases the number of immunizations by 44% relative to the status quo. The most cost‐effective policy (information hubs, ambassadors, and SMS reminders, but no incentives) increases the number of immunizations per dollar by 9.1% relative to the status quo."
Econometrica,econ,https://openalex.org/W3134682621,https://doi.org/10.3982/ecta22144,A Quest for Knowledge,2025-01-01,Christoph Carnehl; Johannes Schneider,0,"Is more novel research always desirable? We develop a model in which knowledge shapes society's policies and guides the search for discoveries. Researchers select a question and how intensely to study it. The novelty of a question determines both the value and difficulty of discovering its answer. We show that the benefits of discoveries are nonmonotone in novelty. Knowledge expands endogenously step‐by‐step over time. Through a dynamic externality, moonshots—research on questions more novel than what is myopically optimal—can improve the evolution of knowledge. Moonshots induce research cycles in which subsequent researchers connect the moonshot to previous knowledge."
Econometrica,econ,https://openalex.org/W4406965156,https://doi.org/10.3982/ecta931bm,Backmatter of Econometrica Vol. 93 Iss. 1,2025-01-01,,0,
Econometrica,econ,https://openalex.org/W4406965251,https://doi.org/10.3982/ecta931ref,The Econometric Society Annual Reports Econometrica Referees 2023–2024,2025-01-01,,0,
Econometrica,econ,https://openalex.org/W4406965262,https://doi.org/10.3982/ecta931sec,The Econometric Society Annual Reports Report of the Secretary,2025-01-01,,0,
Econometrica,econ,https://openalex.org/W4406965356,https://doi.org/10.3982/ecta931eds,The Econometric Society Annual Reports Report of the Editors 2023–2024,2025-01-01,,0,
Econometrica,econ,https://openalex.org/W4406965370,https://doi.org/10.3982/ecta931mono,The Econometric Society Annual Reports Report of the Editors of the Monograph Series,2025-01-01,,0,
Econometrica,econ,https://openalex.org/W4406965374,https://doi.org/10.3982/ecta931sum,Submission of Manuscripts to the Econometric Society Monograph Series,2025-01-01,,0,
Econometrica,econ,https://openalex.org/W4406965379,https://doi.org/10.3982/ecta931treas,The Econometric Society Annual Reports Report of the Treasurer,2025-01-01,,0,
Econometrica,econ,https://openalex.org/W4406989370,https://doi.org/10.3982/ecta931fm,Frontmatter of Econometrica Vol. 93 Iss. 1,2025-01-01,,0,
Econometrica,econ,https://openalex.org/W4408885777,https://doi.org/10.3982/ecta932fm,Frontmatter of Econometrica Vol. 93 Iss. 2,2025-01-01,,0,
Econometrica,econ,https://openalex.org/W4408886202,https://doi.org/10.3982/ecta21896,A Comment on: <i>“Autoregressive Conditional Duration: A New Model for Irregularly Spaced Transaction Data”</i>,2025-01-01,Giuseppe Cavaliere; Thomas Mikosch; Anders Rahbek; Frederik Vilandt,0,"Based on the GARCH literature, Engle and Russell (1998) established consistency and asymptotic normality of the QMLE for the autoregressive conditional duration (ACD) model, assuming strict stationarity and ergodicity of the durations. Using novel arguments based on renewal process theory, we show that their results hold under the stronger requirement that durations have finite expectation. However, we demonstrate that this is not always the case under the assumption of stationary and ergodic durations. Specifically, we provide a counterexample where the MLE is asymptotically mixed normal and converges at a rate significantly slower than usual. The main difference between ACD and GARCH asymptotics is that the former must account for the number of durations in a given time span being random. As a by‐product, we present a new lemma which can be applied to analyze asymptotic properties of extremum estimators when the number of observations is random."
Econometrica,econ,https://openalex.org/W4408886212,https://doi.org/10.3982/ecta22841,Comparative Statics With Adjustment Costs and the Le Chatelier Principle,2025-01-01,Eddie Dekel; John Quah; Ludvig Sinander,0,"We develop a theory of monotone comparative statics for models with adjustment costs. We show that comparative‐statics conclusions may be drawn under the usual ordinal complementarity assumptions on the objective function, assuming very little about costs: only a mild monotonicity condition is required. We use this insight to prove a general Le Chatelier principle: under the ordinal complementarity assumptions, if short‐run adjustment is subject to a monotone cost, then the long‐run response to a shock is greater than the short‐run response. We extend these results to a fully dynamic model of adjustment over time: the Le Chatelier principle remains valid, and under slightly stronger assumptions, optimal adjustment follows a monotone path. We apply our results to models of saving, production, pricing, labor supply, and investment."
Econometrica,econ,https://openalex.org/W4408908331,https://doi.org/10.3982/ecta932ef,2024 Election of Fellows to the Econometric Society,2025-01-01,,0,
Econometrica,econ,https://openalex.org/W4408908334,https://doi.org/10.3982/ecta932bm,Backmatter of Econometrica Vol. 93 Iss. 2,2025-01-01,,0,
Econometrica,econ,https://openalex.org/W4410940425,https://doi.org/10.3982/ecta933fm,Frontmatter of Econometrica Vol. 93 Iss. 3,2025-01-01,,0,
Econometrica,econ,https://openalex.org/W4410940439,https://doi.org/10.3982/ecta933pres,The Econometric Society 2024 Annual Report of the President,2025-01-01,,0,
Econometrica,econ,https://openalex.org/W4410940479,https://doi.org/10.3982/ecta933bm,Backmatter of Econometrica Vol. 93 Iss. 3,2025-01-01,,0,
Econometrica,econ,https://openalex.org/W4412645031,https://doi.org/10.3982/ecta934bm,Backmatter of Econometrica Vol. 93 Iss. 4,2025-01-01,,0,
Econometrica,econ,https://openalex.org/W4412645045,https://doi.org/10.3982/ecta23293,"A Comment on: <i>“Fisher–Schultz Lecture: Generic Machine Learning Inference on Heterogeneous Treatment Effects in Randomized Experiments, With an Application to Immunization in India” by Victor Chernozhukov, Mert Demirer, Esther Duflo, and Iván Fernández‐Val</i>",2025-01-01,Stefan Wager,0,"We use the martingale construction of Luedtke and van der Laan (2016) to develop tests for the presence of treatment heterogeneity. The resulting sequential validation approach can be instantiated using various validation metrics, such as BLPs, GATES, QINI curves, etc., and provides an alternative to cross‐validation‐like cross‐fold application of these metrics. This note was prepared as a comment on the Fisher–Schultz paper by Chernozhukov, Demirer, Duflo, and Fernández‐Val, forthcoming in Econometrica."
Econometrica,econ,https://openalex.org/W4412645088,https://doi.org/10.3982/ecta934sum,Submission of Manuscripts to the Econometric Society Monograph Series,2025-01-01,,0,
Econometrica,econ,https://openalex.org/W4412645133,https://doi.org/10.3982/ecta934fes,"Fellows of the Econometric Society July, 2025",2025-01-01,,0,
Econometrica,econ,https://openalex.org/W4412645155,https://doi.org/10.3982/ecta22261,"A Comment on: <i>“Fisher–Schultz Lecture: Generic Machine Learning Inference on Heterogeneous Treatment Effects in Randomized Experiments, With an Application to Immunization in India” by Victor Chernozhukov, Mert Demirer, Esther Duflo, and Iván Fernández‐Val</i>",2025-01-01,Kosuke Imai; Michael Lingzhi Li,0,"We examine the split‐sample robust inference (SSRI) methodology introduced by Chernozhukov, Demirer, Duflo, and Fernandez‐Val for quantifying uncertainty in heterogeneous treatment effect estimates produced by machine learning (ML) models. Although SSRI properly accounts for the additional variability due to sample splitting, its computational cost becomes prohibitive with complex ML models. We propose an alternative approach based on randomization inference (RI) that preserves the broad applicability of SSRI while eliminating the need for repeated sample splitting. Leveraging cross‐fitting and design‐based inference, the RI procedure yields valid confidence intervals with substantially reduced computational burden. Simulation studies demonstrate that the RI method preserves the statistical efficiency of SSRI while scaling to much larger applications and more complex settings."
Econometrica,econ,https://openalex.org/W4412645414,https://doi.org/10.3982/ecta934fm,Frontmatter of Econometrica Vol. 93 Iss. 4,2025-01-01,,0,
Econometrica,econ,https://openalex.org/W4412645657,https://doi.org/10.3982/ecta23706,"Reply to: Comments on <i>“Fisher–Schultz Lecture: Generic Machine Learning Inference on Heterogeneous Treatment Effects in Randomized Experiments, With an Application to Immunization in India”</i>",2025-01-01,Victor Chernozhukov; Mert Demirer; Esther Duflo; Iván Fernández‐Val,0,
Econometrica,econ,https://openalex.org/W4412645686,https://doi.org/10.3982/ecta22259,Corrigendum: Financial Frictions and the Wealth Distribution,2025-01-01,Jesús Fernández‐Villaverde; Samuel Hurtado; Galo Nuño,0,
Econometrica,econ,https://openalex.org/W4414150927,https://doi.org/10.3982/ecta935bm,Backmatter of Econometrica Vol. 93 Iss. 5,2025-01-01,,0,
Econometrica,econ,https://openalex.org/W4414150934,https://doi.org/10.3982/ecta23148,Erratum: The Aggregate Implications of Regional Business Cycles,2025-01-01,Martin Beraja; Erik Hurst; Juan Ospina,0,
Econometrica,econ,https://openalex.org/W4414150969,https://doi.org/10.3982/ecta935fm,Frontmatter of Econometrica Vol. 93 Iss. 5,2025-01-01,,0,
Econometrica,econ,https://openalex.org/W7105823412,https://doi.org/10.3982/ecta18385,Transparency and Percent Plans,2025-01-01,Adam Kapor,0,"Transparency versus opacity is an important dimension of college admission policy. Colleges may gain useful information from a holistic review of applicants' materials, but in doing so may contribute to uncertainty that discourages potential applicants with poor information. This paper investigates the impacts of admissions transparency in the context of Texas' Top Ten Percent Plan, using survey and administrative data from Texas and a model of college applications, admissions, enrollment, grades, and persistence. I estimate that two thirds of the plan's 9.1 point impact on top‐decile students' probability of attending a flagship university was due to information rather than mechanical effects. Students induced to enroll are more likely to come from low‐income high schools, and academically outperform the students that they displace. These effects would be larger if complemented by financial‐aid information, and are driven by transparency, not misalignment between the rules used for automatic and discretionary admissions."
Econometrica,econ,https://openalex.org/W7105826202,https://doi.org/10.3982/ecta23782,Marginal Reputation,2025-01-01,Daniel Luo; Alexander Wolitzky,0,"We study reputation formation where a long‐run player repeatedly observes private signals and takes actions. Short‐run players observe the long‐run player's past actions but not her past signals. The long‐run player can thus develop a reputation for playing a distribution over actions, but not necessarily for playing a particular mapping from signals to actions. Nonetheless, we show that the long‐run player can secure her Stackelberg payoff if distinct commitment types are statistically distinguishable and the Stackelberg strategy is confound‐defeating . This property holds if and only if the Stackelberg strategy is the unique solution to an optimal transport problem. If the long‐run player's payoff is supermodular in one‐dimensional signals and actions, she secures the Stackelberg payoff if and only if the Stackelberg strategy is monotone. Applications include deterrence, delegation, signaling, and persuasion. Our results extend to the case where distinct commitment types may be indistinguishable, but the Stackelberg type is salient under the prior."
Econometrica,econ,https://openalex.org/W7105837499,https://doi.org/10.3982/ecta24038,A Comment on: <i>“Presidential Address: Identity Politics” by Nicola Gennaioli and Guido Tabellini</i>,2025-01-01,Francesco Trebbi,0,
Econometrica,econ,https://openalex.org/W7105838019,https://doi.org/10.3982/ecta936fm,Frontmatter of Econometrica Vol. 93 Iss. 6,2025-01-01,,0,
Econometrica,econ,https://openalex.org/W7105849033,https://doi.org/10.3982/ecta936bm,Backmatter of Econometrica Vol. 93 Iss. 6,2025-01-01,,0,
Econometrica,econ,https://openalex.org/W7105851736,https://doi.org/10.3982/ecta24596,Reply to: Comments on <i>“Presidential Address: Identity Politics”</i>,2025-01-01,Nicola Gennaioli; Guido Tabellini,0,
Econometrica,econ,https://openalex.org/W7105852027,https://doi.org/10.3982/ecta24429,A Comment on: <i>“Presidential Address: Identity Politics” by Nicola Gennaioli and Guido Tabellini</i>,2025-01-01,Ernesto Dal Bó,0,
Journal of Finance,finance,https://openalex.org/W4406319749,https://doi.org/10.1111/jofi.13416,Pricing Poseidon: Extreme Weather Uncertainty and Firm Return Dynamics,2025-01-13,Mathias S. Kruttli; Brigitte Roth Tran; Sumudu W. Watugala,50,"ABSTRACT We empirically analyze firm‐level uncertainty generated from extreme weather events, guided by a theoretical framework. Stock options of firms with establishments in a hurricane's (forecast) landfall region exhibit large implied volatility increases, reflecting significant uncertainty (before) after impact. Volatility risk premium dynamics reveal that investors underestimate such uncertainty. This underreaction diminishes for hurricanes after Sandy, a salient event that struck the U.S. financial center. Despite constituting idiosyncratic shocks, hurricanes affect hit firms' expected stock returns. Textual analysis of calls between firm management, analysts, and investors reveals that discussions about hurricane impacts remain elevated throughout the long‐lasting high‐uncertainty period after landfall."
Journal of Finance,finance,https://openalex.org/W4406710300,https://doi.org/10.1111/jofi.13425,The Allocation of Socially Responsible Capital,2025-01-22,Dan Green; Benjamin Roth,33,"ABSTRACT Portfolio allocation decisions increasingly incorporate social values. We develop a tractable framework to study how competition between investors to own socially valuable assets affects social welfare. Relative to the most common social‐investing strategies, we identify alternative strategies that result in higher impact and higher financial returns. We identify strategies for investors to have impact when impact is difficult to measure. From the firm's perspective, increasing profitability can have greater impact than directly increasing social value. We present new empirical evidence on the social preferences of investors that demonstrates the practical relevance of our theory."
Journal of Finance,finance,https://openalex.org/W4406709227,https://doi.org/10.1111/jofi.13419,AMERICAN FINANCE ASSOCIATION,2025-01-22,,0,
Journal of Finance,finance,https://openalex.org/W4406709239,https://doi.org/10.1111/jofi.13418,ISSUE INFORMATION,2025-01-22,,0,
Journal of Finance,finance,https://openalex.org/W4406778688,https://doi.org/10.1111/jofi.13420,ANNOUNCEMENTS,2025-01-22,,0,The AFA Board of Directors has voted to publish a Board Meeting Summary to increase transparency of AFA governance and decisions made by the Board.Recent Board Meeting
Journal of Finance,finance,https://openalex.org/W4406778794,https://doi.org/10.1111/jofi.v80.1,,2025-01-23,,0,
Journal of Finance,finance,https://openalex.org/W3122608659,https://doi.org/10.1111/jofi.13422,Designing Stress Scenarios,2025-01-24,Cecilia Parlatore; Thomas Philippon,3,"ABSTRACT We study the optimal design of stress scenarios. A principal manages the unknown risk exposures of agents by asking them to report losses under hypothetical scenarios before taking remedial actions. We apply a Kalman filter to solve the learning problem, and we relate the optimal design to the risk environment, the principal's preferences, and available interventions. In a banking context, optimal capital requirements cover losses under an adverse scenario, while targeted interventions depend on covariances among residual exposures and systematic risks. Our calibration reveals that information is particularly valuable for targeted interventions as opposed to broad capital requirements."
Journal of Finance,finance,https://openalex.org/W4406976454,https://doi.org/10.1111/jofi.13423,Regulatory Fragmentation,2025-01-30,Joseph Kalmenovitz; Michelle Lowry; Ekaterina Volkova,31,"ABSTRACT Regulatory fragmentation occurs when multiple federal agencies oversee a single issue. Using the full text of the Federal Register, the government's official daily publication, we provide the first systematic evidence on the extent and costs of regulatory fragmentation. Fragmentation increases the firm's costs while lowering its productivity, profitability, and growth. Moreover, it deters entry into an industry and increases the propensity of small firms to exit. These effects arise from redundancy and, more prominently, from inconsistencies between government agencies. Our results uncover a new source of regulatory burden, and we show that agency costs among regulators contribute to this burden."
Journal of Finance,finance,https://openalex.org/W4407049277,https://doi.org/10.1111/jofi.13427,Feedback Effects and Systematic Risk Exposures,2025-01-30,Snehal Banerjee; Bradyn M. Breon-Drish; Kevin M. Smith,8,"ABSTRACT We model the “feedback effect” of a firm's stock price on investment in projects exposed to a systematic risk factor, like climate risk. The stock price reflects information about both the project's cash flows and its discount rate. A cash‐flow‐maximizing manager treats discount rate fluctuations as “noise,” but a price‐maximizing manager interprets such variation as information about the project's net present value. This difference qualitatively changes how investment behavior varies with the project's risk exposure. Moreover, traditional objectives (e.g., cash flow or price maximization) need not maximize welfare because they do not correctly account for hedging and risk‐sharing benefits of investment."
Journal of Finance,finance,https://openalex.org/W4406976448,https://doi.org/10.1111/jofi.13426,Wealth and Insurance Choices: Evidence from U.S. Households,2025-01-30,Michael Gropper; Camelia M. Kuhnen,5,"ABSTRACT Using administrative data for 63,000 individuals across 2,500,000 person‐month observations, we find that wealthier individuals have better life insurance coverage, controlling for the value of the asset insured, namely, the consumption needs of dependents. This positive wealth‐insurance correlation, which is surprising given the prevailing view that wealth substitutes for insurance, persists after allowing for wealth‐related differences in risk or bequest preferences, pricing, background risk, education, employment, or liquidity constraints. Our findings call for further investigation of this wealth‐coverage correlation but support theories emphasizing the consumption‐smoothing role of insurance across not only states of the world, but also time."
Journal of Finance,finance,https://openalex.org/W4406976878,https://doi.org/10.1111/jofi.13421,Crisis Interventions in Corporate Insolvency,2025-01-30,Samuel Antill; Christopher Clayton,2,"ABSTRACT We model the optimal resolution of insolvent firms in general equilibrium. Collateral‐constrained banks lend to (i) solvent firms to finance investments and (ii) distressed firms to avoid liquidation. Liquidations create negative fire‐sale externalities. Liquidations also relieve bank balance–sheet congestion, enabling new firm loans that generate positive collateral externalities by lowering bank borrowing rates. Socially optimal interventions encourage liquidation when firms have high operating losses, high leverage, or low productivity. Surprisingly, larger fire sales promote interventions encouraging more liquidations. We study synergies between insolvency interventions and macroprudential regulation, bailouts, deferred loss recognition, and debt subordination. Our model elucidates historical crisis interventions."
Journal of Finance,finance,https://openalex.org/W4406976666,https://doi.org/10.1111/jofi.13424,Worker Runs,2025-01-30,Florian Hoffmann; Vladimir Vladimirov,4,"ABSTRACT The voluntary departure of hard‐to‐replace skilled workers worsens firm prospects, which can lead to additional departures. We develop a model in which firms design compensation to limit the risk of such “worker runs.” To achieve cost‐efficient retention, firms combine fixed wages with dilutable compensation—such as vesting equity or bonus pools—which pays remaining workers more when others leave but gets diluted otherwise. Compensating (identical) workers with differently structured compensation, that is, with a different mix of output‐dependent and output‐independent pay, can further mitigate the risk of worker runs by ensuring a critical retention level in a cost‐efficient way."
Journal of Finance,finance,https://openalex.org/W4407382323,https://doi.org/10.1111/jofi.13406,Repo over the Financial Crisis,2025-02-10,Adam Copeland; Antoine Martin,4,"ABSTRACT This paper uses new data to provide a comprehensive view of repo activity during the 2007 global financial crisis. We show that activity declined much more in the bilateral segment of the market than in the tri‐party segment. Surprisingly, a large share of the decline in activity is driven by repos backed by Treasury securities. Further, a disproportionate share of the decline in repo activity is connected to securities dealer's market‐making activity. In particular, the evidence suggests that at least part of the decline is not driven by clients pulling away from securities dealers because of counterparty credit concerns."
Journal of Finance,finance,https://openalex.org/W4407365124,https://doi.org/10.1111/jofi.13428,The Impact of Minority Representation at Mortgage Lenders,2025-02-11,W. Scott Frame; Ruidi Huang; Erica Xuewei Jiang; Yeonjoon Lee; Will Shuo Liu; Erik J. Mayer; Adi Sunderam,10,"ABSTRACT We study links between the labor market for loan officers and access to mortgage credit. Using novel data matching mortgage applications to loan officers, we find that minorities are underrepresented among loan officers. Minority borrowers are less likely to complete mortgage applications, have completed applications approved, and to ultimately take up a loan. These disparities are reduced when minority borrowers work with minority loan officers. These pairings also lead to lower default rates, suggesting minority loan officers have an informational advantage with minority borrowers. Our results suggest minority underrepresentation among loan officers reduces minority borrowers’ access to credit."
Journal of Finance,finance,https://openalex.org/W4407666728,https://doi.org/10.1111/jofi.13429,Uncovering the Hidden Effort Problem,2025-02-17,Azi Ben-Rephael; Bruce Carlin; Zhi Da; Ryan D. Israelsen,7,"ABSTRACT We analyze minute‐by‐minute Bloomberg online status and study how the effort provision of executives in public corporations affects firm value. While executives spend most of their time doing other activities, patterns of Bloomberg usage allow us to characterize their work habits as measures of effort provision. We document a positive effect of effort on unexpected earnings and cumulative abnormal returns following earnings announcements, and a reduction in credit default swap spreads. This is robust to using exogenous weather patterns as an instrument. Long‐short, calendar‐time effort portfolios earn significant average daily returns. Finally, we revisit important agency issues from the literature."
Journal of Finance,finance,https://openalex.org/W4408307616,https://doi.org/10.1111/jofi.13430,In Too Deep: The Effect of Sunk Costs on Corporate Investment,2025-03-04,Marius Guenzel,4,"ABSTRACT Sunk costs are unrecoverable costs that should not affect decision making. I provide evidence that firms systematically fail to ignore sunk costs and that this leads to significant investment distortions. In fixed‐exchange‐ratio stock mergers, aggregate market fluctuations after parties enter into a binding merger agreement induce plausibly exogenous variation in the final acquisition cost. These quasi‐random cost shocks strongly predict firms' commitment to an acquired business following deal completion, with an interquartile cost increase reducing subsequent divestiture rates by 8% to 9%. Consistent with an intrapersonal sunk cost channel, distortions are concentrated in firm‐years in which the acquiring CEO is still in office."
Journal of Finance,finance,https://openalex.org/W3122296428,https://doi.org/10.1111/jofi.13431,How Credit Cycles across a Financial Crisis,2025-03-04,Arvind Krishnamurthy; Tyler Muir,0,"ABSTRACT We analyze the behavior of credit and output in financial crises using data on credit spreads and credit growth. Crises are marked by a sharp rise in credit spreads, signaling sudden shifts in expectations. The severity of a crisis can be predicted by the extent of credit losses (spread increases) and financial sector fragility (precrisis credit growth). This interaction is a key feature of crises. Postcrisis recessions are typically severe and prolonged. Notably, precrisis spreads tend to drop to low levels while credit growth accelerates, indicating that credit supply expansions often precede crises. The 2008 crisis aligns with these patterns."
Journal of Finance,finance,https://openalex.org/W3122058518,https://doi.org/10.1111/jofi.13436,"Banks, Low Interest Rates, and Monetary Policy Transmission",2025-03-09,Olivier Wang,11,"ABSTRACT I study how the secular decline in interest rates affects banks' intermediation spreads and credit supply. Following a permanent decrease in rates, bank lending may rise initially but contracts in the long run. As lower rates compress deposit spreads even well above the zero lower bound, banks' retained earnings, equity, and lending fall until loan spreads have risen enough to offset the reduction in deposit spreads. A higher inflation target can support bank lending at the cost of higher liquidity premia. I find support for the model's predictions in U.S. aggregate and bank‐level data."
Journal of Finance,finance,https://openalex.org/W4408309652,https://doi.org/10.1111/jofi.13437,Intrahousehold Disagreement about Macroeconomic Expectations,2025-03-09,Da Ke,3,"ABSTRACT This paper highlights the simple fact that households typically consist of multiple members who may hold divergent views, a fact that existing approaches to measuring and modeling household macroeconomic expectations largely abstract from. Using unique data on the macroeconomic expectations of both spouses, I document substantial intrahousehold disagreement about inflation, economic recessions, and stock market returns. I further show that household asset allocation decisions are shaped by disagreement between spouses about future stock returns, and a preregistered randomized survey experiment confirms the causal impact of such disagreement on portfolio choice."
Journal of Finance,finance,https://openalex.org/W4408379414,https://doi.org/10.1111/jofi.13439,"Excess Capacity, Marginal <i>q</i>, and Corporate Investment",2025-03-11,Gustavo Grullon; David L. Ikenberry,2,"ABSTRACT Theory posits that when managers anticipate excess capacity, average q becomes a biased estimator of marginal q as the potential for underutilizing new capital reduces the marginal benefit of investing. After correcting for this source of measurement error, the explanatory power of Tobin's q substantially improves in time‐series and cross‐sectional regressions as well as in out‐of‐sample tests. These findings, together with a secular erosion in capacity utilization, help explain why corporate investment rates have been declining for decades despite average q increasing significantly. Our analysis indicates that economic rigidities have contributed to the persistent erosion in capacity utilization."
Journal of Finance,finance,https://openalex.org/W4408537574,https://doi.org/10.1111/jofi.13438,Creating Controversy in Proxy Voting Advice,2025-03-16,Andrey Malenko; Nadya Malenko; Chester S. Spatt,1,"ABSTRACT We analyze how a profit‐maximizing proxy advisor designs vote recommendations and research reports. The advisor benefits from producing informative, unbiased reports, but only partially informative recommendations, biased against the a priori likely alternative. Such recommendations induce close votes, increasing controversy and thereby the relevance and value of proxy advice. Our results suggest shifting from an exclusive emphasis on recommendations, highlighting the importance of both reports and recommendations in proxy advisors' information provision. They rationalize the one‐size‐fits‐all approach and help reinterpret empirical patterns of voting behavior, suggesting that proxy advisors' recommendations may not be a suitable benchmark for evaluating shareholders' votes."
Journal of Finance,finance,https://openalex.org/W4408553964,https://doi.org/10.1111/jofi.13432,Collusion in Brokered Markets,2025-03-18,John William Hatfield; Scott Duke Kominers; Richard Lowery,3,"ABSTRACT High commissions in the U.S. residential real estate agency market pose a puzzle for economic theory because brokerage is not a concentrated industry. We model brokered markets as a game in which agents post prices for customers and then choose which other agents to work with. We show that there exists an equilibrium in which each agent conditions working with other agents on those agents' posted prices. Prices can therefore be meaningfully higher than the competitive level (for a fixed discount factor), regardless of the number of agents. Thus, brokered markets can remain uncompetitive even with low concentration and easy entry."
Journal of Finance,finance,https://openalex.org/W4408576447,https://doi.org/10.1111/jofi.13441,ISSUE INFORMATION,2025-03-18,,0,
Journal of Finance,finance,https://openalex.org/W4408576509,https://doi.org/10.1111/jofi.13435,Report of the Editor of <i>The Journal of Finance</i> for the Year 2024,2025-03-18,ANTOINETTE SCHOAR,0,
Journal of Finance,finance,https://openalex.org/W4408576516,https://doi.org/10.1111/jofi.13433,Report of the EST and of the 2025 Annual Membership Meeting,2025-03-18,,0,
Journal of Finance,finance,https://openalex.org/W4408576529,https://doi.org/10.1111/jofi.13442,AMERICAN FINANCE ASSOCIATION,2025-03-18,,0,
Journal of Finance,finance,https://openalex.org/W4408576656,https://doi.org/10.1111/jofi.v80.2,,2025-03-18,,0,
Journal of Finance,finance,https://openalex.org/W4408576671,https://doi.org/10.1111/jofi.13434,BRATTLE GROUP AND DIMENSIONAL FUND ADVISORS PRIZES FOR 2024,2025-03-18,,0,
Journal of Finance,finance,https://openalex.org/W4408576827,https://doi.org/10.1111/jofi.13443,ANNOUNCEMENTS,2025-03-18,,0,
Journal of Finance,finance,https://openalex.org/W3125221960,https://doi.org/10.1111/jofi.13447,"In the Red: Overdrafts, Payday Lending, and the Underbanked",2025-03-31,Marco Di Maggio; Angela Ma; Emily Williams,1,"ABSTRACT The reordering of transactions from “high‐to‐low” is a controversial bank practice thought to maximize fees paid by low‐income customers on overdrawn accounts. We exploit a series of class‐action lawsuits that mandated that some banks cease the practice. Using alternative credit bureau data, we find that after banks cease high‐to‐low reordering, low‐income individuals reduce payday borrowing, increase consumption, realize long‐term improvements in financial health, and gain access to lower‐cost loans in the traditional financial system. These findings suggest that aggressive bank practices can create demand for alternative financial services and highlight an important link between the traditional and alternative financial systems."
Journal of Finance,finance,https://openalex.org/W4409128888,https://doi.org/10.1111/jofi.13451,Venture Capital and Startup Agglomeration,2025-04-01,Jun Chen; Michael Ewens,7,"ABSTRACT This paper examines venture capital's (VC) role in the geographic clustering of high‐growth startups. We exploit a rule change that disproportionately impacted U.S. regions that historically lacked VC financing via a restriction of banks to invest in the asset class. A one‐standard‐deviation increase in VCs' exposure to the rule led to a 20% decline in fund size and a 10% decrease in the likelihood of raising a follow‐on fund. Startups were not wholly cushioned: financing and valuations declined. Startups also moved out of impacted states after the rule change, likely exacerbating existing geographic disparity in entrepreneurship."
Journal of Finance,finance,https://openalex.org/W4409276943,https://doi.org/10.1111/jofi.13440,Social Security and Trends in Wealth Inequality,2025-04-07,Sylvain Catherine; Max Miller; Natasha Sarin,7,ABSTRACT Recent influential work finds large increases in inequality in the United States based on measures of wealth concentration that notably exclude the value of social insurance programs. This paper shows that top wealth shares have not changed much over the last three decades when Social Security is properly accounted for. This is because Social Security wealth increased substantially from $7.2 trillion in 1989 to $40.6 trillion in 2019 and now represents nearly 50% of the wealth of the bottom 90% of the wealth distribution. This finding is robust to potential changes to taxes and benefits in response to system financing concerns.
Journal of Finance,finance,https://openalex.org/W4409211785,https://doi.org/10.1111/jofi.13446,Auctions versus Negotiations: The Role of the Payment Structure,2025-04-07,Florian Hoffmann; Vladimir Vladimirov,2,"ABSTRACT We investigate a seller's strategic choice between optimally structured negotiations with fewer bidders and an auction with more competing bidders when payments can have a contingent component, as is common in mergers and acquisitions (M&amp;A), patent licensing, and employee compensation. The key factor favoring negotiations is that it allows the seller to set her preferred payment structure—that is, the revenue‐maximizing mix of cash and contingent pay; reserve prices are of secondary importance. Negotiations are more likely to dominate if synergies increase in bidders' productivity types (as with acquirer‐target complementarities in M&amp;A). Higher dispersion and magnitude of bidders' private valuations also favor negotiations."
Journal of Finance,finance,https://openalex.org/W4409277138,https://doi.org/10.1111/jofi.13450,Steven N. Kaplan,2025-04-07,Steven Kaplan; In Brooklyn; Alan Auerbach; Alan Blinder; Bob Shiller; Doug Bernheim; Brad Delong; Abhijit Banerjee; Tyler Cowen; Mathias Dewatripont; Allen Krueger,0,"Steve has made academic contributions to the study and understanding of private equity (PE), LBOs, venture capital (VC), corporate finance, corporate governance, and top executive talent.That work has also influenced industry/practitioners.Nineteen of his papers have accumulated more than 1,000 citations in Google Scholar including at least one in each of the five decades since the 1980s.Kaplan's work on PE began with his doctoral dissertation on LBOs.LBOs emerged"
Journal of Finance,finance,https://openalex.org/W4409344392,https://doi.org/10.1111/jofi.13444,How Much Does Racial Bias Affect Mortgage Lending? Evidence from Human and Algorithmic Credit Decisions,2025-04-09,Neil Bhutta; Aurel Hizmo; Daniel Ringo,20,"ABSTRACT We assess racial discrimination in mortgage approvals using confidential data on mortgage applications. Minority applicants tend to have lower credit scores and higher leverage, and are less likely to receive algorithmic approval from race‐blind automated underwriting systems (AUS). Observable applicant‐risk factors explain most of the racial disparities in lender denials. Further, exploiting the AUS data, we show there are risk factors we do not observe, and these factors at least partially explain the residual 1 to 2 percentage point denial gaps. We conclude that differential treatment plays a more limited role in generating denial disparities than previous research suggests."
Journal of Finance,finance,https://openalex.org/W4409344072,https://doi.org/10.1111/jofi.13448,Are CEOs Rewarded for Luck? Evidence from Corporate Tax Windfalls,2025-04-09,Martina Andreani; Atif Ellahie; Lakshmanan Shivakumar,5,"ABSTRACT Focusing on the one‐off tax gains and losses (i.e., windfalls) associated with the 2017 Tax Cuts and Jobs Act, we reexamine whether CEOs are rewarded for luck. We find that weakly monitored CEOs are compensated for the windfall tax gains but not penalized for the corresponding tax losses. No such pattern is observed for CEOs facing greater pay scrutiny. The pay for windfalls cannot be explained as rewards for CEOs’ efforts, talents, political activities, or as firms sharing their tax gains with all executives. The results are more consistent with rent extraction by CEOs facing weak pay scrutiny."
Journal of Finance,finance,https://openalex.org/W2972744940,https://doi.org/10.1111/jofi.13445,Conflicting Priorities: A Theory of Covenants and Collateral,2025-04-09,Jason Roderick Donaldson; Denis Gromb; Giorgia Piacentino,18,"ABSTRACT We develop a theory of secured debt, unsecured debt, and debt with anti‐dilution covenants. We assume that, as in practice, covenants convey the right to accelerate if violated, but the new secured debt retains its priority even if issued in violation of covenants. We find that such covenants are nonetheless useful: They provide state‐contingent financing flexibility, balancing over‐ and underinvestment incentives. The optimal debt structure is multilayered, combining secured and unsecured debt with and without covenants. Our results are consistent with observations about debt structure, covenant violations, and waivers. They speak to a policy debate about debt priority."
Journal of Finance,finance,https://openalex.org/W4409396515,https://doi.org/10.1111/jofi.13453,Raising Capital from Investor Syndicates with Strategic Communication,2025-04-10,Dan Luo,2,"ABSTRACT An entrepreneur makes offers to multiple investors to fund a project that requires a minimum investment. Concerned about other investors' decisions, each investor strategically communicates information about the project to others. When investors have conflicts of interest, those with contractually stronger incentives to invest attempt to persuade others to invest. Depending on the project's ex ante quality, the entrepreneur may promise investors different returns to create conflicts of interest and induce persuasion, or may promise investors an identical return to align their interests and induce truthful communication. The paper illustrates a new motivation for syndication and hierarchy within syndicates."
Journal of Finance,finance,https://openalex.org/W4409560326,https://doi.org/10.1111/jofi.13452,Is the United States a Lucky Survivor? A Hierarchical Bayesian Approach,2025-04-16,Jules van Binsbergen; Sophia V. Hua; JONAS PEETERS; Jessica A. Wachter,2,"ABSTRACT Using international data, we quantify the magnitude of survivorship bias in U.S. equity market performance, finding that it explains about one‐third of the equity risk premium in the past century. We model the subjective crash belief of an investor who infers the crash risk in the United States by cross‐learning from other countries. The U.S. crash probability shows a persistent and widening divergence from the implied global average. We attribute the upward bias in the measured equity premium to crashes that did not occur in‐sample and to shocks to valuations resulting from learning about the probability."
Journal of Finance,finance,https://openalex.org/W4409752777,https://doi.org/10.1111/jofi.13454,Dynamic Banking and the Value of Deposits,2025-04-23,Patrick Bolton; Ye Li; Neng Wang; Jinqiang Yang,9,"ABSTRACT We propose a theory of banking in which banks cannot perfectly control deposit flows. Facing uninsurable loan and deposit shocks, banks dynamically manage lending, wholesale funding, deposits, and equity. Deposits create value by lowering funding costs. However, when the bank is undercapitalized and at risk of breaching leverage requirements, the marginal value of deposits can turn negative as deposit inflows, by raising leverage, increase the likelihood of costly equity issuance. Banks' inability to fully control leverage distinguishes them from nondepository intermediaries. Our model suggests a reevaluation of leverage regulations and offers new perspectives on banking in a low‐interest‐rate environment."
Journal of Finance,finance,https://openalex.org/W4409831199,https://doi.org/10.1111/jofi.13455,Women in Charge: Evidence from Hospitals,2025-04-26,Katharina Lewellen,4,"ABSTRACT The paper examines the decision‐making, compensation, and turnover of female CEOs in U.S. hospitals. Contrary to the literature on lower‐ranked executives and directors in public firms, there is no evidence that gender differences in preferences for risk or altruism affect decision‐making of hospital CEOs: corporate policies do not shift when women take (or leave) office, and male and female CEOs respond similarly to a major financial shock. However, female CEOs earn lower salaries, face flatter pay‐for‐performance incentives, and exhibit greater turnover after poor performance. Hospital boards behave as though they perceive female CEOs as less productive."
Journal of Finance,finance,https://openalex.org/W4410381356,https://doi.org/10.1111/jofi.13449,Would Order‐By‐Order Auctions Be Competitive?,2025-05-13,Thomas Ernst; Chester S. Spatt; Jian Sun,1,"ABSTRACT We model two methods of executing segregated retail orders: brokers' routing, whereby brokers allocate orders using the market maker's overall performance, and order‐by‐order auctions, where market makers bid on individual orders, a recent U.S. Securities and Exchange Commission proposal. Order‐by‐order auctions improve allocative efficiency, but face a winner's curse reducing retail investor welfare, particularly when liquidity is limited. Additional market participants competing for retail orders fail to improve total efficiency and investor welfare when entrants possess information superior to incumbent wholesalers. Our results hold when new entrants are less informed or the information structure differs. We also examine the cross‐subsidization of brokers' routing."
Journal of Finance,finance,https://openalex.org/W4410381113,https://doi.org/10.1111/jofi.13456,ISSUE INFORMATION,2025-05-13,Antoinette Schoar; Leonid Kogan; Jonathan Lewellen; Thomas Philippon; Manuel Adelino; Kenneth Ahern; Kerry Back; Alon Brav; Mikhail Chernov; James Choi; Anna Cieslak; Vicente Cuat; Gregory Duffee; Thierry Foucault; Carola Frydman; Mariassunta Giannetti; Vincent Glode; Francisco Gomes; Brett Green; Samuel Hartzmark; Terry Hendershott; Victoria Ivashina; Dirk Jenter; Christopher Jones; Jonathan Karpoff; Benjamin Keys; Lars-Alexander Kuehn; Dong Lou; Igor Makarov; Semyon Malamud; Alan Moreira; Tyler Muir; David Musto; Taylor Nadauld; Christian Opp; Jun Pan; Stavros Panageas; Giorgia Piacentino; Amiyatosh Purnanandam; Joshua Rauh; David Robinson; Alexi Savov; Lukas Schmid; Kelly Shue; David Sraer; Margarita Tsoutsoura; Jules Van Binsbergen; Andrea Vedolin; Adrien Verdelhan; Kathleen Hanley; ; ; ; ; ; ; ; ; ; ; ; ,0,
Journal of Finance,finance,https://openalex.org/W4410381296,https://doi.org/10.1111/jofi.13460,AMERICAN FINANCE ASSOCIATION,2025-05-13,William John; Scott Hatfield,0,
Journal of Finance,finance,https://openalex.org/W4410381484,https://doi.org/10.1111/jofi.13459,ANNOUNCEMENTS,2025-05-13,,0,
Journal of Finance,finance,https://openalex.org/W4410381493,https://doi.org/10.1111/jofi.v80.3,,2025-05-14,,0,
Journal of Finance,finance,https://openalex.org/W3033309119,https://doi.org/10.1111/jofi.13464,Interlocking Directorates and Competition in Banking,2025-05-27,Guglielmo Barone; Fabiano Schivardi; Enrico Sette,12,"ABSTRACT We study the effects on corporate loan rates of an unexpected change in the Italian legislation that forbade interlocking directorates between banks. Exploiting multiple firm‐bank relationships to fully account for all unobserved heterogeneity, we find that prohibiting interlocks decreased the interest rates of previously interlocked banks by 14 basis points relative to other banks. The effect is stronger for high‐quality firms and for loans extended by interlocked banks with a large joint market share. Interest rates on loans from previously interlocked banks become more dispersed. Finally, firms borrowing more from previously interlocked banks expand investment, employment, and sales."
Journal of Finance,finance,https://openalex.org/W4410830326,https://doi.org/10.1111/jofi.13465,The Value of Bank Lending,2025-05-28,Thomas Flanagan,1,"ABSTRACT Using a novel data set of realized syndicated loan cash flows and a risk‐adjustment methodology adapted from the private equity literature, I provide a measure of risk‐adjusted returns for bank loan cash flows. Banks, on average, generate 180 basis points in gross risk‐adjusted returns and add $75 million of value annually to their loan portfolios. Banks earn higher returns when they lend to financially constrained borrowers, and the risk‐adjusted performance of bank loan portfolios exhibits persistence. However, banks require higher risk‐adjusted returns when facing their own financing frictions, and shareholders earn nearly zero net risk‐adjusted returns once bank staff are compensated for their lending effort. Overall, these findings suggest that banks provide valuable services to mitigate borrowers' financing frictions, and the present value of loan cash flows pays for the costs of providing these services."
Journal of Finance,finance,https://openalex.org/W4410831677,https://doi.org/10.1111/jofi.13463,The Term Structure of Interest Rates in a Heterogeneous Monetary Union,2025-05-28,James Costain; Galo Nuño; Carlos Thomas,0,"ABSTRACT We build an arbitrage‐based model of the yield curves in a heterogeneous monetary union with sovereign default risk, which accounts for the asymmetric shifts in euro‐area yields during the Covid‐19 pandemic. We derive an affine term structure solution, and decompose yields into expectations, term premium, expected default loss, and credit risk premium components. In an extension, we endogenize the peripheral default probability, showing that it decreases with central bank bond holdings. Calibrating the model to Germany and Italy, we show that both the level and the shifts in the sovereign spread are mainly attributable to the credit risk premium."
Journal of Finance,finance,https://openalex.org/W3121175415,https://doi.org/10.1111/jofi.13462,What Is the Cost of Privatization for Workers?,2025-05-30,Martin Olsson; Joacim Tå̊g,6,"ABSTRACT Privatization of state‐owned enterprises is on the agenda across the globe. Using Swedish data covering two decades, we show that productivity gains and headcount reductions are associated with economic costs for incumbent workers. Workers experience income losses and higher unemployment, but half of the losses are covered by the social safety net. We also find small positive effects on entrepreneurship and cash holdings but no meaningful effects on other labor market, family, health, or household finance outcomes. Productivity improves when the CEO is replaced, and the gains outweigh workers' income declines by a factor of between two and six."
Journal of Finance,finance,https://openalex.org/W4410874583,https://doi.org/10.1111/jofi.13461,Regulating Over‐the‐Counter Markets,2025-05-30,Tomy Lee; Chaojun Wang,0,"ABSTRACT Over‐the‐counter (OTC) trading thrives despite competition from exchanges. We let OTC dealers cream skim from exchanges in an otherwise standard Glosten and Milgrom framework. Restricting the dealer's ability to cream skim induces “cheap substitution”: some traders exit while others with larger gains from trade enter. Cheap substitution implies trading costs, trade volumes, and market shares are poor policy indicators. In a benchmark case, restricting the dealer raises welfare only if trading cost increases, volume falls, and OTC market share is high. By contrast, the restriction improves welfare when adverse selection risk is low. A simple procedure implements the optimal Pigouvian tax."
Journal of Finance,finance,https://openalex.org/W4411846392,https://doi.org/10.1111/jofi.v80.4,,2025-07-01,,0,
Journal of Finance,finance,https://openalex.org/W4411846409,https://doi.org/10.1111/jofi.13458,ANNOUNCEMENTS,2025-07-01,,0,
Journal of Finance,finance,https://openalex.org/W4411846427,https://doi.org/10.1111/jofi.13457,ISSUE INFORMATION,2025-07-01,Antoinette Schoar; Leonid Kogan; Jonathan Lewellen; Thomas Philippon; Adi Sunderam; Manuel Adelino; Kenneth Ahern; Kerry Back; Alon Brav; Mikhail Chernov; James Choi; Anna Cieslak; Vicente Cuat; Gregory Duffee; Thierry Foucault; Carola Frydman; Mariassunta Giannetti; Vincent Glode; Francisco Gomes; Brett Green; Samuel Hartzmark; Terry Hendershott; Victoria Ivashina; Dirk Jenter; Christopher Jones; Jonathan Karpoff; Benjamin Keys; Lars-Alexander Kuehn; Dong Lou; Igor Makarov; Semyon Malamud; Alan Moreira; Tyler Muir; David Musto; Taylor Nadauld; Christian Opp; Jun Pan; Stavros Panageas; Giorgia Piacentino; Joshua Rauh; David Robinson; Alexi Savov; Lukas Schmid; Kelly Shue; David Sraer; Margarita Tsoutsoura; Jules Van Binsbergen; Andrea Vedolin; Adrien Verdelhan; Kathleen Hanley; ; ; ; ; ; ; ; ; ; ; ; ; ,0,
Journal of Finance,finance,https://openalex.org/W4411846428,https://doi.org/10.1111/jofi.13468,AMERICAN FINANCE ASSOCIATION,2025-07-01,Weiss Kathleen; Hanley,0,
Journal of Finance,finance,https://openalex.org/W4411966729,https://doi.org/10.1111/jofi.13466,Does Saving Cause Borrowing? Implications for the Coholding Puzzle,2025-07-02,Paolina C. Medina; Michaela Pagel,2,"ABSTRACT Using an experiment in which 3.1 million bank customers were encouraged to save, we explore the mechanisms behind coholding liquid savings and credit card debt. Theoretically, we show that the joint responses of spending, saving, and borrowing to the nudge differ across economic models of coholding. Using machine learning techniques, we find that the most responsive individuals reduce spending and increase savings by 4.9% (206 USD PPP per month) while their credit card debt remains unchanged. These individuals' marginal responses to the nudge are consistent with our model of coholding for the purpose of self‐ or partner‐control."
Journal of Finance,finance,https://openalex.org/W4412914263,https://doi.org/10.1111/jofi.13467,The “Actual Retail Price” of Equity Trades,2025-07-25,Christopher G. Schwarz; Brad M. Barber; Xing Huang; Philippe Jorion; Terrance Odean,1,"ABSTRACT We compare execution quality of six brokerage accounts across five brokers by generating a sample of 85,000 simultaneous market orders. Commission levels and payment for order flow (PFOF) differ across our accounts. We find that execution prices vary significantly across brokers: the mean account‐level round‐trip cost ranges from 0.07% to 0.46%, excluding any commissions. The dispersion is due to off‐exchange wholesalers systematically giving different execution prices for the same trades to different brokers. Across brokers, variation in PFOF does not explain the large variation in price execution. We provide several suggestions for more informative disclosures on execution quality."
Journal of Finance,finance,https://openalex.org/W4412761987,https://doi.org/10.1111/jofi.13470,"Too Much, Too Soon, for Too Long: The Dynamics of Competitive Executive Compensation",2025-07-30,Gilles Chemla; Alejandro Rivera; Liyan Shi,4,"ABSTRACT We examine executive compensation in a general equilibrium model with dynamic moral hazard, where executives' outside options are endogenously determined by equilibrium market compensation. Firms provide incentives through compensation packages featuring deferred payments as “carrots” and termination as “sticks.” Crucially, the effectiveness of termination as an incentive device is undermined by the outside options available to executives. As individual firms fail to internalize the effect of their compensation design on these endogenous outside options, the equilibrium is generally inefficient. Compared to shareholder‐value‐maximizing compensation packages, executives are paid too much, too soon, and keep their jobs for too long."
Journal of Finance,finance,https://openalex.org/W4412942451,https://doi.org/10.1111/jofi.13469,Segmented Arbitrage,2025-08-04,Emil Siriwardane; Adi Sunderam; Jonathan Wallen,1,"ABSTRACT We use arbitrage activity in equity, fixed income, and foreign exchange markets to characterize the frictions and constraints facing intermediaries. The average pairwise correlation between the 32 arbitrage spreads that we study is 22%. These low correlations are inconsistent with canonical intermediary asset pricing models. We show that at least two types of segmentation drive arbitrage dynamics. First, funding is segmented—certain trades rely on specific funding sources, making their arbitrage spreads sensitive to localized funding shocks. Second, balance sheets are segmented—intermediaries specialize in certain trades, so arbitrage spreads are sensitive to idiosyncratic balance‐sheet shocks."
Journal of Finance,finance,https://openalex.org/W4413135983,https://doi.org/10.1111/jofi.13474,Investor Factors,2025-08-07,Sébastien Betermier; Laurent E. Calvet; Samuli Knüpfer; Jens Soerlie Kvaerner,0,"ABSTRACT This paper develops an empirical methodology for extracting pricing factors from investor portfolio data. We apply this approach to the stockholdings of Norwegian individual investors from 1997 to 2017. A two‐factor model, featuring the market portfolio and a long‐short portfolio constructed from the holdings of investors sorted by age or wealth, explains both the common variation in portfolio holdings and the cross section of stock returns. Portfolio tilts toward the long‐short investor factor correlate with indebtedness, macroeconomic exposure, gender, and investment experience. Our paper illustrates the benefits of using holdings data for explaining the risk premia of financial assets."
Journal of Finance,finance,https://openalex.org/W4413196068,https://doi.org/10.1111/jofi.13473,Household Portfolios and Retirement Saving over the Life Cycle,2025-08-12,Jonathan A. Parker; Antoinette Schoar; Allison Cole; Duncan Simester,4,"ABSTRACT Using account‐level data on millions of U.S. middle‐class investors over 2006 to 2018, we characterize the share of investable wealth that they hold in the stock market over their working lives. Relative to the 1990s, this share has both risen by 10% and become age‐dependent. The Pension Protection Act (PPA)—which allowed target date funds (TDFs) to be default options in retirement plans—played an important role: younger (older) workers starting at a firm after TDFs became the default option post‐PPA invested more (less) in stocks, in line with the TDF glidepath. In contrast, contribution rates changed little following the PPA."
Journal of Finance,finance,https://openalex.org/W3186750417,https://doi.org/10.1111/jofi.13471,Persuading Investors: A Video‐Based Study,2025-08-14,Allen H. Hu; Song Ma,9,"ABSTRACT Persuasive communication functions through not only content but also delivery—facial expression, tone of voice, and diction. This paper examines the persuasiveness of delivery in startup pitches. Using machine learning algorithms to process full pitch videos, we quantify persuasion in visual, vocal, and verbal dimensions. We find that positive (i.e., passionate, warm) pitches increase funding probability. However, conditional on funding, startups with higher levels of pitch positivity underperform. Women are more heavily judged on delivery when evaluated in single‐gender teams, but they are neglected when copitching in mixed‐gender teams. Using an experiment, we show that persuasion delivery works mainly through leading investors to form inaccurate beliefs."
Journal of Finance,finance,https://openalex.org/W3168956128,https://doi.org/10.1111/jofi.13476,The Impact of the Financial Education of Executives on the Financial Practices of Medium and Large Enterprises,2025-08-18,Cláudia Custódio; Diogo Mendes; Daniel Metzger,4,"ABSTRACT We study the impact of an MBA‐style executive education course in finance on corporate policies and firm performance targeting top managers of medium and large Mozambican enterprises. Using a randomized controlled trial, we find that the educational treatment induces changes in financial policies that improve firm performance. Specifically, a reduction in working capital (0.4 to 0.5 standard deviations) increases cash flow, and in turn long‐term investments. This effect operates primarily through a reduction in accounts receivable (0.4 to 1 standard deviations). Our findings show that targeted educational interventions can build managerial capital and enhance corporate performance by improving financial decision making among executives."
Journal of Finance,finance,https://openalex.org/W4413292508,https://doi.org/10.1111/jofi.13478,Arbitrage Capital of Global Banks,2025-08-18,Alyssa G. Anderson; Wenxin Du; Bernd Schlusche,3,"ABSTRACT We study the impact of the U.S. money market fund reform implemented in October 2016 on global banks' funding supply and business activities. We show that the reform induced a large negative wholesale funding shock for global banks. In contrast to the conventional bank lending channel, the primary response of global banks to the reform was a cutback in arbitrage positions that relied on unsecured funding, rather than a reduction in loan provision. We discuss the role of postcrisis liquidity regulations and unconventional monetary policy in explaining our findings, and implications for banks' business models and deposit competition."
Journal of Finance,finance,https://openalex.org/W4413308426,https://doi.org/10.1111/jofi.13479,Superstar Returns? Spatial Heterogeneity in Returns to Housing,2025-08-19,Francisco Amaral; M. Dohmen; Sebastian Kohl; Moritz Schularick,0,"ABSTRACT This paper makes the first comprehensive attempt to study within‐country heterogeneity of housing returns. We introduce a new city‐level data set covering 15 OECD countries over 150 years and show that national housing markets are characterized by systematic spatial variation in housing returns. Total returns in large agglomerations are close to 100 basis points lower per year than in other parts of the same country. Excess returns outside the large cities can be rationalized as compensation for higher risk, especially higher covariance with income growth and lower liquidity. Real estate in diversified large agglomerations is comparatively safe."
Journal of Finance,finance,https://openalex.org/W4413340826,https://doi.org/10.1111/jofi.13481,Impediments to the Schumpeterian Process in the Replacement of Large Firms,2025-08-20,Mara Faccio; John J. McConnell,0,"ABSTRACT We use newly assembled data overall encompassing up to 75 countries and starting circa 1910, to study impediments to the Schumpeterian process of creative destruction as it “proceeds by competitively destroying old businesses.” Political connections appear to represent an obstacle to the destructive part of the Schumpeterian process in the replacement of large firms. When accompanied by regulations that restrict entry, political connections can play a role in allowing large firms to remain large. When connected to Fogel, Morck, and Yeung (2008, Journal of Financial Economics 89, 83–108), the results imply that political connections, combined with barriers to entry, can retard economic development."
Journal of Finance,finance,https://openalex.org/W4413443778,https://doi.org/10.1111/jofi.13485,Thirty Years of Change: The Evolution of Classified Boards,2025-08-22,Scott Guernsey; Feng Guo; Tingting Liu; Matthew Serfling,3,"ABSTRACT Based on a comprehensive data set of classified (staggered) boards covering nearly all U.S. public firms from 1991 to 2020, we show that contrary to conventional wisdom, the use of classified boards remains widespread. Moreover, classified board usage over a firm's life cycle depends significantly on the decade the firm matured or year it went public. While classified boards were rarely removed in the 1990s, firms became more likely to declassify as they matured during the following decades. Decreased collective action costs and increased innovation‐related investments, institutional ownership, and scrutiny of governance contributed to this more dynamic adjustment."
Journal of Finance,finance,https://openalex.org/W4413533667,https://doi.org/10.1111/jofi.13484,Pockets of Predictability: A Replication,2025-08-25,Nusret Cakici; Christian Fieberg; Tobias Neumaier; Thorsten Poddig; Adam Zaremba,6,"ABSTRACT Farmer, Schmidt, and Timmermann (FST) document time‐variation in market return predictability, identifying “pockets” of significant predictability through kernel regressions. However, our analysis reveals a critical discrepancy between the method outlined by FST and the code actually implemented. Instead of using a one‐sided kernel, which guarantees out‐of‐sample forecasts, they perform in‐sample estimation with a two‐sided kernel. As a result, future information leaks into the forecasting model, undermining its reliability. Rectifying this error qualitatively alters the findings, invalidating most conclusions of the FST study. Thus, attempts to exploit such “pockets”—should they exist—offer little help in forecasting market returns."
Journal of Finance,finance,https://openalex.org/W4413705974,https://doi.org/10.1111/jofi.13483,Over‐the‐Counter Markets for Nonstandardized Assets,2025-08-26,Yoshio Nozawa; Anton Tsoy,0,"ABSTRACT We study a search and bargaining model of over‐the‐counter markets for nonstandardized assets of heterogeneous quality. Once matched, investors privately learn their values positively correlated with asset quality. Bargaining results in delay that is hump‐shaped in quality and U‐shaped in asset turnover. We document these patterns in commercial real estate and corporate bonds markets. Extreme qualities are little affected by changes in asset standardization, while intermediate qualities are more susceptible. For nonstandardized assets, opacity ensures active trading of all assets, which explains why their trading is decentralized and suggests that trade centralization should come with greater standardization."
Journal of Finance,finance,https://openalex.org/W4413763018,https://doi.org/10.1111/jofi.13475,The Propagation of Cyberattacks through the Financial System: Evidence from an Actual Event,2025-08-27,Antonis Kotidis; Stacey L. Schreft,2,"ABSTRACT This article quantifies the effects of a multiday cyberattack that forced offline a technology service provider (TSP) to the banking sector. The attack impaired customers’ ability to send payments through the TSP, but the business continuity plans of banks and the TSP reduced the effect by more than half. Large banks performed better. Through contagion, banks not directly exposed to the attack experienced a liquidity shortfall, causing them to borrow funds or tap reserves. The ability to send payments after hours helped avoid further contagion. These results highlight the importance of preparedness by the private and official sector for cyberattacks."
Journal of Finance,finance,https://openalex.org/W3121296379,https://doi.org/10.1111/jofi.13486,The Credit Line Channel,2025-08-27,Daniel Greenwald; John Krainer; Pascal Paul,0,"ABSTRACT Aggregate U.S. bank lending to firms expanded following the outbreak of COVID‐19. Using loan‐level supervisory data, we show that this expansion was driven by draws on credit lines by large firms. Banks that experienced larger credit line drawdowns restricted term lending more, crowding out credit to smaller firms, which reacted by reducing investment. A structural model calibrated to match our empirical results shows that while credit lines increase total bank credit in bad times, they redistribute credit from firms with high propensities to invest to firms with low propensities to invest, exacerbating the decrease in aggregate investment."
Journal of Finance,finance,https://openalex.org/W4413894216,https://doi.org/10.1111/jofi.13482,War Discourse and the Cross Section of Expected Stock Returns,2025-09-01,David Hirshleifer; Dat Mai; Kuntara Pukthuanthong,2,"ABSTRACT A war‐related factor model derived from textual analysis of media news reports explains the cross section of expected stock returns. Using a semisupervised topic model to extract discourse topics from 7,000,000 New York Times stories spanning 160 years, the war factor predicts the cross section of returns across test assets derived from both traditional and machine learning construction techniques, and spanning 138 anomalies. Our findings are consistent with assets that are good hedges for war risk receiving lower risk premia, or with assets that are more positively sensitive to war prospects being more overvalued. The return premium on the war factor is incremental to standard effects."
Journal of Finance,finance,https://openalex.org/W4413910745,https://doi.org/10.1111/jofi.13477,Forest through the Trees: Building Cross‐Sections of Stock Returns,2025-09-02,Svetlana Bryzgalova; Markus Pelger; Jason Zhu,7,"ABSTRACT We build cross‐sections of asset returns for a given set of characteristics, that is, managed portfolios serving as test assets, as well as building blocks for tradable risk factors. We use decision trees to endogenously group similar stocks together by selecting optimal portfolio splits to span the stochastic discount factor, projected on individual stocks. Our portfolios are interpretable and well diversified, reflecting many characteristics and their interactions. Compared to combinations of dozens (even hundreds) of single/double sorts, as well as machine‐learning prediction‐based portfolios, our cross‐sections are low‐dimensional yet have up to three times higher out‐of‐sample Sharpe ratios and alphas."
Journal of Finance,finance,https://openalex.org/W4414429293,https://doi.org/10.1111/jofi.13490,AMERICAN FINANCE ASSOCIATION,2025-09-23,,0,
Journal of Finance,finance,https://openalex.org/W4414429347,https://doi.org/10.1111/jofi.13489,ISSUE INFORMATION,2025-09-23,,0,
Journal of Finance,finance,https://openalex.org/W4414429361,https://doi.org/10.1111/jofi.13487,Tyler Muir: Winner of the 2025 Fischer Black Prize,2025-09-23,Arvind Krishnamurthy,0,
Journal of Finance,finance,https://openalex.org/W4414429437,https://doi.org/10.1111/jofi.13494,ANNOUNCEMENTS,2025-09-23,,0,
Journal of Finance,finance,https://openalex.org/W4414629200,https://doi.org/10.1111/jofi.13499,Green Window Dressing,2025-09-29,Gianpaolo Parise; Mirco Rubin,2,"ABSTRACT This paper establishes that mutual funds strategically time their trades in environmental, social, and governance (ESG) stocks around disclosure dates to inflate their sustainability ratings. This claim is supported by three empirical findings. First, we show that funds' ESG betas increase shortly before disclosure and decrease shortly afterwards. Second, we document that post‐disclosure fund returns are higher but have lower ESG exposure than disclosed portfolios. Third, we provide evidence that ESG stock prices temporarily rise before disclosure and decline afterwards. Overall, we establish that green window dressing positively impacts fund sustainability ratings, performance, and flows."
Journal of Finance,finance,https://openalex.org/W4414626773,https://doi.org/10.1111/jofi.13498,"ESG News, Future Cash Flows, and Firm Value",2025-09-30,François Derrien; Philipp Krüger; Augustin Landier; Tianhao Yao,7,"ABSTRACT We investigate the expected consequences of negative environmental, social, and governance (ESG) news on firms' future profits. After learning about negative ESG news, analysts significantly downgrade their forecasts at short and longer horizons. Negative ESG news affects forecasts more strongly at longer horizons than other types of negative corporate news. The negative revisions of earnings forecasts following negative ESG news largely reflect expectations of lower future sales, rather than higher future costs. Quantitatively, forecast revisions can explain most of the negative impacts of ESG news on firm value. Analysts are correct to revise forecasts downward following negative ESG news."
Journal of Finance,finance,https://openalex.org/W4414672604,https://doi.org/10.1111/jofi.13501,Anomalies and Their Short‐Sale Costs,2025-09-30,Dmitriy Muravyev; Neil D. Pearson; Joshua Matthew Pollet,1,"ABSTRACT Short‐sale costs eliminate the abnormal returns on asset pricing anomaly portfolios. While many anomalies persist out‐of‐sample before accounting for short‐sale costs, they cannot be exploited with long‐short strategies due to stock borrow fees. Using a comprehensive sample of 162 anomalies, the average long‐short portfolio return is a significant 0.14% per month before short‐sale costs, and the returns are due to the short leg. However, the average is −0.01% once returns are adjusted for borrow fees. Moreover, anomalies are not profitable even before fees if the high‐fee observations, representing 12% of stock dates, are excluded from the analysis."
Journal of Finance,finance,https://openalex.org/W3125330934,https://doi.org/10.1111/jofi.13502,The Stock Market and Bank Risk‐Taking,2025-10-06,Antonio Falato; David Scharfstein,1,"ABSTRACT Using confidential supervisory risk ratings, we document that banks increase risk after going public compared to a control group of banks that filed to go public but withdrew their filings for plausibly exogenous reasons. The increase in risk improves short‐term performance at the expense of long‐term performance. We argue that the increase in risk stems from pressure to maximize short‐term stock prices and earnings once the bank is publicly traded. After going public, banks owned by investors that place greater value on short‐term performance increase risk more, and those managed by CEOs with more short‐term compensation also increase risk more."
Journal of Finance,finance,https://openalex.org/W4414976224,https://doi.org/10.1111/jofi.13506,Subtle Discrimination,2025-10-06,Elena Pikulina; Daniel Ferreira,1,"ABSTRACT We introduce the concept of subtle discrimination —biased acts that cannot be objectively ascertained as discriminatory. When candidates compete for promotions by investing in skills, firms' subtle biases induce discriminated candidates to overinvest when promotions are low‐stakes (to distinguish themselves from favored candidates) but underinvest in high‐stakes settings (anticipating low promotion probabilities). This asymmetry implies that subtle discrimination raises profits in low‐productivity firms but lowers them in high‐productivity firms. Although subtle biases are small, they generate large gaps in skills and promotion outcomes. We derive further predictions in contexts such as equity analysis, lending, fund flows, banking careers, and entrepreneurial finance."
Journal of Finance,finance,https://openalex.org/W4414871079,https://doi.org/10.1111/jofi.13503,Going for Broke: Bank Reputation and the Performance of Opaque Securities,2025-10-06,Abe de Jong; Tim Kooijmans; Peter Koudijs,0,"ABSTRACT Can banks’ reputational concerns improve the quality of opaque, off‐balance sheet securities, such as mortgage‐backed securities? We study this question in a uniquely parsimonious setting. In the 1760s, Dutch banking partnerships securitized West‐Indian plantation mortgages that were risky and opaque. High‐reputation banks originated better mortgages and issued securities that, on average, retained 17.5% more of their value during a market collapse. Reputational effects are attenuated when the managing partners were married into wealth or received a large share of profits in the short term, suggesting that bank reputation only works if bankers are personally exposed to (long‐run) reputational losses."
Journal of Finance,finance,https://openalex.org/W4414950492,https://doi.org/10.1111/jofi.13505,Value without Employment,2025-10-07,Simcha Barkai; Stavros Panageas,1,"ABSTRACT Young firms' contribution to aggregate employment has been underwhelming. We show that a similar trend is not apparent, however, in their contribution to aggregate sales or stock market capitalization, implying that these firms have exhibited a high average‐to‐marginal revenue product of labor. We study the implications of a gradual shift in the average‐to‐marginal revenue product of labor within a model of dynamic firm heterogeneity. We show that this shift provides (i) a unified explanation for several aspects of the decline in dynamism and (ii) a possible explanation for why large declines in young‐firm employment may have only a moderate effect on aggregate output and consumption."
Journal of Finance,finance,https://openalex.org/W3047100893,https://doi.org/10.1111/jofi.13497,"CEO Stress, Aging, and Death",2025-10-07,Mark Borgschulte; Marius Guenzel; Canyao Liu; Ulrike Malmendier,0,"ABSTRACT We assess the long‐term effects of managerial stress on aging and mortality. Using a difference‐in‐differences design, we apply neural network–based machine‐learning techniques to CEOs' facial images and show that exposure to industry distress shocks during the Great Recession produces visible signs of aging. We estimate a one‐year increase in “apparent” age. Moreover, using data on CEOs since the mid‐1970s, we estimate a 1.1‐year decrease in life expectancy after an industry distress shock, but a two‐year increase when antitakeover laws insulate CEOs from market discipline. The estimated health costs are significant, both in absolute terms and relative to other health risks."
Journal of Finance,finance,https://openalex.org/W4414888651,https://doi.org/10.1111/jofi.13507,Asset Pricing and Risk‐Sharing Implications of Alternative Pension Plan Systems,2025-10-07,Nuno Coimbra; Francisco Gomes; Alexander Michaelides; Jialu Shen,0,"ABSTRACT We show that incorporating defined benefit pension funds in an incomplete markets asset pricing model improves its ability to match the historical equity premium and riskless rate and has important risk‐sharing implications. We document the importance of the pension fund's size and asset demands, and a new risk channel arising from fluctuations in the fund's returns. We use our calibrated model to study the implications of a shift to an economy with defined contribution plans. The new steady state is characterized by a higher riskless rate and a lower equity premium. Consumption volatility increases for retirees but decreases for workers."
Journal of Finance,finance,https://openalex.org/W4415171411,https://doi.org/10.1111/jofi.13500,The Imperfect Intermediation of Money‐Like Assets,2025-10-14,Jeremy C. Stein; Jonathan Wallen,0,"ABSTRACT We study supply‐and‐demand effects in the U.S. Treasury bill market by comparing the returns on T‐bills to the policy rate on the Federal Reserve's reverse repurchase (RRP) facility. We develop and test a simple model where the RRP‐bill spread is policed both by heterogeneously elastic money funds and by corporate treasurers who derive collateral benefits from holding T‐bills. In response to shifts in T‐bill supply, money funds act as front‐line arbitrageurs. However, when T‐bills become extremely scarce, less elastic corporate treasurers become the marginal investors and supply shifts have a larger effect on T‐bill rates."
Journal of Finance,finance,https://openalex.org/W4415218858,https://doi.org/10.1111/jofi.13496,Privacy and Team Incentives,2025-10-15,Andrea M Buffa; Qing Liu; Lucy White,0,"ABSTRACT Real‐world contracts are typically private, observed only by their direct signatories, so agents working together are vulnerable to the principal opportunistically reducing other agents' incentives. The principal can mitigate this commitment problem by giving the most skilled agent a budget and delegating authority to write other agents' contracts. This endogenous hierarchy, never optimal with public contracts, raises effort, output, and compensation but allows rent extraction. The principal prefers it when contracts are opaque enough, skill is sufficiently heterogeneous across agents, and joint output is sensitive enough to effort. Our model provides novel predictions for the structure of banking syndicates."
Journal of Finance,finance,https://openalex.org/W4415301139,https://doi.org/10.1111/jofi.70000,Presidential Address: Housing Betas,2025-10-17,Monika Piazzesi,1,"ABSTRACT This paper documents new stylized facts about returns and cashflow growth rates on stocks and housing over decade‐long holding periods. While cashflow growth rates on the two assets comove positively, their returns comove negatively until the Global Financial Crisis and positively thereafter. These facts present a puzzle for representative‐agent models that imply positive return comovement for assets with similar cashflows. I consider a heterogeneous‐agent model with segmented stock and housing markets connected through credit. News about the aggregate economy generates negative return comovement. Recent shifts such as wealthier homebuyers and institutional housing purchases reduce the importance of credit and segmentation."
Journal of Finance,finance,https://openalex.org/W4416444950,https://doi.org/10.1111/jofi.13492,AMERICAN FINANCE ASSOCIATION,2025-11-20,,0,
Journal of Finance,finance,https://openalex.org/W4416445117,https://doi.org/10.1111/jofi.13491,ISSUE INFORMATION,2025-11-20,,0,
Journal of Finance,finance,https://openalex.org/W4416445223,https://doi.org/10.1111/jofi.13493,ANNOUNCEMENTS,2025-11-20,,0,
Journal of Finance,finance,https://openalex.org/W4416445002,https://doi.org/10.1111/jofi.v80.6,,2025-11-21,,0,
Journal of Finance,finance,https://openalex.org/W4416729034,https://doi.org/10.1111/jofi.13508,Can Social Media Inform Corporate Decisions? Evidence from Merger Withdrawals,2025-11-25,J. Anthony Cookson; Marina Niessner; Christoph Schiller,2,"ABSTRACT This paper studies whether social media sentiment predicts merger withdrawals. We find that a one‐standard‐deviation increase in social media sentiment after a merger announcement is associated with a 0.64 percentage point lower probability of withdrawal (16.6% of the average). This effect is unexplained by abnormal price reactions, traditional news, and analyst recommendations. Consistent with manager learning, the informativeness of social media strengthens after firms start corporate Twitter accounts. The informativeness is driven by longer acquisition‐related tweets by fundamental investors, rather than memes and price trend tweets. These findings suggest that social media signals can be important for corporate decisions."
Journal of Finance,finance,https://openalex.org/W4417180617,https://doi.org/10.1111/jofi.70011,Adverse Selection in Corporate Loan Markets,2025-12-09,Mehdi Beyhaghi; Cesare Fracassi; Gregory Weitzner,1,"ABSTRACT Theories of competition typically predict a positive relationship between market concentration and prices. However, in loan markets, adverse selection can reverse this relationship as riskier borrowers become more likely to receive funding. Using supervisory data, we show that interest rates, borrower risk, and lending volume are higher in markets with more banks. We also create a novel measure of markup that is orthogonal to borrower risk, and find that, consistent with adverse selection, markups are higher after repeated borrowing relationships. Finally, we use a shock to large banks' lending costs to provide further support for the adverse selection channel."
Journal of Finance,finance,https://openalex.org/W4417149919,https://doi.org/10.1111/jofi.70012,Going Public and the Internal Organization of the Firm,2025-12-09,Daniel Bias; Benjamin Lochner; Stefan Obernberger; Merih Sevilir,0,"ABSTRACT This paper examines how initial public offerings (IPOs) affect firms' internal organization. We find that IPO firms become more hierarchical and standardized organizations, characterized by additional layers, more managers, smaller control spans, and larger administrative functions. These changes occur mostly in preparation for the IPO and can be only partially explained by growth. IPO firms with greater human capital risk experience larger hierarchical changes. Hierarchical changes help firms standardize employee roles and formalize internal processes. Our results suggest that firms reorganize to reduce their dependence on key individuals' human capital when transitioning to public markets."
Journal of Finance,finance,https://openalex.org/W7113896740,https://doi.org/10.1111/jofi.70001,Paying Too Much? Borrower Sophistication and Overpayment in the U.S. Mortgage Market,2025-12-09,NEIL BHUTTA; ANDREAS FUSTER; AUREL HIZMO,0,"ABSTRACT Comparing mortgage rates that borrowers obtain to rates that lenders could offer for the same loan, we find that many homeowners significantly overpay for their mortgage, with overpayment varying across borrower types and with market interest rates. Survey data reveal that borrowers' mortgage knowledge and shopping behavior strongly correlate with the rates they secure. We also document substantial variation in how expensive and profitable lenders are, without any evidence that expensive loans are associated with a better borrower experience. Despite many lenders operating in the U.S. mortgage market, limited borrower sophistication may provide lenders with market power."
Journal of Finance,finance,https://openalex.org/W4417311977,https://doi.org/10.1111/jofi.70005,Losing Control? The Two‐Decade Decline in Loan Covenant Violations,2025-12-14,Thomas P. Griffin; Greg Nini; David C. Smith,0,"ABSTRACT The annual proportion of U.S. public firms that reported a financial covenant violation fell roughly 70% between 1997 and 2019. To understand this trend, we develop an estimable model of covenant design that depends on the ability to differentiate between distressed and nondistressed borrowers and the relative costs associated with screening incorrectly. We find that the drop in violations is best explained by an increased willingness to forgo early detection of distressed borrowers in exchange for fewer inconsequential violations, which we attribute largely to a shift in the composition of public borrowers and partly to heightened investor sentiment during the 2010s."
Journal of Finance,finance,https://openalex.org/W4417312080,https://doi.org/10.1111/jofi.70002,Second Chance: Life with Less Student Debt,2025-12-14,Marco Di Maggio; Ankit Kalda; Vincent Yao,0,"ABSTRACT We exploit an episode of plausibly random debt discharge due to the loss of paperwork for thousands of defaulted borrowers to examine the effects of private student debt relief on borrower outcomes. We find that borrowers who receive debt relief (treated) experience declines in debt balances and delinquency rates on other accounts, and increases in mobility and income relative to those who bear the costs of default like wage garnishment and collections (control). Borrowers in both groups contribute to our findings through different mechanisms. While our estimates may not directly apply to blanket student loan forgiveness, they speak to the benefits of forgiveness in reducing the consequences of debt burden for distressed borrowers."
Journal of Finance,finance,https://openalex.org/W4417351197,https://doi.org/10.1111/jofi.70004,An Economic View of Corporate Social Impact,2025-12-15,Hunt Allcott; Giovanni Montanari; Bora Ozaltun; Brandon Tan,0,"ABSTRACT Growing discussions of impact investing and stakeholder capitalism have increased interest in measuring companies' social impact. We conceptualize corporate social impact as the welfare loss that would be caused by a firm's exit. To illustrate, we quantify the social impacts of 74 firms in 12 industries using a new survey measuring consumer and worker substitution patterns combined with models of product and labor markets. We find that consumer surplus is the primary component of social impact, suggesting that consumer impacts deserve more attention from impact investors. Existing environmental, social, and governance (ESG) and social impact ratings are essentially unrelated to our economically grounded measures."
Journal of Finance,finance,https://openalex.org/W4417447253,https://doi.org/10.1111/jofi.70013,What Drives Investors' Portfolio Choices? Separating Risk Preferences from Frictions,2025-12-17,Taha Choukhmane; Tim de Silva,0,"ABSTRACT We study the role of risk preferences and frictions in portfolio choice using variation in 401(k) default options. Patterns of active choice in response to different default funds imply that, absent participation frictions, 94% of investors prefer holding stocks, with an equity share of retirement wealth declining with age—patterns markedly different from observed allocations. We use this quasi‐experiment to estimate a life‐cycle model and find a relative risk aversion of 2.5, elasticity of intertemporal substitution (EIS) of 0.25, and $160 portfolio adjustment cost. The results suggest that low levels of stock market participation in retirement accounts are due to participation frictions rather than nonstandard preferences such as loss aversion."
Journal of Finance,finance,https://openalex.org/W4417487390,https://doi.org/10.1111/jofi.70003,FinTech Lending and Cashless Payments,2025-12-18,Pulak Ghosh; Boris Vallée; Yao Zeng,0,"ABSTRACT Borrowers' use of cashless payments improves their access to capital from FinTech lenders and predicts a lower probability of default. These relationships are stronger for cashless technologies providing more precise information, and for outflows. Cashless payment usage complements other signals of borrower quality. We rationalize these empirical findings using a framework in which borrowers signal their lower likelihood of diverting cash flows through payment technology choice, and screening accuracy is further strengthened by informational complementarities. The informational synergy we uncover provides a rationale for the joint rise of cashless payments and FinTech lending, as well as for open banking."
Journal of Finance,finance,https://openalex.org/W7116876453,https://doi.org/10.1111/jofi.70010,Investment under Upstream and Downstream Uncertainty,2025-12-22,Fotis Grigoris; Gill Segal,0,"ABSTRACT The impact of uncertainty shocks on firm‐level economic activity depends on their origin in supply chains. Upstream (downstream) uncertainty from suppliers (customers) is associated with variability over future input (output) prices. Consequently, a real‐option production model with time‐to‐build suggests that only upstream uncertainty suppresses investment, since upstream (downstream) uncertainty affects the shorter (longer) run. Production network data show that upstream uncertainty negatively affects firm‐level outcomes. Conversely, downstream uncertainty affects firm‐level outcomes more weakly but positively. At the macro level, these two uncertainties oppositely predict aggregate growth and asset prices. Overall, downstream uncertainty has an expansionary effect, in contrast to other facets of uncertainty."
Journal of Financial Economics,finance,https://openalex.org/W4406092880,https://doi.org/10.1016/j.jfineco.2024.103975,Self-Declared benchmarks and fund manager intent: “Cheating” or competing?,2025-01-06,Huaizhi Chen; Richard B. Evans; Yang Sun,3,
Journal of Financial Economics,finance,https://openalex.org/W4406212357,https://doi.org/10.1016/j.jfineco.2024.103990,"Q: Risk, rents, or growth?",2025-01-09,Alexandre Corhay; Howard Kung; Lukas Schmid,3,
Journal of Financial Economics,finance,https://openalex.org/W4406162470,https://doi.org/10.1016/s0304-405x(25)00008-x,Editorial Board,2025-01-09,,0,
Journal of Financial Economics,finance,https://openalex.org/W4406305650,https://doi.org/10.1016/j.jfineco.2025.103993,Yield drifts when issuance comes before macro news,2025-01-13,Dong Lou; Gábor Pintér; Semih Üslü; Danny Walker,1,
Journal of Financial Economics,finance,https://openalex.org/W4406367556,https://doi.org/10.1016/j.jfineco.2024.103988,Fed information effects: Evidence from the equity term structure,2025-01-14,Benjamin Golez; Ben Matthies,7,
Journal of Financial Economics,finance,https://openalex.org/W4406583935,https://doi.org/10.1016/j.jfineco.2025.103996,Optimal illiquidity,2025-01-18,John Beshears; James J. Choi; C.R.I. Clayton; Christopher Harris; David Laibson; Brigitte C. Madrian,4,
Journal of Financial Economics,finance,https://openalex.org/W4406629233,https://doi.org/10.1016/j.jfineco.2025.103995,"Asymmetric information, disagreement, and the valuation of debt and equity",2025-01-21,Snehal Banerjee; Bradyn M. Breon-Drish; Kevin Smith,4,
Journal of Financial Economics,finance,https://openalex.org/W4406791808,https://doi.org/10.1016/j.jfineco.2024.103991,ESG: A panacea for market power?,2025-01-24,Philip Bond; Doron Levit,14,
Journal of Financial Economics,finance,https://openalex.org/W4406795634,https://doi.org/10.1016/j.jfineco.2025.103994,The volatility puzzle of the beta anomaly,2025-01-24,Pedro Barroso; Andrew L. Detzel; Paulo F. Maio,9,
Journal of Financial Economics,finance,https://openalex.org/W4406897180,https://doi.org/10.1016/j.jfineco.2025.104005,Optimal policy for behavioral financial crises,2025-01-28,Paul Fontanier,5,
Journal of Financial Economics,finance,https://openalex.org/W3122552287,https://doi.org/10.1016/j.jfineco.2025.104004,Central Bank–Driven Mispricing,2025-01-29,Loriana Pelizzon; Marti G. Subrahmanyam; Davide Tomio,3,"We explore whether Quantitative Easing (QE) negatively affected the functioning of the treasury market. Focusing on the arbitrage between European sovereign bonds and their futures contracts, we show that the scarcity of treasuries created by QE led to a disconnect between the prices of identical assets. We identify three channels: reduced bond market liquidity, increased funding costs in the repo market, and a higher cost of carry. A change in a policy instrument allows us to identify scarcity as the main driver and rule out alternatives, such as balance sheet costs. Our results extend to other arbitrage relations involving treasuries."
Journal of Financial Economics,finance,https://openalex.org/W4406950994,https://doi.org/10.1016/j.jfineco.2025.104008,Strategic arbitrage in segmented markets,2025-01-30,Svetlana Bryzgalova; Anna Pavlova; Taisiya Sikorskaya,10,"We propose a model in which arbitrageurs act strategically in markets with entry costs. In a repeated game, arbitrageurs choose to specialize in some markets, which leads to the highest combined profits. We present evidence consistent with our theory from the options market, in which suboptimally unexercised options create arbitrage opportunities for intermediaries. We use transaction-level data to identify the corresponding arbitrage trades. Consistent with the model, only 57% of these opportunities attract entry by arbitrageurs. Of those that do, 49% attract only one arbitrageur. Finally, we detail how market participants circumvent a regulation devised to curtail this arbitrage strategy."
Journal of Financial Economics,finance,https://openalex.org/W4407049082,https://doi.org/10.1016/j.jfineco.2025.104003,Financial Inclusion Across the United States,2025-01-31,Motohiro Yogo; Andrew Whitten; Natalie Cox,2,
Journal of Financial Economics,finance,https://openalex.org/W4407065489,https://doi.org/10.1016/s0304-405x(25)00022-4,Editorial Board,2025-02-01,,0,
Journal of Financial Economics,finance,https://openalex.org/W4407269816,https://doi.org/10.1016/j.jfineco.2025.104006,The real and financial effects of internal liquidity: Evidence from the Tax Cuts and Jobs Act,2025-02-08,James F. Albertus; Brent Glover; Oliver Levine,6,
Journal of Financial Economics,finance,https://openalex.org/W4407554187,https://doi.org/10.1016/j.jfineco.2025.104007,Global Business Networks,2025-02-13,Christian Breitung; Sebastian Mueller,19,"We leverage the capabilities of GPT-3 to generate historical business descriptions for over 63,000 global firms. Utilizing these descriptions and advanced embedding models from OpenAI, we construct time-varying business networks that represent business links across the globe. We showcase the performance of these networks by studying the lead–lag effect for global stocks and predicting target firms in M&A deals. We demonstrate how masking firm-specific details can mitigate look-ahead bias concerns that may arise from the use of embedding models with a recent knowledge cutoff, and how to differentiate between competitor, supplier, and customer links by fine-tuning an open-source language model."
Journal of Financial Economics,finance,https://openalex.org/W4407429616,https://doi.org/10.1016/j.jfineco.2025.104019,Bank competition and household privacy in a digital payment monopoly,2025-02-13,Itai Agur; Anil Ari; Giovanni Dell’Ariccia,4,
Journal of Financial Economics,finance,https://openalex.org/W4407502003,https://doi.org/10.1016/j.jfineco.2025.104022,The impact of bank financing on municipalities’ bond issuance and the real economy,2025-02-13,Ramona Dagostino,5,
Journal of Financial Economics,finance,https://openalex.org/W4407427933,https://doi.org/10.1016/j.jfineco.2025.104009,Do bank CEOs learn from banking crises?,2025-02-13,Gloria Yang Yu,3,"Does the early-career exposure of bank CEOs to the 1980s savings and loans (S&L) crisis affect the outcomes of banks they subsequently managed? We measure the S&L crisis exposure by the bank failure rate in the states where CEOs worked during the S&L crisis. Armed with this measure, we find that banks managed by CEOs with higher S&L crisis exposure took on less risk and that these banks better survived the financial crisis of 2008. In particular, CEOs adjusted risk attitudes in areas causing the S&L crisis: their more intense crisis experience reduced banks’ interest rate risk , exposure to risky financial innovation and credit risk. We establish the causal interpretation of the findings by evaluating the impact of crisis exposure via CEO hometown states and exploiting quasi-exogenous turnovers due to CEO retirement. Overall, CEOs learned from the past industry crisis which helped curtail their institutions’ risk exposures and enhance later crisis performance."
Journal of Financial Economics,finance,https://openalex.org/W4407687300,https://doi.org/10.1016/j.jfineco.2025.104024,Growing the efficient frontier on panel trees,2025-02-18,Lin William Cong; Guanhao Feng; Jingyu He; Xin He,15,"We introduce a new class of tree-based models, P-Trees, for analyzing (unbalanced) panel of individual asset returns, generalizing high-dimensional sorting with economic guidance and interpretability. Under the mean–variance efficient framework, P-Trees construct test assets that significantly advance the efficient frontier compared to commonly used test assets, with alphas unexplained by benchmark pricing models. P-Tree tangency portfolios also constitute traded factors, recovering the pricing kernel and outperforming popular observable and latent factor models for investments and cross-sectional pricing. Finally, P-Trees capture the complexity of asset returns with sparsity, achieving out-of-sample Sharpe ratios close to those attained only by over-parameterized large models."
Journal of Financial Economics,finance,https://openalex.org/W4407775844,https://doi.org/10.1016/j.jfineco.2025.104023,Expected idiosyncratic volatility,2025-02-20,Geert Bekaert; Mikael C. Bergbrant; Haimanot Kassa,7,
Journal of Financial Economics,finance,https://openalex.org/W4407834764,https://doi.org/10.1016/s0304-405x(25)00041-8,Editorial Board,2025-02-21,,0,
Journal of Financial Economics,finance,https://openalex.org/W3213363388,https://doi.org/10.1016/j.jfineco.2025.104026,Distributed ledgers and the governance of money,2025-02-22,Raphael Auer; Cyril Monnet; Hyun Song Shin,4,
Journal of Financial Economics,finance,https://openalex.org/W4407873832,https://doi.org/10.1016/j.jfineco.2025.104025,Intermediary financing without commitment,2025-02-24,Yunzhi Hu; Felipe Varas,3,
Journal of Financial Economics,finance,https://openalex.org/W4407873783,https://doi.org/10.1016/j.jfineco.2025.104010,Warp speed price moves: Jumps after earnings announcements,2025-02-24,Kim Christensen; Allan Timmermann; Bezirgen Veliyev,5,
Journal of Financial Economics,finance,https://openalex.org/W4407898794,https://doi.org/10.1016/j.jfineco.2025.104028,Constrained liquidity provision in currency markets,2025-02-24,Wenqian Huang; Angelo Ranaldo; Andreas Schrimpf; Fabricius Somogyi,7,
Journal of Financial Economics,finance,https://openalex.org/W4408009475,https://doi.org/10.1016/j.jfineco.2025.104027,Back to the 1980s or not? The drivers of inflation and real risks in Treasury bonds,2025-02-27,Carolin Pflueger,7,
Journal of Financial Economics,finance,https://openalex.org/W4408329493,https://doi.org/10.1016/s0304-405x(25)00053-4,Editorial Board,2025-03-11,,0,
Journal of Financial Economics,finance,https://openalex.org/W4408348022,https://doi.org/10.1016/j.jfineco.2025.104037,"Main Street’s Pain, Wall Street’s Gain",2025-03-12,Nancy R. Xu; Yang You,3,
Journal of Financial Economics,finance,https://openalex.org/W4408477305,https://doi.org/10.1016/j.jfineco.2025.104038,Can everyone tap into the housing piggy bank? Racial disparities in access to home equity,2025-03-15,James Conklin; Kristopher Gerardi; Lauren Lambie‐Hanson,1,
Journal of Financial Economics,finance,https://openalex.org/W4408538238,https://doi.org/10.1016/j.jfineco.2025.104039,"Investor demand, firm investment, and capital misallocation",2025-03-17,Jaewon Choi; Xu Tian; Yufeng Wu; Mahyar Kargar,5,
Journal of Financial Economics,finance,https://openalex.org/W4408593188,https://doi.org/10.1016/j.jfineco.2025.104040,"Fintech entry, lending market competition, and welfare",2025-03-19,Xavier Vives; Zhiqiang Ye,10,
Journal of Financial Economics,finance,https://openalex.org/W4408915171,https://doi.org/10.1016/j.jfineco.2025.104018,Benchmarking benchmarks,2025-03-28,James Brugler; Marta Khomyn; Tālis J. Putniņš,1,"Financial benchmarks such as LIBOR underpin the pricing of trillions of dollars of contracts around the world. We evaluate the quality of benchmark prices using a state-space model to separate information from noise. Applying the method to LIBOR benchmarks and their replacements, we find that alternative reference rates (ARRs) are less noisy in four of the five currencies. However, the USD ARR is considerably more noisy, resulting in billions of dollars of noise-related wealth transfers between contract counterparties. We show that benchmark reforms such as expanding the reference market and using a trimmed mean can reduce noise in ARRs."
Journal of Financial Economics,finance,https://openalex.org/W4409170832,https://doi.org/10.1016/j.jfineco.2025.104051,The retail execution quality landscape,2025-04-04,Anne Haubo Dyhrberg; Andriy Shkilko; Ingrid M. Werner,11,"We demonstrate that off-exchange (wholesaler) executions provide significant cost savings to retail investors. Wholesaler concentration has raised regulatory concerns; however, we show that the largest wholesalers offer the lowest costs due to economies of scale. The entry of a new large wholesaler reduces incumbent scale economies, resulting in higher execution costs. Most retail brokers route to multiple wholesalers and actively monitor their performance, rewarding those offering lower execution costs with more volume. While retail investors benefit from the current landscape across all stocks, those trading small stocks benefit the most."
Journal of Financial Economics,finance,https://openalex.org/W4409170574,https://doi.org/10.1016/j.jfineco.2025.104057,Reaching for yield: Evidence from households,2025-04-04,Francisco Gomes; Cameron Peng; Oksana Smirnova; Ning Zhu,3,"The literature has documented “reaching for yield”—the phenomenon of investing more in risky assets when interest rates drop—among institutional investors. We analyze detailed transaction data from a large brokerage firm to provide direct field evidence that individual investors also exhibit this behavior. Consistent with models of portfolio choice with labor income, reaching for yield is more pronounced among younger and less-wealthy individuals. Consistent with prospect theory, reaching for yield is more pronounced when investors are trading at a loss. Finally, we observe and discuss the phenomenon of “reverse reaching for yield.”"
Journal of Financial Economics,finance,https://openalex.org/W4409170581,https://doi.org/10.1016/j.jfineco.2025.104052,Understanding the strength of the dollar,2025-04-04,Zhengyang Jiang; Robert Richmond; Tony Zhang,2,
Journal of Financial Economics,finance,https://openalex.org/W4409190728,https://doi.org/10.1016/j.jfineco.2025.104058,Central bank liquidity reallocation and bank lending: Evidence from the tiering system,2025-04-05,Carlo Altavilla; Miguel Boucinha; Lorenzo Burlón; Mariassunta Giannetti; Julian Schumacher,6,"We document that the reallocation of central bank reserves towards banks with higher liquidity needs fosters credit supply. Exploiting the ECB's tiered reserve remuneration system for identification, we show that this system encouraged banks with low reserve holdings to obtain more reserves through the money market. Concomitantly, these banks reduced their securities holdings and extended more credit. We estimate that the reallocation of one euro of reserves towards banks with ex ante low reserve holdings resulted in an increase in credit supply of about 15 cents."
Journal of Financial Economics,finance,https://openalex.org/W4409199040,https://doi.org/10.1016/j.jfineco.2025.104055,Strategic digitization in currency and payment competition,2025-04-06,Lin William Cong; Simon Mayer,5,
Journal of Financial Economics,finance,https://openalex.org/W4409216373,https://doi.org/10.1016/j.jfineco.2024.103950,Customer data access and fintech entry: Early evidence from open banking,2025-04-07,Tania Babina; Saleem Bahaj; Greg Buchak; Filippo De Marco; Angus Foulis; Will Gornall; Francesco Mazzola; Tong Yu,19,
Journal of Financial Economics,finance,https://openalex.org/W4409212928,https://doi.org/10.1016/j.jfineco.2025.104060,Rules versus discretion in capital regulation,2025-04-07,Urban J. Jermann; Haotian Xiang,2,"We study capital regulation in a dynamic model for bank deposits. Capital regulation addresses banks’ incentive for excessive leverage that dilutes depositors, but preserves some dilution to reduce bank defaults. We show theoretically that capital regulation is subject to a time inconsistency problem. In a model with non-maturing deposits where optimal withdrawals make deposits endogenously long-term, we find commitment to have important effects on the optimal level and cyclicality of capital adequacy. Our results call for a systematic framework that limits capital regulators’ discretion."
Journal of Financial Economics,finance,https://openalex.org/W4409254145,https://doi.org/10.1016/j.jfineco.2025.104050,Payments and privacy in the digital economy,2025-04-08,Toni Ahnert; Peter Hoffmann; Cyril Monnet,7,
Journal of Financial Economics,finance,https://openalex.org/W4409270067,https://doi.org/10.1016/j.jfineco.2025.104053,Data sales and data dilution,2025-04-08,Ernest Liu; Song Ma; Laura Veldkamp,7,
Journal of Financial Economics,finance,https://openalex.org/W4409309952,https://doi.org/10.1016/j.jfineco.2025.104054,Collateral value uncertainty and mortgage credit provision,2025-04-09,Erica Xuewei Jiang; Anthony Lee Zhang,2,
Journal of Financial Economics,finance,https://openalex.org/W4409336737,https://doi.org/10.1016/j.jfineco.2025.104059,The return of return dominance: Decomposing the cross-section of prices,2025-04-10,Ricardo De la O; Xiao Han; Sean Myers,4,"What explains cross-sectional dispersion in stock valuation ratios? We find that 75% of dispersion in price–earnings ratios is reflected in differences in future returns, while only 25% is reflected in differences in future earnings growth. This holds at both the portfolio-level and the firm-level. We reconcile these conclusions with previous literature which has found a strong relation between prices and future profitability. Our results support models in which the cross-section of price–earnings ratios is driven mainly by discount rates or mispricing rather than future earnings growth. Evaluating six models of the value premium, we find that most models struggle to match our results; however, models with long-lived differences in risk exposure or gradual learning about parameters perform the best. The lack of earnings growth differences at long horizons provides new evidence in favor of long-run return predictability. We also show a similar dominance of predicted returns for explaining the dispersion in return surprises."
Journal of Financial Economics,finance,https://openalex.org/W4409332504,https://doi.org/10.1016/s0304-405x(25)00075-3,Editorial Board,2025-04-10,,0,
Journal of Financial Economics,finance,https://openalex.org/W4409487483,https://doi.org/10.1016/j.jfineco.2025.104062,Trust as an entry barrier: Evidence from FinTech adoption,2025-04-16,Keer Yang,9,"This paper studies the role of trust in incumbent lenders (banks) as an entry barrier to emerging FinTech lenders in credit markets. The empirical setting exploits the outbreak of the Wells Fargo scandal as a negative shock to borrowers’ trust in banks. Using a difference-in-differences framework, I find that increased exposure to the Wells Fargo scandal leads to an increase in the probability of borrowers using FinTech as mortgage originators. Utilizing political affiliation to proxy for the magnitude of trust erosion in banks in a triple-differences specification, I find that, conditional on the same exposure to the scandal, a county experiencing a greater erosion of trust has a larger increase in FinTech share relative to a county experiencing less of an erosion of trust. Estimating treatment effect heterogeneity using generic machine learning inference suggests that borrowers with the greatest decrease in trust in banks and the greatest increase in FinTech adoption have similar characteristics."
Journal of Financial Economics,finance,https://openalex.org/W4409488058,https://doi.org/10.1016/j.jfineco.2025.104056,Screening using a menu of contracts: A structural model for lending markets,2025-04-16,Alberto Polo; Arthur Taburet; Quynh-Anh Vo,0,
Journal of Financial Economics,finance,https://openalex.org/W4409569761,https://doi.org/10.1016/j.jfineco.2025.104063,The value of privacy and the choice of limited partners by venture capitalists,2025-04-18,Rustam Abuzov; Will Gornall; Ilya A. Strebulaev,2,
Journal of Financial Economics,finance,https://openalex.org/W4409696244,https://doi.org/10.1016/j.jfineco.2025.104017,"LTCM Redux? Hedge fund Treasury trading, funding fragility, and risk constraints",2025-04-23,Mathias S. Kruttli; Phillip Monin; Lubomir Petrasek; Sumudu W. Watugala,7,
Journal of Financial Economics,finance,https://openalex.org/W4409732438,https://doi.org/10.1016/j.jfineco.2025.104029,Innovation and capital,2025-04-24,Daniel C. Fehder; Naomi Hausman; Yael V. Hochberg,3,
Journal of Financial Economics,finance,https://openalex.org/W4410016079,https://doi.org/10.1016/j.jfineco.2025.104078,Global volatility and firm-level capital flows,2025-04-30,Marcin Kacperczyk; Jaromir Nosal; Tianyu Wang,4,
Journal of Financial Economics,finance,https://openalex.org/W4410079896,https://doi.org/10.1016/j.jfineco.2025.104070,Redeploying dirty assets: The impact of environmental,2025-05-05,Jason Chen,2,
Journal of Financial Economics,finance,https://openalex.org/W4410076614,https://doi.org/10.1016/j.jfineco.2025.104061,Receiving investors in the block market for corporate bonds,2025-05-05,Stacey E. Jacobsen; Kumar Venkataraman,2,
Journal of Financial Economics,finance,https://openalex.org/W4410218386,https://doi.org/10.1016/j.jfineco.2025.104082,Do intermediaries improve GSE lending? Evidence from proprietary GSE data,2025-05-09,Joshua Bosshardt; Ali Kakhbod; Amir Kermani,0,"We analyze the trade-offs of having intermediaries originate government-sponsored enterprise (GSE) mortgages using proprietary GSE data. We first find evidence of lenders pricing for observable and unobservable default risk independently of the GSEs. We then develop and estimate a model of competitive lending in which lenders have skin-in-the-game and conduct additional screening beyond the GSEs’ criteria. Lenders reduce costs via screening but also charge markups. On net, interest rates are higher compared to a counterfactual effectively without intermediaries. In an extension, the observed differences between banks and nonbanks are more consistent with differences in their skin-in-the-game rather than screening quality."
Journal of Financial Economics,finance,https://openalex.org/W4410235548,https://doi.org/10.1016/j.jfineco.2025.104083,A quantitative analysis of bank lending relationships,2025-05-09,Kyle Dempsey; Miguel Faria-e-Castro,0,
Journal of Financial Economics,finance,https://openalex.org/W4410253363,https://doi.org/10.1016/j.jfineco.2025.104075,"Pension fund flows, exchange rates, and covered interest rate parity",2025-05-10,Felipe Aldunate; Zhi Da; Borja Larraín; Clemens Sialm,3,
Journal of Financial Economics,finance,https://openalex.org/W4410257497,https://doi.org/10.1016/j.jfineco.2025.104079,Revenue collapses and the consumption of small business owners in the COVID-19 pandemic,2025-05-10,Olivia S. Kim; Jonathan A. Parker; Antoinette Schoar,1,
Journal of Financial Economics,finance,https://openalex.org/W2933441164,https://doi.org/10.1016/j.jfineco.2025.104080,Banks as regulated traders,2025-05-12,Antonio Falato; Diana Iercosan; Filip Žikeš,1,
Journal of Financial Economics,finance,https://openalex.org/W4410330575,https://doi.org/10.1016/j.jfineco.2025.104077,Entrepreneurial spillovers across coworkers,2025-05-13,Melanie Wallskog,5,
Journal of Financial Economics,finance,https://openalex.org/W4410320544,https://doi.org/10.1016/s0304-405x(25)00098-4,Editorial Board,2025-05-13,,0,
Journal of Financial Economics,finance,https://openalex.org/W4410395844,https://doi.org/10.1016/j.jfineco.2025.104084,Exorbitant privilege? Quantitative easing and the bond market subsidy of prospective fallen angels,2025-05-15,Viral V. Acharya; Ryan Banerjee; Matteo Crosignani; Tim Eisert; Renée Spigt,3,
Journal of Financial Economics,finance,https://openalex.org/W4410456765,https://doi.org/10.1016/j.jfineco.2025.104085,Liquidity picking and fund performance,2025-05-17,Feng Jiao; Sergei Sarkissian; David Schumacher,3,
Journal of Financial Economics,finance,https://openalex.org/W4410459283,https://doi.org/10.1016/j.jfineco.2025.104081,Robust difference-in-differences analysis when there is a term structure,2025-05-17,Kjell G. Nyborg; Jiri Woschitz,1,
Journal of Financial Economics,finance,https://openalex.org/W4410585907,https://doi.org/10.1016/s0304-405x(25)00109-6,Editorial Board,2025-05-22,,0,
Journal of Financial Economics,finance,https://openalex.org/W4410704062,https://doi.org/10.1016/j.jfineco.2025.104104,"Bank stress testing, human capital investment and risk management",2025-05-24,Thomas Schneider; Philip E. Strahan; Jun Yang,5,
Journal of Financial Economics,finance,https://openalex.org/W4410732092,https://doi.org/10.1016/j.jfineco.2025.104093,"The economics of “Buy Now, Pay Later”: A merchant’s perspective",2025-05-26,Tobias Berg; Valentin Burg; Jan Keil; Manju Puri,5,
Journal of Financial Economics,finance,https://openalex.org/W4410743536,https://doi.org/10.1016/j.jfineco.2025.104095,The impact of prices on analyst cash flow expectations: Reconciling subjective beliefs data with rational discount rate variation,2025-05-26,Aditya Chaudhry,3,"I show that prices impact analyst cash flow expectations and argue this impact can partially reconcile subjective beliefs data with asset pricing models in which investors have rational expectations and discount rate variation drives prices. Previous work argues that correlations of biased analyst cash flow expectations with prices and future returns contradict rational models and imply biased investor expectations distort prices. However, using two instrumental variables for price, I find increases in price unrelated to cash flow news raise analyst cash flow expectations. Based on this empirical finding, I propose a model with rational investors that matches key moments in beliefs data: analysts form biased cash flow expectations by learning from prices that contain discount rate variation. Thus, while stylized facts in beliefs data can be consistent with investors having biased expectations that distort prices, these facts can also be consistent with investors having rational expectations and analysts learning from prices."
Journal of Financial Economics,finance,https://openalex.org/W4410739181,https://doi.org/10.1016/j.jfineco.2025.104072,Printing away the mortgages: Fiscal inflation and the post-covid boom,2025-05-26,William Diamond; Tim Landvoigt; Germán Sánchez Torres,2,
Journal of Financial Economics,finance,https://openalex.org/W4410743443,https://doi.org/10.1016/j.jfineco.2025.104107,Private equity in the hospital industry,2025-05-26,Janet Gao; Yong‐Seok Kim; Merih Sevilir,2,
Journal of Financial Economics,finance,https://openalex.org/W4410739187,https://doi.org/10.1016/j.jfineco.2025.104086,Differential access to dark markets and execution outcomes,2025-05-26,James Brugler; Carole Comerton‐Forde,1,"Dark pools can restrict access for specific trader types. We compare execution outcomes between dark pools that restrict high frequency trader access and those that do not. We find that trades executed in dark pools with more access restrictions have less order flow information leakage, adverse selection risk and post-trade order imbalances than trades in less restricted pools. Evidence from exogenous dark pool closures demonstrates that these differences are causal. The ability to segment order flow can benefit investors because it allows them to make trade-offs between execution risk and information leakage across different dark venues."
Journal of Financial Economics,finance,https://openalex.org/W4410779021,https://doi.org/10.1016/j.jfineco.2025.104076,CRISK: Measuring the climate risk exposure of the financial system,2025-05-27,Hyeyoon Jung; Robert Engle; Richard Berner,37,
Journal of Financial Economics,finance,https://openalex.org/W4410779123,https://doi.org/10.1016/j.jfineco.2025.104106,Conditional risk and the pricing kernel,2025-05-27,David Schreindorfer; Tobias Sichert,14,
Journal of Financial Economics,finance,https://openalex.org/W4410778937,https://doi.org/10.1016/j.jfineco.2025.104110,Economic links from bonds and cross-stock return predictability,2025-05-27,Jian Feng; Xiaolin Huo; Xin Liu; Yifei Mao; Hong Xiang,7,
Journal of Financial Economics,finance,https://openalex.org/W3193186241,https://doi.org/10.1016/j.jfineco.2025.104071,Surviving the fintech disruption,2025-05-27,Wei Jiang; Yuehua Tang; Rachel J. Xiao; Vincent Yao,6,
Journal of Financial Economics,finance,https://openalex.org/W4410841599,https://doi.org/10.1016/j.jfineco.2025.104105,"Too Levered for Pigou: Carbon pricing, financial constraints, and leverage regulation",2025-05-29,Robin Döttling; Magdalena Rola-Janicka,6,
Journal of Financial Economics,finance,https://openalex.org/W4410943711,https://doi.org/10.1016/j.jfineco.2025.104096,Why do portfolio choice models predict inelastic demand?,2025-06-02,Carter Davis; Mahyar Kargar; Jiacui Li,11,"Classical asset pricing models predict that optimizing investors exhibit extremely high demand elasticities, while empirical estimates are significantly lower—by three orders of magnitude. To reconcile this disparity, we introduce a novel decomposition of investor demand elasticity into two key components: “price pass-through”, which captures how price movements forecast returns, and “unspanned returns”, reflecting a stock’s lack of perfect substitutes. In a factor model framework, we show that unspanned returns become significant when models include “weak factors”. Classical models overestimate demand elasticity by assuming both very low unspanned returns and high price pass-throughs, assumptions that are inconsistent with empirical evidence."
Journal of Financial Economics,finance,https://openalex.org/W4411015348,https://doi.org/10.1016/j.jfineco.2025.104109,Diversification driven demand for large stock,2025-06-04,Huaizhi Chen,2,"I show that as a portfolio’s value concentration increases, actively managed portfolios predictably trim large positions, maintaining a level of practical diversification. This rebalancing channel is concentrated at thresholds implied by regulatory guidelines and by a fund’s own risk management histories. Since larger stocks are typically held widely and in large weights, they experience a coordinated contrarian trading demand that originates from this form of risk management. Diversification driven demand captures a novel return-reversal pattern in the large stock portfolios. Compensating this source of demand accentuates momentum returns during the modern sample period (1990 to 2022)."
Journal of Financial Economics,finance,https://openalex.org/W4411017095,https://doi.org/10.1016/s0304-405x(25)00131-x,Editorial Board,2025-06-04,,0,
Journal of Financial Economics,finance,https://openalex.org/W4411198553,https://doi.org/10.1016/j.jfineco.2025.104126,Honoring Michael C. Jensen,2025-06-11,,0,
Journal of Financial Economics,finance,https://openalex.org/W4411201444,https://doi.org/10.1016/j.jfineco.2025.104108,Show me the receipts: B2B payment timeliness and expected returns,2025-06-11,Paul Lieberman; Atanas Mihov; Andy Naranjo; Mihail Velikov,0,
Journal of Financial Economics,finance,https://openalex.org/W4411211321,https://doi.org/10.1016/j.jfineco.2025.104116,Jensen and Meckling at 50,2025-06-11,Patrick Bolton,0,
Journal of Financial Economics,finance,https://openalex.org/W4411224582,https://doi.org/10.1016/j.jfineco.2025.104094,Price regulation in two-sided markets: Empirical evidence from debit cards,2025-06-12,Vladimir Mukharlyamov; Natasha Sarin,2,"This paper provides empirical evidence of a well-known theoretical concern that market failures in two-sided markets are hard to identify and correct. We study the reactions of banks, merchants, and consumers to Dodd-Frank’s Durbin Amendment that lowered interchange fees on debit card transactions. Banks recouped a significant portion of their losses by charging consumers for products that they previously provided for free on the subsidized side of the two-sided market. The accelerated adoption of credit cards with higher interchange fees likely diminished—if not eliminated—merchants’ savings. These effects impede the regulation’s stated objective of enhancing consumers’ welfare through lower retail prices."
Journal of Financial Economics,finance,https://openalex.org/W3081130216,https://doi.org/10.1016/j.jfineco.2025.104114,Equity duration and predictability,2025-06-12,Benjamin Golez; Peter Koudijs,4,"One of the most puzzling findings in asset pricing is that expected returns dominate variation in the dividend-to-price ratio, leaving little room for dividend growth rates. Even more puzzling is that this dominance only emerged after 1945. We develop a present value model to argue that a general increase in equity duration can explain these findings. As cash flows to investors accrue further into the future, shocks to highly persistent expected returns become relatively more important than shocks to growth rates. We provide supportive empirical evidence from dividend strips, the time-series, and the cross-section of stocks."
Journal of Financial Economics,finance,https://openalex.org/W4411396019,https://doi.org/10.1016/j.jfineco.2025.104115,The invention of corporate governance,2025-06-18,Yueran Ma; Andrei Shleifer,11,
Journal of Financial Economics,finance,https://openalex.org/W4411475859,https://doi.org/10.1016/j.jfineco.2025.104119,Michael C. Jensen’s empirical work,2025-06-20,Eugene F. Fama; Kenneth R. French,0,
Journal of Financial Economics,finance,https://openalex.org/W4411529620,https://doi.org/10.1016/j.jfineco.2025.104118,The lessons of Michael C. Jensen,2025-06-22,René M. Stulz,0,This paper assesses the contributions of Michael C. Jensen to financial economics and to American business. His work on agency theory is the cornerstone of modern corporate finance. He influenced how American business operates by helping make the internal and external governance of firms more efficient. He changed how knowledge in financial economics is diffused both through the founding of the Journal of Financial Economics and of the Social Science Research Network. I question the claim made by some that he recanted his ideas in the 2000s.
Journal of Financial Economics,finance,https://openalex.org/W4411606629,https://doi.org/10.1016/j.jfineco.2025.104112,The trade imbalance network and currency returns,2025-06-24,Ai Jun Hou; Lucio Sarno; Xiaoxia Ye,2,
Journal of Financial Economics,finance,https://openalex.org/W4412453247,https://doi.org/10.1016/j.jfineco.2025.104113,The value of financial intermediation: Evidence from online debt crowdfunding,2025-07-15,Fabio Braggion; Alberto Manconi; Nicola Pavanini; Haikun Zhu,2,
Journal of Financial Economics,finance,https://openalex.org/W4412475262,https://doi.org/10.1016/j.jfineco.2025.104133,Defunding controversial industries: Can targeted credit rationing choke firms?,2025-07-16,Kunal Sachdeva; André F. Silva; Pablo Slutzky; Billy Xu,3,"This paper examines the effects of targeted credit rationing by banks on firms likely to generate negative externalities. We exploit an initiative of the U.S. Department of Justice, labeled Operation Choke Point, which compelled banks to limit relationships with firms in controversial industries. Using supervisory loan-level data, we show that, as intended, targeted banks reduced lending and terminated relationships with affected firms. However, most of these firms fully substituted credit through nontargeted banks under similar terms. Overall, we find no significant shifts in the performance and investment of affected firms, suggesting that targeted credit rationing is widely ineffective in promoting change."
Journal of Financial Economics,finance,https://openalex.org/W4412509952,https://doi.org/10.1016/j.jfineco.2025.104130,"Macroeconomic drivers and the pricing of uncertainty, inflation, and bonds",2025-07-21,Brandyn Bok; Thomas Mertens; J. C. Williams,1,
Journal of Financial Economics,finance,https://openalex.org/W4412544802,https://doi.org/10.1016/j.jfineco.2025.104138,Machine learning from a “Universe” of signals: The role of feature engineering,2025-07-22,Bin Li; Alberto G. Rossi; Xuemin Sterling Yan; Lingling Zheng,2,
Journal of Financial Economics,finance,https://openalex.org/W4412564051,https://doi.org/10.1016/j.jfineco.2025.104131,Climbing and falling off the ladder: Asset pricing implications of labor market event risk,2025-07-22,Lawrence Schmidt,1,
Journal of Financial Economics,finance,https://openalex.org/W4412610858,https://doi.org/10.1016/j.jfineco.2025.104135,Information-based pricing in specialized lending,2025-07-23,Kristian Blickle; Zhiguo He; Jing Huang; Cecilia Parlatore,1,
Journal of Financial Economics,finance,https://openalex.org/W4412717656,https://doi.org/10.1016/j.jfineco.2025.104146,Stakes and investor behaviors,2025-07-25,Pengfei Sui; Baolian Wang,1,
Journal of Financial Economics,finance,https://openalex.org/W4412661663,https://doi.org/10.1016/j.jfineco.2025.104144,The retail habitat,2025-07-26,Toomas Laarits; Marco Sammon,1,
Journal of Financial Economics,finance,https://openalex.org/W4412694734,https://doi.org/10.1016/j.jfineco.2025.104141,Household debt overhang and human capital investment,2025-07-28,Gustavo Manso; Alejandro Rivera; Hui Wang; Xia Han,3,
Journal of Financial Economics,finance,https://openalex.org/W4412689222,https://doi.org/10.1016/j.jfineco.2025.104134,The marginal value of public pension wealth: Evidence from border house prices,2025-07-28,Darren Aiello; Asaf Bernstein; Mahyar Kargar; Ryan Lewis; Michael Schwert,2,
Journal of Financial Economics,finance,https://openalex.org/W4412689227,https://doi.org/10.1016/j.jfineco.2025.104140,Overvaluing simple bets: Evidence from the options market,2025-07-28,Aaron Goodman; Indira Puri,1,
Journal of Financial Economics,finance,https://openalex.org/W4412712538,https://doi.org/10.1016/j.jfineco.2025.104132,Maximal extractable value and allocative inefficiencies in public blockchains,2025-07-29,Agostino Capponi; Ruizhe Jia; Kanye Ye Wang,4,
Journal of Financial Economics,finance,https://openalex.org/W4412750384,https://doi.org/10.1016/j.jfineco.2025.104143,"Firm uncertainty and households: Spending, savings, and risks",2025-07-30,Iván Alfaro; Hoonsuk Park,2,
Journal of Financial Economics,finance,https://openalex.org/W4412829368,https://doi.org/10.1016/j.jfineco.2025.104148,When do short sellers trade? Evidence from intraday data and implications for informed trading models,2025-08-01,Danqi Hu; Charles M. Jones; Xiaoyan Zhang; Xinran Zhang,1,
Journal of Financial Economics,finance,https://openalex.org/W4412906955,https://doi.org/10.1016/j.jfineco.2025.104129,Measurement and effects of bank exit policies,2025-08-04,Dan Green; B L Vallee,11,"We study whether exit policies by financial institutions have financial and real consequences on the firms they target, using bank coal exit policies as a laboratory. In contrast to theories assuming high capital substitutability, we find large effects of these policies. Bank exit policies negatively affect both the financing and operation of coal assets. Substitution to other sources and providers of capital appears to be limited. Coal power plants owned by firms exposed to exit policies are more likely to retire, translating into lower CO2 emissions. Exit policies have reduced CO2e emissions from energy production by an estimated 0.62 gigaton."
Journal of Financial Economics,finance,https://openalex.org/W4412906806,https://doi.org/10.1016/j.jfineco.2025.104147,"Polarization, purpose and profit",2025-08-04,Daniel Ferreira; Radoslawa Nikolowa,1,"We present a model in which firms compete for workers who value nonpecuniary job attributes, such as purpose, sustainability, political stances, or working conditions. Firms adopt production technologies that enable them to offer jobs with varying levels of these desirable attributes. Firms’ profits are higher when they cater to workers with extreme preferences. In a competitive assignment equilibrium, firms become polarized and not only reflect but also amplify the polarized preferences of the general population. More polarized sectors exhibit higher profits, lower average wages, and a reduced labor share of value added. Sustainable investing amplifies firm polarization."
Journal of Financial Economics,finance,https://openalex.org/W4413142703,https://doi.org/10.1016/j.jfineco.2025.104151,Responsible investing: Costs and benefits for university endowment funds,2025-08-09,George O. Aragon; Yuxiang Jiang; Juha Joenväärä; Cristian Ioan Tiu,3,
Journal of Financial Economics,finance,https://openalex.org/W4413192490,https://doi.org/10.1016/j.jfineco.2025.104153,Why does options market information predict stock returns?,2025-08-12,Dmitriy Muravyev; Neil D. Pearson; Joshua Matthew Pollet,5,
Journal of Financial Economics,finance,https://openalex.org/W4413194804,https://doi.org/10.1016/j.jfineco.2025.104117,"Agency cost of free cash flow, capital allocation, and payouts",2025-08-12,Harry DeAngelo; Kathleen M. Kahle; Douglas J. Skinner,1,
Journal of Financial Economics,finance,https://openalex.org/W4413412321,https://doi.org/10.1016/j.jfineco.2025.104139,Social preferences and corporate investment,2025-08-15,Thomas Dangl; Michael Halling; Jin Yu; Josef Zechner,2,
Journal of Financial Economics,finance,https://openalex.org/W4413345153,https://doi.org/10.1016/j.jfineco.2025.104149,The financial consequences of undiagnosed memory disorders,2025-08-19,Carole Roan Gresenz; Jean M. Mitchell; Belicia Rodriguez; Crystal Wang; Raymond Scott Turner; Wilbert van der Klaauw,0,"We examine the effect of undiagnosed memory disorders on credit outcomes using individually-matched nationally representative credit reporting and Medicare data. We find effects of early stage disease, years before diagnosis, on a wide range of financial outcomes, including credit card account payment delinquency and amount of delinquent balance, credit utilization among credit card account holders, mortgage delinquency and delinquent balance amount, and credit scores. Effects are pervasive, affecting seniors in single and coupled households, racial/ethnic minorities and non-minorities, and older adults living in areas with higher and lower education levels. Early stage effects are greater among singles and Black individuals."
Journal of Financial Economics,finance,https://openalex.org/W4413362882,https://doi.org/10.1016/j.jfineco.2025.104155,Stealthy shorts: Informed liquidity supply,2025-08-20,Amit Goyal; Adam V. Reed; Esad Smajlbegovic; Amar Soebhag,4,"Short sellers are widely known to be informed, which would typically suggest that they demand liquidity. We obtain comprehensive transaction-level data to decompose daily short volume into liquidity-demanding and liquidity-supplying components. Contrary to conventional wisdom, we show that the most informed short sellers are actually liquidity suppliers, not liquidity demanders. They are particularly informative about future returns on news days and trade on prominent cross-sectional return anomalies. Our analysis suggests that market making and opportunistic risk-bearing are unlikely to explain these findings. Instead, our results align with recent market microstructure theory, pointing to strategic liquidity provision by informed traders."
Journal of Financial Economics,finance,https://openalex.org/W4413751578,https://doi.org/10.1016/j.jfineco.2025.104154,Investor learning about monetary-policy transmission and the stock market,2025-08-27,Daniel Andrei; Michael Hasler,0,
Journal of Financial Economics,finance,https://openalex.org/W4413817169,https://doi.org/10.1016/j.jfineco.2025.104157,Resilience in collective bargaining,2025-08-29,Carlos F. Avenancio-León; Alessio Piccolo; Roberto Pinto,0,
Journal of Financial Economics,finance,https://openalex.org/W4413885143,https://doi.org/10.1016/j.jfineco.2025.104142,Financial constraints and the racial housing gap,2025-09-01,Arpit Gupta; Christopher Hansman; Pierre Mabille,1,
Journal of Financial Economics,finance,https://openalex.org/W4413986054,https://doi.org/10.1016/j.jfineco.2025.104150,ESG lending,2025-09-04,Sehoon Kim; Nitish Kumar; Jongsub Lee; Junho Oh,5,
Journal of Financial Economics,finance,https://openalex.org/W4414039987,https://doi.org/10.1016/s0304-405x(25)00171-0,Editorial Board,2025-09-06,,0,
Journal of Financial Economics,finance,https://openalex.org/W4414051573,https://doi.org/10.1016/j.jfineco.2025.104152,Pricing and constructing international government bond portfolios,2025-09-08,Otto Randl; Giorgia Simion; Josef Zechner,0,
Journal of Financial Economics,finance,https://openalex.org/W4414104056,https://doi.org/10.1016/j.jfineco.2025.104166,Inflation and Trading,2025-09-11,Philip Schnorpfeil; Michael Weber; Andreas Hackethal,1,
Journal of Financial Economics,finance,https://openalex.org/W4414118635,https://doi.org/10.1016/j.jfineco.2025.104145,Finance without exotic risk,2025-09-11,Pedro Bordalo; Nicola Gennaioli; Rafael La Porta; Andrei Shleifer,1,
Journal of Financial Economics,finance,https://openalex.org/W4414143226,https://doi.org/10.1016/j.jfineco.2025.104156,Entrepreneurship and the gig economy: Evidence from U.S. tax returns,2025-09-12,Matthew Denes; Spyridon Lagaras; Margarita Tsoutsoura,3,"Platform intermediation of goods and services has considerably transformed the U.S. economy. We use administrative data on U.S. tax returns to study the role of the gig economy on entrepreneurship. We find that gig workers are more likely to become entrepreneurs, particularly those who are lower income, younger, and benefit from flexibility. We track all newly created firms and show that gig workers start firms in similar industries as their gig experience, which are less likely to survive and demonstrate higher performance. Overall, our findings suggest on-the-job learning promotes entrepreneurial entry and shifts the types of firms started by entrepreneurs."
Journal of Financial Economics,finance,https://openalex.org/W4414397453,https://doi.org/10.1016/j.jfineco.2025.104158,Taking sides on return predictability,2025-09-22,R. David McLean; Jeffrey Pontiff; Christopher M. Reilly,2,
Journal of Financial Economics,finance,https://openalex.org/W4414518613,https://doi.org/10.1016/j.jfineco.2025.104169,Have CEOs changed?,2025-09-25,Yann Decressin; Steven N. Kaplan; Morten Sørensen,0,
Journal of Financial Economics,finance,https://openalex.org/W4414692003,https://doi.org/10.1016/j.jfineco.2025.104168,How valuable is corporate adaptation to crisis? Estimates from Covid-19 work-from-home announcements,2025-10-01,Adlai J. Fisher; Jiří Knesl; Ryan C. Y. Lee,0,"This article investigates predictors and benefits of corporate adaptation to crisis, adding a new dimension to studies of flexibility and resilience based on ex ante characteristics. We produce a unique sample of work-from-home announcements scraped from company websites during Covid-19. The announcers’ valuations increased by 3%–5% and risk declined versus matches, consistent with real-options theory under asymmetric information. We estimate characteristics, including subtle textual topics from 10-Ks, that predicted adaptation, show faster price response following Bloomberg coverage, and real advantages in subsequent operating performance. Corporate adaptation to crisis adds value and reduces risk, beyond information in firm characteristics."
Journal of Financial Economics,finance,https://openalex.org/W4414948106,https://doi.org/10.1016/j.jfineco.2025.104173,Green tilts,2025-10-08,Ľuboš Pástor; Robert F. Stambaugh; Lucian A. Taylor,1,
Journal of Financial Economics,finance,https://openalex.org/W4414983335,https://doi.org/10.1016/s0304-405x(25)00187-4,Editorial Board,2025-10-09,,0,
Journal of Financial Economics,finance,https://openalex.org/W4415076599,https://doi.org/10.1016/j.jfineco.2025.104183,Robots and firm investment,2025-10-11,Efraim Benmelech; Michał Zator,2,"Using cross-country and German administrative data on robotization, we show that the impact of robots on firms and labor markets is limited. First, investment in robots is small and highly concentrated in a few industries, representing less than 0.3% of aggregate expenditures on equipment. Second, robotization does not grow as rapidly as Information Technology did in the past, and current growth is driven by gains in developing countries. Third, firms invest in robots when they face difficulties in finding workers and subsequently increase employment after the investment. The total employment effect in exposed industries and regions is negative but modest in magnitude. We discuss why the effects of robots are limited and demonstrate that other digital technologies have more potential for large economic impact."
Journal of Financial Economics,finance,https://openalex.org/W4415185754,https://doi.org/10.1016/j.jfineco.2025.104184,"Global sales, international currencies, and the currency denomination of debt",2025-10-15,Riccardo Colacito; Yan Qian; Andreas Stathopoulos,0,
Journal of Financial Economics,finance,https://openalex.org/W3122820762,https://doi.org/10.1016/j.jfineco.2025.104186,Measuring regulatory complexity,2025-10-16,Jean-Édouard Colliard; Co-Pierre Georg,0,
Journal of Financial Economics,finance,https://openalex.org/W4415261289,https://doi.org/10.1016/j.jfineco.2025.104171,Data and welfare in credit markets,2025-10-16,Mark J. Jansen; Fabian Nagel; Constantine Yannelis; Anthony Lee Zhang,0,
Journal of Financial Economics,finance,https://openalex.org/W4415296507,https://doi.org/10.1016/j.jfineco.2025.104182,Dealer balance sheets and bidding behavior in the Bank of England’s QE reverse auctions,2025-10-17,Lena Boneva; Jakub Kastl; Filip Žikeš,0,
Journal of Financial Economics,finance,https://openalex.org/W4415608510,https://doi.org/10.1016/j.jfineco.2025.104172,Implicit extrapolation and the beliefs channel of investment demand,2025-10-28,Haoyang Liu; Christopher Palmer,0,
Journal of Financial Economics,finance,https://openalex.org/W4415746806,https://doi.org/10.1016/j.jfineco.2025.104191,Demand disagreement,2025-10-31,Christian Heyerdahl-Larsen; Philipp K. Illeditsch,0,
Journal of Financial Economics,finance,https://openalex.org/W4415757244,https://doi.org/10.1016/j.jfineco.2025.104189,Policy uncertainty reduces green innovation,2025-11-01,Mengyu Wang; Jeffrey Wurgler; Zhang Hong,5,
Journal of Financial Economics,finance,https://openalex.org/W4415757242,https://doi.org/10.1016/j.jfineco.2025.104167,The canary in the coal decline: Appalachian household finance and the transition from fossil fuels,2025-11-01,Joshua Blonz; Brigitte Roth Tran; Erin Troland,1,
Journal of Financial Economics,finance,https://openalex.org/W4415758991,https://doi.org/10.1016/j.jfineco.2025.104188,Institutions’ return expectations across assets and time,2025-11-01,Magnus Dahlquist; Markus Ibert,0,"We study the equity, cash, and corporate bond risk premium expectations of asset managers, investment consultants, wealth advisors, public pension funds, and professional forecasters. Subjective risk premia vary one-to-one with objective risk premia that are available in real time and countercyclical. Despite their significant time-series variation, several subjective equity premia vary more in the cross-section of institutions than in the time series. This heterogeneity persists both over time and across asset classes. We tie the heterogeneity in subjective equity return expectations to heterogeneous expectations about long-term equity valuations: some institutions believe that the price–earnings ratio behaves like a random walk, whereas others believe in varying degrees of mean reversion."
Journal of Financial Economics,finance,https://openalex.org/W7104380018,https://doi.org/10.1016/j.jfineco.2025.104192,Securing technological leadership? The cost of export controls on firms,2025-11-08,Matteo Crosignani; Lina Han; Marco Macchiavelli; André F. Silva,2,
Journal of Financial Economics,finance,https://openalex.org/W7104363151,https://doi.org/10.1016/j.jfineco.2025.104190,Discount factors and monetary policy: Evidence from dual-listed stocks,2025-11-08,Quentin Vandeweyer; Minghao Yang; Constantine Yannelis,0,
Journal of Financial Economics,finance,https://openalex.org/W7104393726,https://doi.org/10.1016/s0304-405x(25)00204-1,Editorial Board,2025-11-08,,0,
Journal of Financial Economics,finance,https://openalex.org/W4416537425,https://doi.org/10.1016/j.jfineco.2025.104202,How costly are cultural biases? Evidence from FinTech,2025-11-14,Francesco D’Acunto; Pulak Ghosh; Alberto G. Rossi,1,
Journal of Financial Economics,finance,https://openalex.org/W4416259405,https://doi.org/10.1016/j.jfineco.2025.104201,"Corrigendum to “Ripples into waves: Trade networks, economic activity, and asset prices” [Journal of Financial Economics, Volume 145, (July 2022) Pages 217–238/Article Number]",2025-11-16,Jeffery Chang; Huancheng Du; Dong Lou; Christopher Polk,0,
Journal of Financial Economics,finance,https://openalex.org/W4416264961,https://doi.org/10.1016/j.jfineco.2025.104208,Investing in misallocation,2025-11-17,Mete Kılıç; Şelale Tüzel,0,
Journal of Financial Economics,finance,https://openalex.org/W4416355348,https://doi.org/10.1016/j.jfineco.2025.104206,"Richer earnings dynamics, consumption and portfolio choice over the life cycle",2025-11-19,Julio Gálvez; Gonzalo Paz-Pardo,0,
Journal of Financial Economics,finance,https://openalex.org/W4416441836,https://doi.org/10.1016/j.jfineco.2025.104204,Bank consolidation and uniform pricing,2025-11-21,João Granja; Nuno Paixão,1,
Journal of Financial Economics,finance,https://openalex.org/W7106264813,https://doi.org/10.1016/s0304-405x(25)00221-1,Editorial Board,2025-11-21,,0,
Journal of Financial Economics,finance,https://openalex.org/W4416558535,https://doi.org/10.1016/j.jfineco.2025.104216,Sequential credit markets,2025-11-23,Ulf Axelson; Igor Makarov,0,"Entrepreneurs typically seek financing in decentralized markets, where they approach investors sequentially. We develop a model of sequential capital markets with privately informed investors. The sequential market creates a dynamic adverse selection externality that leads to overinvestment and excessive rents to intermediaries, even as the number of competing investors becomes arbitrary large. The resulting rents lead to excessive entry of investors and insufficient entry of entrepreneurs. Moving to a centralized market structure or reducing transparency restores competitiveness but may harm efficiency. The model also explains how even a small skill advantage for an investor can lead to preferential deal flow and outsized returns."
Journal of Financial Economics,finance,https://openalex.org/W4416734660,https://doi.org/10.1016/j.jfineco.2025.104207,Appropriated growth,2025-11-27,Yuchen Chen; Xuelin Li; Richard T. Thakor; Colin Ward,0,
Journal of Financial Economics,finance,https://openalex.org/W4416834010,https://doi.org/10.1016/j.jfineco.2025.104218,Social media as a bank run catalyst,2025-12-01,J. Anthony Cookson; Corbin Fox; Javier Gil‐Bazo; Juan Felipe Imbet; Christoph Schiller,3,
Journal of Financial Economics,finance,https://openalex.org/W4416970377,https://doi.org/10.1016/j.jfineco.2025.104217,The benchmark greenium,2025-12-03,Stefania D’Amico; Johannes Klausmann; N. Aaron Pancost,1,
Journal of Financial Economics,finance,https://openalex.org/W4416953578,https://doi.org/10.1016/j.jfineco.2025.104219,Do teams alleviate or exacerbate overreaction in beliefs?,2025-12-03,Ricardo Barahona; Stefano Cassella; Kristy A.E. Jansen; Vincenzo Pezone,0,
Journal of Financial Economics,finance,https://openalex.org/W7113906205,https://doi.org/10.1016/j.jfineco.2025.104174,Windfall income shocks with finite planning horizons,2025-12-10,Michael Boutros,1,"I study how the cognitive demands of financial planning shape household decisionmaking with respect to consumption out of windfall income shocks. I build a quantitative model of bounded rationality in which reoptimization is costly. Households respond to windfall income shocks by choosing a finite planning horizon over which to reoptimize, and the optimal planning horizon is increasing in wealth and the magnitude of the income shock. Calibrated to U.S. data, the model’s distribution of consumption responses is consistent with three key facts: even highly liquid households have large consumption responses out of income shocks, the fraction of households with positive consumption responses increases with shock size, and conditional on responding, larger shocks generate smaller consumption responses."
Journal of Financial Economics,finance,https://openalex.org/W7115883847,https://doi.org/10.1016/j.jfineco.2025.104226,"Regional Banks, Aggregate Effects",2025-12-18,Quinn Maingi,1,
Journal of Financial Economics,finance,https://openalex.org/W7115899165,https://doi.org/10.1016/j.jfineco.2025.104221,Prospect theory in the field: Revealed preferences from mutual fund flows,2025-12-18,Bing Han; Pengfei Sui; Wenhao Yang,0,"Using mutual fund flows, we evaluate prospect theory with choice outcomes in the market. We provide strong support for prospect theory: under a standard set of parameters, funds whose past returns generate higher prospect theory value attract significantly larger future flows; we also find corroborative evidence using account-level data. Taking a revealed preference approach, we estimate the prospect theory parameters through a discrete choice model and find that our field-based estimates align well with previous experiment-based estimates. Moreover, we show that prospect theory offers a new framework for understanding flows, as it has explanatory power beyond existing drivers."
Journal of Financial Economics,finance,https://openalex.org/W4417502504,https://doi.org/10.1016/j.jfineco.2025.104224,Government bond risk and return in the US and China,2025-12-19,Jennifer N. Carpenter; Fangzhou Lu; Robert Whitelaw,3,
Journal of Political Economy,econ,https://openalex.org/W4406168960,https://doi.org/10.1086/734312,JPE Turnaround Times,2025-01-01,,0,
Journal of Political Economy,econ,https://openalex.org/W4406168970,https://doi.org/10.1086/734663,Front Matter,2025-01-01,,0,
Journal of Political Economy,econ,https://openalex.org/W4406169197,https://doi.org/10.1086/734664,Recent Referees,2025-01-01,,0,
Journal of Political Economy,econ,https://openalex.org/W3205472959,https://doi.org/10.1086/734725,"Climate Change, the Food Problem, and the Challenge of Adaptation through Sectoral Reallocation",2025-01-09,Ishan Nath,45,"This paper evaluates the potential for global reallocation between agricultural and nonagricultural production to contribute to climate change adaptation. Empirical estimates using a global sample of firms suggest that rising temperatures reduce productivity less in nonagriculture than angriculture, implying large potential gains if hot countries could increase food imports and shift labor toward manufacturing. However, model counterfactuals show that subsistence consumption needs and high trade barriers combine to create a “food problem” in which climate change instead intensifies agricultural specialization in especially vulnerable regions. Simulations suggest that reducing trade barriers can significantly reduce climate damages, especially in poor countries."
Journal of Political Economy,econ,https://openalex.org/W4406208576,https://doi.org/10.1086/734724,Estimating Discrete Games with Many Firms and Many Decisions: An Application to Merger and Product Variety,2025-01-09,Ying Fan; Chenyu Yang,3,
Journal of Political Economy,econ,https://openalex.org/W4406208741,https://doi.org/10.1086/734722,Estimating an Auction Platform Game with Two-Sided Entry,2025-01-09,Marleen Marra,1,This paper develops and estimates a structural auction platform model with endogenous entry of buyers and sellers to study the welfare impacts of fee changes. Estimates from a new wine auction dataset illustrate the striking feature of two-sided markets that some users can be made better off despite paying higher fees. The results also underscore the importance of addressing seller selection when endogenizing (buyer) entry onto auction platforms. Quantifying the welfare effects from (anticompetitive) fee changes through a model that accounts for important user interactions enables antitrust policy to be applied to such markets.
Journal of Political Economy,econ,https://openalex.org/W4406322203,https://doi.org/10.1086/734778,Induced Automation Innovation: Evidence from Firm-Level Patent Data,2025-01-13,David Hémous; Morten Olsen; Carlo Zanella; Antoine Dechezleprêtre,14,"Do higher wages induce more automation innovation? We identify automation patents in machinery. We show that a higher automation intensity predicts a decline in routine tasks across US sectors. Then, we estimate how innovating firms respond to changes in their downstream firms’ low- and high-skill wages. We compute these wages by combining macroeconomic data on 41 countries with innovating firms’ global market exposure. Higher low-skill wages increase automation innovation (but not other machinery innovation), with an elasticity of 2–5. Finally, we show that the German Hartz labor market reforms reduced automation innovations by foreign firms more exposed to Germany."
Journal of Political Economy,econ,https://openalex.org/W4406321535,https://doi.org/10.1086/734780,Colluding against Workers,2025-01-13,Vincent Delabastita; Michaël Rubens,6,"Empirical models of labor market competition usually assume that employers set wages noncooperatively, despite frequent allegations of collusive employer behavior. We propose an identification approach for labor market collusion that relies on production and cost data, and we use it to study how employer collusion affected wage markdowns of 227 Belgian coal firms between 1845 and 1913. We are able to detect collusion through the 1897 coal cartel without ex ante knowledge of its timing and find that it explains the fast growth in markdowns after 1900. We find that the cartel decreased both wages and employment by 6% to 17%."
Journal of Political Economy,econ,https://openalex.org/W4406322196,https://doi.org/10.1086/734779,Policy Uncertainty in the Market for Coal Electricity: The Case of Air Toxics Standards,2025-01-13,Gautam Gowrisankaran; Ashley Langer; Wendan Zhang,2,"Government policy uncertainty affects irreversible decisions including technology adoption and exit. This paper quantifies uncertainty surrounding the Mercury and Air Toxics Standards (MATS). We estimate a dynamic oligopoly model for coal-fired electricity generators that recovers generators’ beliefs regarding future MATS enforcement. We develop the approximate belief oligopoly equilibrium concept, where players understand that their decisions impact aggregate market states. MATS enforcement created substantial uncertainty: the perceived enforcement probability dropped to 43%. Resolving uncertainty early would increase profits by $1.39 billion but also increase pollution costs by $0.652–$1.776 billion. Had exit been unlikely, resolving uncertainty early would have decreased pollution."
Journal of Political Economy,econ,https://openalex.org/W4406321469,https://doi.org/10.1086/734781,German Long-Term Health Insurance: Theory Meets Evidence,2025-01-13,Juan Pablo Atal; Hanming Fang; Martin Karlsson; Nicolas R. Ziebarth,2,
Journal of Political Economy,econ,https://openalex.org/W4406650511,https://doi.org/10.1086/734873,Policy Experimentation in China: The Political Economy of Policy Learning,2025-01-21,Shaoda Wang; David Y. Yang,55,"Governments use policy experiments to facilitate learning, but the nature and effects of these experiments remain unclear. We analyze China's policy experimentation since 1980—among the most systematic in history—and document three facts. First, most experiments exhibit positive sample selection. Second, local politicians exert excessive efforts during experiments that are not replicable during policies’ national rollout. Third, the central government is not fully sophisticated when interpreting experimentation outcomes. These facts suggest that policy learning may be biased and national policies may be distorted. Thus, while China’s institutions enable experimentation at an unparalleled scale, the complex political environments can also limit effective policy learning."
Journal of Political Economy,econ,https://openalex.org/W4406651585,https://doi.org/10.1086/734874,"More Laws, More Growth? Evidence from US States",2025-01-21,Elliott Ash; Massimo Morelli; Matia Vannoni,16,"This paper analyzes the conditions under which more legislation contributes to economic growth. In the context of US states, we apply natural language processing tools to measure legislative flows for the years 1965–2012. We implement a novel shift-share design for text data, where the instrument for legislation is leave-one-out legal topic flows interacted with pretreatment legal topic shares. We find that at the margin, higher legislative output causes more economic growth. Consistent with more complete laws reducing ex post holdup, we find that the effect is driven by the use of contingent clauses, is largest in sectors with high relationship-specific investments, and is increasing with local economic uncertainty."
Journal of Political Economy,econ,https://openalex.org/W4406651325,https://doi.org/10.1086/734872,Asymmetric Information Sharing in Oligopoly: A Natural Experiment in Retail Gasoline,2025-01-21,David Byrne; Nicolas de Roos; Matthew S. Lewis; Leslie M. Marx; Xiaosong Wu,3,"Using a natural experiment from a retail gasoline antitrust case, we study how asymmetric information sharing affects oligopoly pricing. Empirically, price competition softens when, following case settlement, information sharing shifts from symmetric to asymmetric, with one firm losing access to high-frequency granular rival price data. We provide theory and empirics illustrating how strategic ignorance creates price commitment, leading to higher price-cost margins. Using a structural model, we find substantial profit-enhancing effects of asymmetric information sharing. These results provide a cautionary tale for antitrust agencies regarding the potential unintended consequences of limiting price information sharing among firms."
Journal of Political Economy,econ,https://openalex.org/W4406651575,https://doi.org/10.1086/734877,Optimal Fiscal Policy with Heterogeneous Agents and Capital: Should We Increase or Decrease Public Debt and Capital Taxes?,2025-01-21,François Le Grand; Xavier Ragot,5,International audience
Journal of Political Economy,econ,https://openalex.org/W4406650451,https://doi.org/10.1086/734870,Inattentive Economies,2025-01-21,George-Marios Angeletos; Karthik Sastry,3,
Journal of Political Economy,econ,https://openalex.org/W4406650393,https://doi.org/10.1086/734875,Panics and Early Warnings,2025-01-21,Deepal Basak; Zhen Zhou,1,"We study optimal adversarial information design in a dynamic regime change game. Agents decide when to attack, if at all. We assume (1) delay incurs a continuous cost and (2) agents doubt the correctness of their actions. The game may end in a “disaster” due to weak fundamentals or panic—agents attacking despite sound fundamentals. We propose a “timely disaster alert” that promptly warns about impending disasters, making waiting for and following the alert the unique rationalizable strategy, thereby eliminating panic. We relate this optimal policy to early-warning systems such as bank stress tests and debt sustainability analysis."
Journal of Political Economy,econ,https://openalex.org/W4406650564,https://doi.org/10.1086/734876,The Welfare Effects of Gender-Inclusive Intellectual Property Creation: Evidence from Books,2025-01-21,Joel Waldfogel,0,"Women have traditionally participated in intellectual property creation at depressed rates relative to men. Book authorship is now an exception: women now publish more than half of new books. Adding new products can have significant welfare benefits, particularly when product quality is unpredictable. Growth in female-authored books has delivered substantial increases in the female-authored shares of consumption, book awards, and other measures of success, indicating that the additional female-authored books are useful to consumers. The welfare benefit from gender-inclusive innovation is large and accrues to a wide range of consumers."
Journal of Political Economy,econ,https://openalex.org/W4406944898,https://doi.org/10.1086/735053,Front Matter,2025-01-29,,0,
Journal of Political Economy,econ,https://openalex.org/W4406944912,https://doi.org/10.1086/734541,JPE Turnaround Times,2025-01-29,,0,
Journal of Political Economy,econ,https://openalex.org/W4406944913,https://doi.org/10.1086/735054,Recent Referees,2025-01-29,,0,
Journal of Political Economy,econ,https://openalex.org/W4406944932,https://doi.org/10.1086/734341,2025 Lucas Prize Announcement,2025-01-29,,0,
Journal of Political Economy,econ,https://openalex.org/W3161464075,https://doi.org/10.1086/735509,Bidding for Firms: Subsidy Competition in the United States,2025-02-24,Cailin Slattery,44,"Previous articleNext article No AccessBidding for Firms: Subsidy Competition in the U.S.Cailin SlatteryCailin SlatteryPDFPDF PLUS Add to favoritesDownload CitationTrack CitationsPermissionsReprints Share onFacebookXLinkedInRedditBlueskyEmailPrint SectionsMoreDetailsFiguresReferencesCited by Journal of Political Economy Just Accepted Article DOIhttps://doi.org/10.1086/735509 PermissionsRequest permissions HistoryAccepted January 16, 2025 © 2025 The University of Chicago. All Rights reserved.PDF download Crossref reports no articles citing this article."
Journal of Political Economy,econ,https://openalex.org/W4407898076,https://doi.org/10.1086/735510,Rising Markups and the Role of Consumer Preferences,2025-02-24,Hendrik Döpper; Alexander MacKay; Nathan H. Miller; Joel Stiebale,8,"We analyze the evolution of markups for consumer products in the United States from 2006 to 2019. Using detailed data on prices and quantities for products in more than 100 distinct categories, we obtain a panel of markups, marginal costs, and flexible consumer preferences. Our empirical strategy uses separate random coefficients logit models for each category and year and an assumption that firms set prices to maximize profits. We find that markups increased by about 30% on average over the sample period. We attribute this change to decreases in marginal costs and a decline in consumer price sensitivity."
Journal of Political Economy,econ,https://openalex.org/W4407898260,https://doi.org/10.1086/735508,Combating Political Corruption with Policy Bundles,2025-02-24,Frederico Finan; Maurizio Mazzocco,3,"In this paper, we develop a dynamic model of politicians who can engage in corruption. The model provides important insights into the determinants of corruption and how to design policies to combat it. We estimate the model using data from Brazil to measure voters’ willingness to pay for various commonly proposed anticorruption policies, such as increasing audit probabilities, raising politicians’ wages, and extending term limits. We document that while audit policies effectively reduce corruption, a multipronged approach that bundles an audit policy with other policies can achieve much higher welfare gains."
Journal of Political Economy,econ,https://openalex.org/W4407898340,https://doi.org/10.1086/735511,The Allocation of Incentives in Multilayered Organizations: Evidence from a Community Health Program in Sierra Leone,2025-02-24,Gianmarco León; Stefano Caria; Philipp Kastrau; Philipp Kastrau,4,"Does the allocation of incentives across the hierarchy of an organization matter for its performance? In an experiment with a large public health organization, we find that health care provision is highly affected by how incentives are allocated between frontline workers and their supervisors. Sharing incentives equally between these two layers raises health visits by 61% compared with unilateral allocations and uniquely improves health service provision and health outcomes. We provide reduced-form and structural evidence that effort complementarities and contractual frictions drive these results and explore the implications for the optimal design of incentive policies in multilayered organizations."
Journal of Political Economy,econ,https://openalex.org/W4407898074,https://doi.org/10.1086/735513,Factor Models for Conditional Asset Pricing,2025-02-24,Paolo Zaffaroni,4,"This paper develops a methodology, building on a local principal component analysis approach, for inference on the pricing ability of conditional asset pricing models designed to mitigate the effect of omitted risk factors and misspecified conditional dynamics. The methodology is designed to exploit the rich information available in large cross sections of individual stocks. Monte Carlo experiments and an empirical application demonstrate the benefits of this methodology over existing approaches."
Journal of Political Economy,econ,https://openalex.org/W4407898316,https://doi.org/10.1086/735506,"Soil Heterogeneity, Social Learning, and the Formation of Close-Knit Communities",2025-02-24,Itzchak Tzachi Raz,1,"This paper examines how environmental heterogeneity influences the formation of close-knit communities. I provide support for the social learning hypothesis, which posits that diverse environmental conditions limited American farmers’ ability to learn from neighbors, weakening communal ties. I document a negative county-level association between soil heterogeneity and close-knit communities. Using individual-level data on nineteenth-century domestic migrants, I show that this association is not driven by selective in-migration and document farmers’ cultural adaptation using a difference-in-differences framework. Focusing on mechanisms, I show that soil heterogeneity slowed farmers’ agricultural learning and prompted those who depended on social networks to migrate elsewhere."
Journal of Political Economy,econ,https://openalex.org/W4407898020,https://doi.org/10.1086/735512,Dynamic Pricing Regulation and Welfare in Insurance Markets,2025-02-24,Naoki Aizawa; Ami Ko,0,
Journal of Political Economy,econ,https://openalex.org/W4408021453,https://doi.org/10.1086/734950,JPE Turnaround Times,2025-02-27,,0,
Journal of Political Economy,econ,https://openalex.org/W4408021521,https://doi.org/10.1086/735546,Front Matter,2025-02-27,,0,
Journal of Political Economy,econ,https://openalex.org/W4408021592,https://doi.org/10.1086/735547,Recent Referees,2025-02-27,,0,
Journal of Political Economy,econ,https://openalex.org/W4408853540,https://doi.org/10.1086/735859,Front Matter,2025-03-26,,0,
Journal of Political Economy,econ,https://openalex.org/W4408853548,https://doi.org/10.1086/735427,JPE Turnaround Times,2025-03-26,,0,
Journal of Political Economy,econ,https://openalex.org/W4408853559,https://doi.org/10.1086/735860,Recent Referees,2025-03-26,,0,
Journal of Political Economy,econ,https://openalex.org/W4409140802,https://doi.org/10.1086/735672,Addendum,2025-04-03,,0,
Journal of Political Economy,econ,https://openalex.org/W4409541392,https://doi.org/10.1086/736217,The Labor Market Effects of Legal Restrictions on Worker Mobility,2025-04-17,Matthew S. Johnson; Kurt Lavetti; Michael Lipsitz,6,
Journal of Political Economy,econ,https://openalex.org/W4409540477,https://doi.org/10.1086/736211,Welfare Assessments with Heterogeneous Individuals,2025-04-17,Eduardo Dávila; Andreas Schaab,3,
Journal of Political Economy,econ,https://openalex.org/W4409540755,https://doi.org/10.1086/736212,Religious Divisions and Production Technology: Experimental Evidence from India,2025-04-17,Arkadev Ghosh,5,
Journal of Political Economy,econ,https://openalex.org/W4409540850,https://doi.org/10.1086/736216,Risk and Information in Dispute Resolution: An Empirical Study of Arbitration,2025-04-17,Yunmi Kong; Bernardo Silveira; Xun Tang,3,
Journal of Political Economy,econ,https://openalex.org/W3203929167,https://doi.org/10.1086/736207,Disability Insurance: Error Rates and Gender Differences,2025-04-17,Hamish Low; Luigi Pistaferri,2,"We show the extent of errors made in the award of disability insurance using matched survey-administrative data. False rejections (Type I errors) are widespread and characterized by large gender differences. Women with a severe, work-limiting, permanent impairment are 20 percentage points more likely to be rejected than men, controlling for the type of health condition, occupation, and a host of demographic characteristics. The differences by gender arise because women are more likely to be assessed as being able to find other work than observationally equivalent men. Despite this, after rejection, women with a self-reported work limitation do not return to work, compared to rejected women without a work limitation. We investigate whether these gender differences in Type I errors are due to women being in better health than men, to women having lower pain thresholds, to women applying more readily for disability insurance, or to women applying with harder-to-verify work limitations. None of these explanations are consistent with the data. By contrast, we find evidence suggesting that there are different acceptance thresholds for men and women."
Journal of Political Economy,econ,https://openalex.org/W4409540566,https://doi.org/10.1086/736214,Optimal Information Design of Online Marketplaces with Return Rights,2025-04-17,Jonas von Wangenheim,2,
Journal of Political Economy,econ,https://openalex.org/W4409541642,https://doi.org/10.1086/736209,Can Redistribution Change Policy Views? Aid and Attitudes toward Refugees,2025-04-17,Travis Baseler; Thomas C. Ginn; Robert Hakiza; Helidah Ogude-Chambert; Olivia Woldemikael,2,
Journal of Political Economy,econ,https://openalex.org/W4409541748,https://doi.org/10.1086/736215,Micro and Macro Effects of Unemployment Insurance Policies: Evidence from Missouri,2025-04-17,Fatih Karahan; Kurt Mitman; Brendan Moore,3,
Journal of Political Economy,econ,https://openalex.org/W3123614818,https://doi.org/10.1086/736210,Of Cities and Slums,2025-04-17,Pedro Cavalcanti Ferreira; Alexander Monge‐Naranjo; Luciene Torres de Mello Pereira,1,"We study the emergence and persistence of urban slums in Brazil. Using data on labor markets, housing costs, and access to education, we construct a quantitative model to explore the impact of slums on the country s human capital and structural transformation. Urban slums emerge and persist due to their dual roles as intergenerational stepping stones for low-educated households and as blockades for higher-educated ones. Providing slum children access to schools in formal urban areas would have led to larger but shorter-lived slums. Improved rural schools, if available earlier during urbanization, would have vastly prevented the formation of urban slums."
Journal of Political Economy,econ,https://openalex.org/W4410023864,https://doi.org/10.1086/736133,JPE Turnaround Times,2025-05-01,,0,
Journal of Political Economy,econ,https://openalex.org/W4410024063,https://doi.org/10.1086/736497,Recent Referees,2025-05-01,Brant Abbott; Mohammed Abdellaoui; Arun Hie; Joo Ahn; Nemanja Antic; Nick Arnosti; Geir Asheim; Yuehao Bai; Scott Baker; Laura Bakkensen; Paulo Barelli; Aaron Barkley; Andrew Bernard; Debopam Bhattacharya; Manudeep Bhuller; Barbara Biasi; Job Boerma; Matthieu Bouvard; Thomas Brzustowski; David Byrne; Fredrik Carlsson; Varadarajan Chari; Chaoran Chen; Lesley Chiou; Robert Clark; Russell Cooper; Christopher Cotton; Ashley Craig; Claire Crawford; Husnu Dalgic; Ryan Decker; Bram De Rock; Tatyana Deryugina; Mark Dincecco; Jeff Dominitz; David Dorn; Geoffrey Dunbar; Theo Durandard; Piotr Dworczak; Christine Exley; Natalia Fabra; Roger Farmer; James Fenske; Ian Fletcher; Dirk Foremny; Anthony Fowler; Jacob French; Laura Gee; Arkadev Ghosh; Leandro Gorno; Emilien Gouin-Bonenfant; Gautam Gowrisankaran; Aram Grigoryan,0,
Journal of Political Economy,econ,https://openalex.org/W4410024136,https://doi.org/10.1086/736496,Front Matter,2025-05-01,Esteban Rossi-Hansberg; John Asker; Andrew Atkeson; Leonardo Bursztyn; Gabriel Carroll; Melissa Dell; Rachel Griffith; David Lagakos; Guido Lorenzoni; Francesca Molinari; Luigi Pistaferri; Bruno Strulovici; Adrien Bilal; Zo Cullen; Anna Almenberg; Andrea Eisfeldt; Glenn Ellison; Pablo Fajgelbaum; Hanming Fang; Mira Frick; Giovanni Gallipoli; Cecile Gaubert; Daniel Gottlieb; Ezra Oberfield; Ricardo Perez-Truglia; Matthew Rognlie; Isaac Sorkin; Amanda Starc; Johannes Stroebel; Nicholas Trachter; Bertil Tungodden; Wilbert Van Der Klaauw; Frank Verboven; David Yanagizawa-Drott; Chenzi Xu; Guo Xu; Connie Fritsche; Hanna Kime; Jonathan Elliott; Georges Houngbonon; Marc Ivaldi; Paul Scott; ; ; ; ,0,
Journal of Political Economy,econ,https://openalex.org/W4410772303,https://doi.org/10.1086/736769,Asset-Price Redistribution,2025-05-27,Andreas Fagereng; Matthieu Gomez; Émilien Gouin-Bonenfant; Martin Blomhoff Holm; Benjamin Moll; Gisle James Natvik,9,"Asset valuations across many asset classes have increased substantially over the past several decades. While these rising valuations had important effects on the distribution of wealth, little is known regarding their redistributive effects in terms of welfare. To make progress on this question, we develop a sufficient statistic for the money-metric welfare gain of deviations in asset valuations. This welfare gain depends on the present value of an individual’s net asset sales rather than asset holdings: higher asset valuations benefit prospective sellers and harm prospective buyers. We estimate this quantity using panel microdata covering the universe of financial transactions in Norway from 1994 to 2019. We further demonstrate how to adapt our baseline statistic to account for important considerations, such as incomplete markets and collateral constraints. We find that the rise in asset valuations had large redistributive effects: it redistributed from the young to the old and from the poor to the wealthy."
Journal of Political Economy,econ,https://openalex.org/W4410772320,https://doi.org/10.1086/736766,Black Empowerment and White Mobilization: The Effects of the Voting Rights Act,2025-05-27,Andrea Bernini; Giovanni Facchini; Marco Tabellini; Cecilia Testa,2,
Journal of Political Economy,econ,https://openalex.org/W3197384548,https://doi.org/10.1086/736767,Persuasion and Information Aggregation in Elections,2025-05-27,Carl Heese; Stephan Lauermann,9,"This paper studies a large majority election with voters who have heterogeneous, private preferences and exogenous private signals. We show that a Bayesian persuader can implement any state-contingent outcome in some equilibrium by providing additional information. In this setting, without the persuader's information, a version of the Condorcet Jury Theorem holds. Persuasion does not require detailed knowledge of the voters' private information and preferences: the same additional information is effective across environments. The results require almost no commitment power by the persuader. Finally, the persuasion mechanism is effective also in small committees with as few as 15 members."
Journal of Political Economy,econ,https://openalex.org/W4410772073,https://doi.org/10.1086/736764,Changes in Marital Sorting: Theory and Evidence from the United States,2025-05-27,Pierre‐André Chiappori; Mónica Costa Dias; Costas Meghir; Hanzhe Zhang,1,"Positive assortative matching refers to the tendency of individuals with similar characteristics to form partnerships. Measuring the extent to which assortative matching differs between two economies is challenging when the marginal distributions of the characteristic along which sorting takes place (e.g., education) change for either or both sexes. We show how the use of different measures can generate different conclusions. We provide axiomatic characterization for measures such as the odds ratio, normalized trace, and likelihood ratio, and provide a structural economic interpretation of the odds ratio. We then use our approach to consider how marital sorting by education changed between the 1950s and the 1970s cohort, for which both educational attainment and returns in the labor market changed substantially."
Journal of Political Economy,econ,https://openalex.org/W4410772348,https://doi.org/10.1086/736768,Rationed Fertility: Treatment Effect Heterogeneity in the Child Quantity-Quality Trade-Off,2025-05-27,Rufei Guo; Junjian Yi; Junsen Zhang; Ning Zhang,1,
Journal of Political Economy,econ,https://openalex.org/W4410772604,https://doi.org/10.1086/736770,Selecting Penalty Parameters of High-Dimensional M-Estimators Using Bootstrapping after Cross Validation,2025-05-27,Denis Chetverikov; Jesper Sørensen,1,"We develop a new method for selecting the penalty parameter for ℓ<sub>1</sub>-penalized M-estimators in high dimensions, which we refer to as bootstrapping after cross validation. We derive rates of convergence for the corresponding ℓ<sub>1</sub>-penalized M-estimator and also for the post-ℓ<sub>1</sub>-penalized M-estimator, which refits the nonzero entries of the former estimator without penalty in the criterion function. We demonstrate via simulations that our methods are not dominated by cross validation in terms of estimation errors and can outperform cross validation in terms of inference. As an empirical illustration, we revisit Fryer (2019), who investigated racial differences in police use of force, and confirm his findings."
Journal of Political Economy,econ,https://openalex.org/W4410772366,https://doi.org/10.1086/736765,Persuaded Search,2025-05-27,Teddy Mekonnen; Zeky Murra-Anton; Bobak Pakzad-Hurson,0,
Journal of Political Economy,econ,https://openalex.org/W4411053447,https://doi.org/10.1086/737031,Recent Referees,2025-06-01,Joseph Abadi; Katharine Abraham; Amanda Agan; Ariel Akerman; George Alessandria; Laura Alfaro; Miguel Almunia; Annette Alstadsaeter; Gonzalo Arrieta; Yan Bai; Miguel Ballester; David Baqaee; Lint Barrage; Natalie Bau; Roland Benabou; Lauren Bergquist; Zachary Bethune; Neil Bhutta; Timothy Bond; Pierre Boyer; Luca Braghieri; Marshall Burke; Filipe Campante; Oguzhan Celebi; Ryan Chahrour; Gwen-Jiro Clochard; Alain Cohn; Giovanni Compiani; Daniele Condorelli; Giancarlo Corsetti; Victor Couture; Vincent Crawford; Juan Moreno Cruz; Wei Cui; Lindsey Currier; Michel De Lara; Tim De; Silva Demir; Jeffrey Denning; Klaus Desmet; William Diamond; Ulrich Doraszelski; Martin Ellison; Kyle Emerick; Florian Englmaier; Benjamin Enke; Marcela Eslava; Miguel Faria-E-Castro; John Fernald; Raquel Fernandez; Stefano Fiorin; Julia Fonseca; Andrey Fradkin; Stephie Fried; Lucie Gadenne; Cecile Gaubert; Fabien Gensbittel; Rita Ginja; Laura Giuliano; Paola Giuliano; Pauline Grosjean; Tal Gross; Cristina Gualdani; Yingni Guo; Nima Haghpanah; Jinyong Hahn,0,
Journal of Political Economy,econ,https://openalex.org/W4411053455,https://doi.org/10.1086/736716,JPE Turnaround Times,2025-06-01,,0,
Journal of Political Economy,econ,https://openalex.org/W4411053739,https://doi.org/10.1086/737030,Front Matter,2025-06-01,Esteban Rossi-Hansberg; John Asker; Andrew Atkeson; Leonardo Bursztyn; Gabriel Carroll; Melissa Dell; Rachel Griffith; David Lagakos; Guido Lorenzoni; Francesca Molinari; Luigi Pistaferri; Bruno Strulovici; Adrien Bilal; Zo Cullen; Anna Almenberg; Andrea Eisfeldt; Glenn Ellison; Pablo Fajgelbaum; Hanming Fang; Mira Frick; Giovanni Gallipoli; Cecile Gaubert; Daniel Gottlieb; Ezra Oberfield; Ricardo Perez-Truglia; Matthew Rognlie; Isaac Sorkin; Amanda Starc; Johannes Stroebel; Nicholas Trachter; Bertil Tungodden; Wilbert Van Der Klaauw; David Yanagizawa-Drott; Chenzi Xu; Guo Xu; Connie Fritsche; Hanna Kime; Keizen Ameriks; Ariel Wang; ; ; ; ,0,
Journal of Political Economy,econ,https://openalex.org/W4411369422,https://doi.org/10.1086/737233,Artificial Intelligence in the Knowledge Economy,2025-06-17,Enrique Ide; Eduard Talamàs,6,
Journal of Political Economy,econ,https://openalex.org/W4411369481,https://doi.org/10.1086/737235,Opening Up Military Innovation: Causal Effects of Reforms to US Defense Research,2025-06-17,Sabrina T Howell; Jason Rathje; John Van Reenen; Jun Wong,4,"For governments procuring innovation, one choice is whether to specify desired products (a conventional approach) or allow firms to suggest ideas (an open approach). Using a US Air Force R&D grant program where open and conventional competitions were held simultaneously, we find that open awards increase both commercial innovation and technology adoption by the military. In contrast, conventional awards have no positive effects on new technology but do create more program lock-in. We present evidence that openness matters over and above inducing differential selection, for example, of less well-established firms. These results suggest benefits from open approaches to innovation procurement."
Journal of Political Economy,econ,https://openalex.org/W4411369400,https://doi.org/10.1086/737236,Leveraging the Disagreement on Climate Change: Theory and Evidence,2025-06-17,Laura Bakkensen; Toàn Phan; Tsz-Nga Wong,2,
Journal of Political Economy,econ,https://openalex.org/W4411369390,https://doi.org/10.1086/737234,Vacancy Chains,2025-06-17,Michael Elsby; Axel Gottfries; Ryan Michaels; David Ratner,0,"Replacement hiring plays a central role in establishment dynamics. US establishments frequently report no net change in their employment, often for years, despite facing substantial gross turnover. We devise a tractable model in which replacement hiring is driven by a novel structure of frictions, combining firm dynamics, on-the-job search, and investments into job creation that are sunk at the point of replacement. A key implication is the emergence of vacancy chains. Quantitatively, the model reconciles the incidence of replacement hiring with large cross-establishment dispersion in labor productivity and largely replicates the volatility and persistence of job creation and unemployment."
Journal of Political Economy,econ,https://openalex.org/W4411369424,https://doi.org/10.1086/737231,Subsidizing Business Entry in Competitive Credit Markets,2025-06-17,Vincenzo Cuciniello; Claudio Michelacci; Luigi Paciello,0,
Journal of Political Economy,econ,https://openalex.org/W4411934538,https://doi.org/10.1086/737018,JPE Turnaround Times,2025-07-01,,0,
Journal of Political Economy,econ,https://openalex.org/W4411934539,https://doi.org/10.1086/737348,Recent Referees,2025-07-01,,0,
Journal of Political Economy,econ,https://openalex.org/W4411934545,https://doi.org/10.1086/737347,Front Matter,2025-07-01,Esteban Rossi-Hansberg; John Asker; Andrew Atkeson; Leonardo Bursztyn; Gabriel Carroll; Melissa Dell; Rachel Griffith; David Lagakos; Francesca Molinari; Luigi Pistaferri; Bruno Strulovici; Adrien Bilal; Zo Cullen; Anna Almenberg; Andrea Eisfeldt; Glenn Ellison; Pablo Fajgelbaum; Hanming Fang; Mira Frick; Giovanni Gallipoli; Cecile Gaubert; Daniel Gottlieb; Ezra Oberfield; Ricardo Perez-Truglia; Matthew Rognlie; Isaac Sorkin; Amanda Starc; Johannes Stroebel; Nicholas Trachter; Bertil Tungodden; Wilbert Van Der Klaauw; David Yanagizawa-Drott; Chenzi Xu; Guo Xu; Connie Fritsche; Hanna Kime; Florian Oswald; Keizen Ameriks; Ariel Wang; ; ; ; ,0,
Journal of Political Economy,econ,https://openalex.org/W4412621911,https://doi.org/10.1086/737774,Recent Referees,2025-07-24,Jerome Adda; Sule Alan; Ingvild Almas; James Archsmith; Lydia Assouad; Eric Avis; Ying Bai; Markus Baldauf; Scott Barkowski; Panle Barwick; Patrick Baylis; Jeremy Bertomeu; Anna Bindler; Teodora Boneva; Katarina Borovickova; Luca Braghieri; Steven Callander; Caterina Calsamiglia; Christopher Campos; Michela Carlana; Gerald Carlino; Jun Chen; Edoardo Ciscato; Katherine Coffman; Fabrice Collard; Kerem Cosar; Klaus Desmet; Jackson Dorsey; Arnaud Dupuy; Glenn Ellison; Thomas Ernst; Juan Escobar; Christine Exley; Benjamin Faber; Vivian Fang; Faith Fatchen; Benjamin Feigenberg; Claudio Ferraz; Stefano Fiorin; Ayelet Fishbach; Luca Flabbi; Meredith Fowlie; Matthew Gibson; Eric Gould; Thomas Graeber; Joshua Graff Zivin; Victoria Gregory; Joao Guerreiro; Joseph Gyourko; Benjamin Hebert; Bradley Leander; Heldring Luca; Henkel Henry,0,
Journal of Political Economy,econ,https://openalex.org/W4412621913,https://doi.org/10.1086/737517,JPE Turnaround Times,2025-07-24,,0,
Journal of Political Economy,econ,https://openalex.org/W4412621916,https://doi.org/10.1086/737773,Front Matter,2025-07-24,Esteban Rossi-Hansberg; John Asker; Andrew Atkeson; Leonardo Bursztyn; Gabriel Carroll; Melissa Dell; Rachel Griffith; David Lagakos; Francesca Molinari; Luigi Pistaferri; Bruno Strulovici; Christopher Walters; Adrien Bilal Zo Cullen; Anna Almenberg; Andrea Eisfeldt; Glenn Ellison; Pablo Fajgelbaum Hanming; Giovanni Gallipoli; Cecile Gaubert; Daniel Gottlieb; Ezra Oberfield; Ricardo Perez-Truglia; Luciano Pomatto; Matthew Rognlie; Isaac Sorkin; Amanda Starc; Johannes Stroebel; Nicholas Trachter; Bertil Tungodden; Wilbert Van Der Klaauw David Yanagizawa-Drott; Chenzi Xu; Guo Xu; Florian Oswald; Keizen Ameriks; Ariel Wang; ; ,0,
Journal of Political Economy,econ,https://openalex.org/W4413011903,https://doi.org/10.1086/738002,Lucas on Economic Development,2025-08-06,Nancy L. Stokey,0,
Journal of Political Economy,econ,https://openalex.org/W4413011906,https://doi.org/10.1086/738000,Robert Lucas’s Models of Firm Size Distributions and Investment,2025-08-06,Boyan Jovanovic,0,
Journal of Political Economy,econ,https://openalex.org/W4413011928,https://doi.org/10.1086/737998,Robert E. Lucas Jr.: Supreme among Macroeconomists as a Bird Who Saw Further than Others,2025-08-06,Fernando Álvarez,0,
Journal of Political Economy,econ,https://openalex.org/W4413011933,https://doi.org/10.1086/737999,Macroeconomics after Lucas,2025-08-06,Thomas J. Sargent,0,
Journal of Political Economy,econ,https://openalex.org/W4413129031,https://doi.org/10.1086/738045,"The Nature of Long-Term Unemployment: Predictability, Heterogeneity, and Selection",2025-08-12,Andreas Mueller; Johannes Spinnewijn,0,"This paper studies the predictability of long-term unemployment (LTU) using rich administrative data from Sweden. We establish substantial heterogeneity in LTU risk across individuals, accounting for both observed and unobserved heterogeneity using a wide range of observable predictors and multiple-spell outcomes, respectively. We apply our prediction algorithm to study the dynamics of job finding over the unemployment spell and the business cycle. Selection effects can explain most of the decline in average job finding over the unemployment spell but little of its cyclicality. We also find sizable heterogeneity in the profiles of job finding over the unemployment spell but not over the business cycle."
Journal of Political Economy,econ,https://openalex.org/W4413273734,https://doi.org/10.1086/738139,Time-Limited Subsidies: Optimal Taxation with Implications for Renewable Energy Subsidies,2025-08-18,Michael Ricks; Owen Kay,2,
Journal of Political Economy,econ,https://openalex.org/W4413273755,https://doi.org/10.1086/738147,"Migration, Specialization, and Trade: Evidence from Brazil’s March to the West",2025-08-18,Heitor S. Pellegrina; Sebastian Sotelo,1,
Journal of Political Economy,econ,https://openalex.org/W4413278648,https://doi.org/10.1086/738150,Managing Public Portfolios,2025-08-18,Léo Aparisi de Lannoy; Anmol Bhandari; David Evans; Mikhail Golosov; Thomas J. Sargent,0,
Journal of Political Economy,econ,https://openalex.org/W2758763136,https://doi.org/10.1086/738251,Exercise Improves Academic Performance,2025-08-20,Alexander W. Cappelen; Gary Charness; Mathias Ekström; Uri Gneezy; Bertil Tungodden,51,"In a randomized controlled trial, we test whether removal of a barrier to exercise can improve academic performance.We find strong support for this hypothesis: university students who were provided with a free gym card exercised more and had a significant improvement in academic performance.The treated students were both less likely to drop out of classes and to fail at the exam.We provide evidence showing that exercise caused a healthier lifestyle and increased perceived self-control, which ultimately improved academic performance.The study demonstrates that removing barriers to physical activity can be an important tool for improving educational achievements."
Journal of Political Economy,econ,https://openalex.org/W4413345928,https://doi.org/10.1086/738143,Self-Fulfilling Debt Crises with Long Stagnations,2025-08-20,João Ayres; Gastón Navarro; Juan Pablo Nicolini; Pedro Teles,1,
Journal of Political Economy,econ,https://openalex.org/W4413346539,https://doi.org/10.1086/738249,Rules versus Discretion: Treatment of Mental Illness in US Adolescents,2025-08-20,Emily Cuddy; Janet Currie,1,
Journal of Political Economy,econ,https://openalex.org/W4413345924,https://doi.org/10.1086/738148,Distribution Regression with Sample Selection and UK Wage Decomposition,2025-08-20,Victor Chernozhukov; Iván Fernández‐Val; Siyi Luo,1,
Journal of Political Economy,econ,https://openalex.org/W4413345929,https://doi.org/10.1086/738149,Exorbitant Privilege Gained and Lost: Fiscal Implications,2025-08-20,Zefeng Chen; Zhengyang Jiang; Hanno Lustig; Stijn Van Nieuwerburgh; Mindy Z. Xiaolan,1,
Journal of Political Economy,econ,https://openalex.org/W4413511931,https://doi.org/10.1086/738335,The Short-Run Policy Constraints of Long-Run Expectations,2025-08-25,Stefano Eusepi; Marc Giannoni; Bruce Preston,7,
Journal of Political Economy,econ,https://openalex.org/W4413511726,https://doi.org/10.1086/738343,Laws and Norms,2025-08-25,Roland Bénabou; Jean Tirole,2,"We analyze how private decisions and optimal public policies are shaped by personal and societal preferences, material incentives, and social norms. We show how honor and stigma interact with incentives and derive optimal taxation. We then analyze the expressive role of law as embodying society’s values and identify when it calls for a weakening or a strengthening of incentives. The law should be softened when it signals agents’ general willingness to contribute to the public good and toughened when it signals social externalities. We also shed light on norms-based interventions, societies’ resistance to economists’ messages, and the avoidance of cruel and unusual punishments."
Journal of Political Economy,econ,https://openalex.org/W4413511577,https://doi.org/10.1086/738339,When Is the Use of Gaussian-Inverse Wishart-Haar Priors Appropriate?,2025-08-25,Atsushi Inoue; Lutz Kilian,1,
Journal of Political Economy,econ,https://openalex.org/W4413511842,https://doi.org/10.1086/738345,"Gender, Confidence, and the Mismeasure of Intelligence, Competitiveness, and Literacy",2025-08-25,Glenn W. Harrison; Don Ross; J. Todd Swarthout,1,
Journal of Political Economy,econ,https://openalex.org/W4413511944,https://doi.org/10.1086/738341,A Case for Pay-as-Bid Auctions,2025-08-25,Marek Pycia; Kyle Woodward,1,"Pay-as-bid (or discriminatory or multiple-price) auctions are used to sell homogenous goods such as treasury securities and commodities.We prove the uniqueness of their pure-strategy Bayesian Nash equilibrium and establish a tractable representation of equilibrium bids for symmetrically-informed bidders.Analyzing design, we show that supply transparency and full disclosure are revenue-maximizing in pay as bid, though not necessarily in uniform-price (or single-price) auctions, the main alternative auction format.Pay as bid raises weakly more revenue than uniform price and may lead to higher welfare.Our results provide an explanation for the revenue equivalence observed in empirical studies of treasury auctions."
Journal of Political Economy,econ,https://openalex.org/W4413512048,https://doi.org/10.1086/738342,Screening with Persuasion,2025-08-25,Dirk Bergemann; Tibor Heumann; Stephen Morris,1,
Journal of Political Economy,econ,https://openalex.org/W4413511882,https://doi.org/10.1086/738344,Trade with Nominal Rigidities: Understanding the Unemployment and Welfare Effects of the China Shock,2025-08-25,Andrés Rodrı́guez-Clare; Mauricio Ulate; Jose P. Vasquez,0,"We present a dynamic quantitative trade and migration model that incorporates downward nominal wage rigidities and show how this framework can generate changes in unemployment and labor participation that match those uncovered by the empirical literature studying the “China shock.” We find that the China shock leads to average welfare increases in most U.S. states, including many that experience unemployment during the transition. However, nominal rigidities reduce the overall U.S. gains by around two thirds. In addition, there are 18 states that experience welfare losses in the presence of downward nominal wage rigidity that would have experienced gains without it."
Journal of Political Economy,econ,https://openalex.org/W4413825530,https://doi.org/10.1086/738405,Front Matter,2025-08-29,Esteban Rossi-Hansberg; John Asker; Andrew Atkeson; Leonardo Bursztyn; Gabriel Carroll; Melissa Dell; Rachel Griffith; David Lagakos; Francesca Molinari; Luigi Pistaferri; Bruno Strulovici; Christopher Walters; Adrien Bilal; Ivan Canay Zo Cullen; Anna Almenberg; Andrea Eisfeldt; Glenn Ellison; Pablo Fajgelbaum Hanming; Giovanni Gallipoli; Cecile Gaubert; Daniel Gottlieb Fuhito Kojima; Ezra Oberfield; Ricardo Perez-Truglia; Luciano Pomatto; Matthew Rognlie; Isaac Sorkin; Amanda Starc; Johannes Stroebel; Nicholas Trachter; Bertil Tungodden; Wilbert Van Der Klaauw David Yanagizawa-Drott; Chenzi Xu; Guo Xu; Florian Oswald; Keizen Ameriks; Ariel Wang; ; ,0,
Journal of Political Economy,econ,https://openalex.org/W4413827092,https://doi.org/10.1086/737956,JPE Turnaround Times,2025-08-29,,0,
Journal of Political Economy,econ,https://openalex.org/W4413847677,https://doi.org/10.1086/738406,Recent Referees,2025-08-29,,0,
Journal of Political Economy,econ,https://openalex.org/W4413982397,https://doi.org/10.1086/738483,Effects of Multigenerational Exposure to Early-Life Advantage: Lessons from a Primate Study,2025-09-04,Amanda M. Dettmer; James J. Heckman; Juan Pantano; Victor Ronda; Stephen J. Suomi,2,
Journal of Political Economy,econ,https://openalex.org/W4413981608,https://doi.org/10.1086/738479,Why Don’t Struggling Students Do Their Homework? Disentangling Motivation and Study Productivity as Drivers of Human Capital Formation,2025-09-04,Christopher Cotton; Brent Hickman; John A. List; Joseph Price; Sutanuka Roy,1,
Journal of Political Economy,econ,https://openalex.org/W4413981893,https://doi.org/10.1086/738482,A Structural Meta-Analysis of Welfare Reform Experiments and Their Impacts on Children,2025-09-04,Joseph Mullins,2,
Journal of Political Economy,econ,https://openalex.org/W4287771753,https://doi.org/10.1086/738484,Mentoring and Schooling Decisions: Causal Evidence,2025-09-04,Armin Falk; Fabian Kosse; Pia Pinger,0,"Previous articleNext article No AccessMentoring and Schooling Decisions: Causal EvidenceArmin Falk, Fabian Kosse and Pia PingerArmin Falk, Fabian Kosse, and Pia PingerPDFPDF PLUS Add to favoritesDownload CitationTrack CitationsPermissionsReprints Share onFacebookXLinkedInRedditBlueskyEmailPrint SectionsMoreDetailsFiguresReferencesCited by Journal of Political Economy Just Accepted Article DOIhttps://doi.org/10.1086/738484 PermissionsRequest permissions HistoryAccepted August 01, 2023 © 2025 The University of Chicago. All Rights reserved.PDF download Crossref reports no articles citing this article."
Journal of Political Economy,econ,https://openalex.org/W4413982362,https://doi.org/10.1086/738481,Parenting with Patience: Parental Incentives and Child Development,2025-09-04,Daniela Del Boca; Christopher J. Flinn; Ewout Verriest; Matthew Wiswall,0,"We construct a dynamic model of child development where forward-looking parents and children jointly take actions to increase the child’s cognitive and noncognitive skills within a Markov perfect equilibrium framework. In addition to time and money investments in their child, parents also choose whether to use explicit incentives to increase the child’s self-investment, which may reduce the child’s future intrinsic motivation to invest by reducing the child’s discount factor. We use the estimated model parameters to show that the use of extrinsic motivation has large costs in terms of the child’s future incentives to invest in themselves."
Journal of Political Economy,econ,https://openalex.org/W4413982846,https://doi.org/10.1086/738480,Child Skill Production: Accounting for Parental and Market-Based Time and Goods Investments,2025-09-04,Elizabeth M. Caucutt; Lance Lochner; Joseph Mullins; Youngmin Park,0,
Journal of Political Economy,econ,https://openalex.org/W4414286195,https://doi.org/10.1086/738004,"In Memoriam: Robert E. Lucas Jr. (September 15, 1937–May 15, 2023)",2025-09-17,,0,In this issue
Journal of Political Economy,econ,https://openalex.org/W4414499010,https://doi.org/10.1086/738854,Recent Referees,2025-09-25,,0,
Journal of Political Economy,econ,https://openalex.org/W4414499035,https://doi.org/10.1086/738853,Front Matter,2025-09-25,,0,
Journal of Political Economy,econ,https://openalex.org/W4415351670,https://doi.org/10.1086/739207,Recent Referees,2025-10-20,,0,
Journal of Political Economy,econ,https://openalex.org/W4415351749,https://doi.org/10.1086/738814,JPE Turnaround Times,2025-10-20,,0,
Journal of Political Economy,econ,https://openalex.org/W4415351760,https://doi.org/10.1086/739206,Front Matter,2025-10-20,,0,
Journal of Political Economy,econ,https://openalex.org/W4415400781,https://doi.org/10.1086/739256,A Study of the Microdynamics of Early-Childhood Learning,2025-10-21,James J. Heckman; Jin Zhou,0,"This paper investigates the weekly evolution of skills as measured by unique data from a widely-emulated early childhood home-visiting program in rural China. The design of the study avoids input endogeneity issues and lack of comparable measures of skills that plague previous studies. Skills, nominally classified as the same, in fact, do not appear to share a common unit scale across levels. They are produced by skill-lifecycle-stage-specific learning processes. A novel dynamic stochastic skill production model for multiple skills is developed, aligning with empirical evidence. The model explains the ""fadeout"" of measures of learning through forgetting or depreciation of skills."
Journal of Political Economy,econ,https://openalex.org/W4415623274,https://doi.org/10.1086/739325,Efficiency and Redistribution in Environmental Policy: An Equilibrium Analysis of Agricultural Supply Chains,2025-10-28,Tomás Domínguez-Iino,1,
Journal of Political Economy,econ,https://openalex.org/W4415623440,https://doi.org/10.1086/739323,How Cultural Diversity Drives Innovation: Surnames and Patents in US History,2025-10-28,Max Posch; Jonathan Schulz; Joseph Henrich,1,
Journal of Political Economy,econ,https://openalex.org/W4415623446,https://doi.org/10.1086/739335,The Social Integration of International Migrants: Evidence from the Networks of Syrians in Germany,2025-10-28,Michael Bailey; Drew Johnston; Theresa Kuchler; Martin Koenen; Dominic Russel; Johannes Stroebel,1,
Journal of Political Economy,econ,https://openalex.org/W4415623078,https://doi.org/10.1086/739329,Endogenous Treatment Models with Social Interactions: An Application to the Impact of Exercise on Self-Esteem,2025-10-28,Zhongjian Lin; Francis Vella,0,
Journal of Political Economy,econ,https://openalex.org/W4415623140,https://doi.org/10.1086/739334,It Takes a Village: The Economics of Parenting with Neighborhood and Peer Effects,2025-10-28,Francesco Agostinelli; Matthias Doepke; Giuseppe Sorrenti; Fabrizio Zilibotti,0,"During adolescence, peer interactions become increasingly central to children’s development, whereas the direct influence of parents wanes. Nevertheless, parents can continue to exert leverage by shaping their children’s peer groups. We construct and estimate a model of parenting with peer and neighborhood effects where parents intervene in peer formation and show that the model captures empirical patterns of skill accumulation, parenting style, and peer characteristics among US high school students. We find that interventions that move children to better neighborhoods lose impact when they are scaled up, because parents’ equilibrium responses push against successful integration with the new peer group."
Journal of Political Economy,econ,https://openalex.org/W4415623253,https://doi.org/10.1086/739332,Indirect Persuasion,2025-10-28,Rahul Deb; Mallesh M. Pai; Maher Said,0,
Journal of Political Economy,econ,https://openalex.org/W4415623259,https://doi.org/10.1086/739326,Making Information More Valuable,2025-10-28,Mark Whitmeyer,0,
Journal of Political Economy,econ,https://openalex.org/W4415623260,https://doi.org/10.1086/739331,Mandated versus Voluntary Adaptation to Natural Disasters: The Case of US Wildfires,2025-10-28,Patrick Baylis; Judson Boomhower,0,
Journal of Political Economy,econ,https://openalex.org/W4415623263,https://doi.org/10.1086/739333,The Value of Ratings: Evidence from Their Introduction in Securities Markets,2025-10-28,Asaf Bernstein; Carola Frydman; Eric Hilt,0,
Journal of Political Economy,econ,https://openalex.org/W4415623271,https://doi.org/10.1086/739328,The End of the American Dream? Inequality and Segregation in US Cities,2025-10-28,Alessandra Fogli; Veronica Guerrieri; Mark Ponder; Marta Prato,0,
Journal of Political Economy,econ,https://openalex.org/W4415623437,https://doi.org/10.1086/739330,Automation and Polarization,2025-10-28,Daron Acemoğlu; Jonas Loebbing,0,
Journal of Political Economy,econ,https://openalex.org/W4415971136,https://doi.org/10.1086/739436,The Economics of Scaling Early Childhood Programs: Lessons from the Chicago School,2025-11-06,John A. List,0,
Journal of Political Economy,econ,https://openalex.org/W4390862822,https://doi.org/10.1086/739821,Revolutionary Transition: Inheritance Change and Fertility Decline,2025-12-01,Victor Gay; Paula E. Gobbi; Marc Goñi,8,"We test Le Play's (1875) hypothesis that the French Revolution contributed to France's early fertility decline by imposing equal partition of inheritance among all children, including women. We combine new data on local inheritance rules before the Revolution and individual-level demographic data from historical sources and crowdsourced genealogies. Difference-in-differences and regression-discontinuity estimates show that the inheritance reforms enacted during the Revolution reduced completed fertility by 0.5 children. A key mechanism was the desire to avoid land fragmentation across generations. These reforms closed the fertility gap between regions with different historical inheritance rules and crucially contributed to France's demographic transition."
Journal of Political Economy,econ,https://openalex.org/W4416888584,https://doi.org/10.1086/739831,"Health Shocks, Health Insurance, Human Capital, and the Dynamics of Earnings and Health",2025-12-01,Elena Capatina; Michael P. Keane,0,
Journal of Political Economy,econ,https://openalex.org/W4417475491,https://doi.org/10.1086/739679,Index to Volume 133,2025-12-01,,0,
Journal of Political Economy,econ,https://openalex.org/W4417475493,https://doi.org/10.1086/739678,JPE Turnaround Times,2025-12-01,,0,
Journal of Political Economy,econ,https://openalex.org/W4417475494,https://doi.org/10.1086/739910,Front Matter,2025-12-01,,0,
Journal of Political Economy,econ,https://openalex.org/W4417475509,https://doi.org/10.1086/739911,Recent Referees,2025-12-01,,0,
Journal of Political Economy,econ,https://openalex.org/W7108207872,https://doi.org/10.1086/739828,The Causal Effects of Youth Cigarette Addiction and Education,2025-12-01,Rong Hai; James Heckman,0,
Journal of Political Economy,econ,https://openalex.org/W7108209660,https://doi.org/10.1086/739832,Linking Social and Personal Preferences: Theory and Experiment,2025-12-01,William Zame; Bertil Tungodden; Erik Ø Sørensen; Shachar Kariv; Alexander W Cappelen,0,
Journal of Political Economy,econ,https://openalex.org/W7108209815,https://doi.org/10.1086/739824,US Public Debt and Safe Asset Market Power,2025-12-01,Jason Choi; Rishabh Kirpalani; Diego J Perez,0,
Journal of Political Economy,econ,https://openalex.org/W7108212862,https://doi.org/10.1086/739827,"Booms, Busts, and Mismatch in Capital Markets: Evidence from the Offshore Oil and Gas Industry",2025-12-01,Nicholas Vreugdenhil,0,
Journal of Political Economy,econ,https://openalex.org/W7108214415,https://doi.org/10.1086/739834,A Model of Social Duties,2025-12-01,Tore Ellingsen; Erik Mohlin,0,
Journal of Political Economy,econ,https://openalex.org/W7108215041,https://doi.org/10.1086/739830,Glass Walls: Experimental Evidence on Constraints Faced by Women in Accessing Valuable Skilling Opportunities,2025-12-01,Ali Cheema; Asim Khwaja; M Farooq Naseer; Jacob N Shapiro,0,
Journal of Political Economy,econ,https://openalex.org/W7108223278,https://doi.org/10.1086/739823,On the Nature of Entrepreneurship,2025-12-01,Anmol Bhandari; Tobey Kass; Thomas May; Ellen McGrattan; Evan Schulz,0,
Journal of Political Economy,econ,https://openalex.org/W7108226141,https://doi.org/10.1086/739829,Ever Since Allais,2025-12-01,Aluma Dembo; Shachar Kariv; Matthew Polisson; John K.-H. Quah,0,
Journal of Political Economy,econ,https://openalex.org/W4417405753,https://doi.org/10.1086/739826,Algorithm Design: A Fairness-Accuracy Frontier,2025-12-16,Annie Liang; Jay Lu; Xiaosheng Mu; Kyohei Okumura,0,
Quarterly Journal of Economics,econ,https://openalex.org/W4406318185,https://doi.org/10.1093/qje/qjaf001,The Earnings and Labor Supply of U.S. Physicians,2025-01-13,Joshua D. Gottlieb; Maria Polyakova; Kevin Rinz; Hugh Shiplett; Victoria Udalova,7,"Abstract Is government guiding the invisible hand at the top of the labor market? We use new administrative data to measure physicians’ earnings and estimate the influence of health care policies on these earnings, physicians’ labor supply, and the allocation of talent. Combining the administrative registry of U.S. physicians with tax data, Medicare billing records, and survey responses, we find that physicians’ annual earnings average $350,000 and make up 8.6% of national health care spending. Business income makes up one-quarter of earnings and is systematically underreported in survey data. Earnings increase steeply early in the career, and there are major differences across specialties, regions, and firm sizes. The geographic pattern of earnings is unusual compared with other workers. We argue that these patterns reflect policy choices to subsidize demand for physician care, amplified by restrictions on physician entry, especially in certain specialties. Health policy has a major impact on the margin: 25% of physician fee revenue driven by Medicare reimbursements accrues to physicians personally. Physicians earn 8% of public money spent on insurance expansion. These policies in turn affect the type and quantity of medical care physicians supply, retirement timing, and the allocation of talent across specialties."
Quarterly Journal of Economics,econ,https://openalex.org/W4406515002,https://doi.org/10.1093/qje/qjaf002,The Diffusion of New Technologies,2025-01-17,Aakash Kalyani; Nicholas Bloom; Marcela Carvalho; Tarek A. Hassan; Josh Lerner; Ahmed Tahoun,23,"Abstract We identify phrases associated with novel technologies using textual analysis of patents, job postings, and earnings calls, enabling us to identify four stylized facts on the diffusion of jobs relating to new technologies. First, the development of economically impactful new technologies is geographically highly concentrated, more so even than overall patenting: 56% of the most economically impactful technologies come from just two U.S. locations, Silicon Valley and the Northeast Corridor. Second, as the technologies mature and the number of related jobs grows, hiring spreads geographically. This process is very slow, taking around 50 years to disperse fully. Third, while initial hiring in new technologies is highly skill-biased, over time the mean skill level in new positions declines, drawing in an increasing number of lower-skilled workers. Finally, the geographic spread of hiring is slowest for higher-skilled positions, with the locations where new technologies were pioneered remaining the focus for the technology's high-skill jobs for decades."
Quarterly Journal of Economics,econ,https://openalex.org/W4406605682,https://doi.org/10.1093/qje/qjaf005,“Something Works” in U.S. Jails: Misconduct and Recidivism Effects of the IGNITE Program,2025-01-20,Marcella Alsan; Arkey Barnett; Peter Hull; Crystal Yang,5,"Abstract A long-standing and influential view in U.S. correctional policy is that “nothing works” when it comes to rehabilitating incarcerated individuals. We revisit this hypothesis by studying an innovative law-enforcement-led program launched in the county jail of Flint, MI: Inmate Growth Naturally and Intentionally through Education (IGNITE). We develop an instrumental variables approach to estimate the effects of IGNITE exposure, leveraging quasi-random court delays that cause individuals to spend more time in jail before and after the program’s launch. Holding time in jail fixed, we find that one additional month of IGNITE exposure reduces weekly misconduct in jail by 25% and three-month recidivism by 24%, with the recidivism effects growing over time. Surveys of staff and community members, along with administrative test-score records and within-jail text messages, suggest that cultural change and improved literacy and numeracy scores are contributing mechanisms."
Quarterly Journal of Economics,econ,https://openalex.org/W4406606135,https://doi.org/10.1093/qje/qjaf007,Exploitation Through Racialization,2025-01-20,Dan McGee,7,"Abstract I develop a model of the social construction of race. Racial categories emerge from labor conflict when elites privilege intrinsically irrelevant traits to divide workers against each other and extract workers’ surplus. I show that elites use color to grant unequal rights and track these rights across generations because it is heritable, observable, and relatively immutable. Depending on the demographic conditions the elites face, the system of racialization manifests either as ancestry-based or color-based categories. This approach to the social construction of race provides a unified explanation of skin-tone inequality, racial homophily in marriage, the social status of mixed-race people, the psychological wage of Jim Crow, and legal restrictions on manumission. I test for historical variations in racial boundaries using census data from the United States and Brazil and for differential patterns of skin-tone inequality between ancestry-based and color-based systems using survey data from across the Americas."
Quarterly Journal of Economics,econ,https://openalex.org/W4406787264,https://doi.org/10.1093/qje/qjaf004,Officer-Involved: The Media Language of Police Killings,2025-01-24,Jonathan Moreno-Medina; Antony Bayer; Bocar Ba; Bocar A Ba®,4,"Abstract This article examines language patterns in U.S. television news coverage of police killings. First, we document that the media use syntactic structures—such as passive voice, nominalizations, and intransitive verbs—that obscure responsibility more often in cases of police killings than in cases of civilian killings. Through an online experiment, we demonstrate the significance of these syntactic differences, revealing that participants are less likely to hold police officers morally responsible and demand penalties when exposed to obfuscatory language, particularly in cases involving unarmed victims. Further analysis of news data shows greater use of obfuscatory language when the victims are unarmed or video footage is available—situations in which obfuscation may have the greatest impact. Exploring the causes of this differential obfuscation, we do not find evidence that it is driven by either demand-side factors or supply-side factors associated with TV station ownership and political leaning. Instead, our results suggest that narratives crafted by police departments are more likely drivers of media obfuscation. This article highlights how syntactic choices and their semantic consequences in media shape perceptions, extending beyond coverage volume and bias."
Quarterly Journal of Economics,econ,https://openalex.org/W4406787296,https://doi.org/10.1093/qje/qjaf006,The Impact of Being Denied a Wanted Abortion on Women and Their Children,2025-01-24,Juliana Londoño-Vélez; Estefanía Saravia,3,"This paper examines the impact of denying a wanted abortion on women and children in Colombia using high-quality administrative microdata and credibly exogenous variation in abortion access. Women can seek legal abortions through a <i>tutela</i>, with cases randomly assigned to judges. Female judges are 20 p.p. (32%) less likely to deny abortion cases than male judges, and we use the judge's sex as an instrument for abortion denial. Denial of a wanted abortion has both immediate and lasting effects. It increases a woman's risk of death by 2.5 p.p within nine months, mainly due to unsafe abortion procedures, and raises the likelihood of carrying the pregnancy to term by 31 p.p. Tracking outcomes up to 15 years later, we find that women denied an abortion experience more health issues, lower educational attainment, reduced labor-force participation, and higher rates of single motherhood, poverty, and reliance on government assistance. Existing children, born before their mother sought an abortion, are less likely to attend school and more likely to work."
Quarterly Journal of Economics,econ,https://openalex.org/W4407021898,https://doi.org/10.1093/qje/qjaf008,Wage Hysteresis and Entitlement Effects: The Persistent Impacts of a Temporary Overtime Policy,2025-01-31,Simon Quach,5,"Abstract This article studies the unexpected retraction of a U.S. federal policy in 2016 that would have more than doubled the “overtime exemption threshold” from $455 to $913 per week and thereby grant overtime protection to an additional 20% of salaried workers. Although the policy was blocked by a federal court injunction a week before it was supposed to take effect, I show that it nevertheless had a persistent positive impact on workers’ earnings. Leveraging a bunching design with administrative payroll data from ADP, I find that employers raised workers’ salaries to the $913 threshold even after the policy was repealed. Over the next 18 months, difference-in-difference estimates reveal that employers did not slow the wage growth of workers affected by the policy relative to those already earning above $913 per week, nor did they hire new employees at a lower pay rate. Real wages remained persistently elevated relative to what they would have been absent the policy and separation rates decreased among workers bunched at the $913 threshold. Comparing highly exposed firms to unaffected firms, I find an increase in employers’ wage bills but no change in aggregate employment. Taken together, the results indicate that temporary policies impacting wage levels can have permanent effects on the labor market. Survey responses collected by the Department of Labor suggest that morale concerns play a key role in driving the wage hysteresis."
Quarterly Journal of Economics,econ,https://openalex.org/W4407094106,https://doi.org/10.1093/qje/qjaf010,Race to the Bottom: Competition and Quality in Science,2025-02-03,Ryan Hill; Carolyn Stein,19,"Abstract This article investigates how competition to publish first and thereby establish priority affects the quality of scientific research. We begin by developing a model where scientists decide whether and how long to work on a given project. When deciding how long they should let their projects mature, scientists trade off the marginal benefit of higher-quality research against the marginal risk of being preempted. Projects with the highest scientific potential are the most competitive because they induce the most entry. Therefore, the model predicts these projects are also the most rushed and lowest quality. We test the predictions of this model in the field of structural biology using data from the Protein Data Bank (PDB), a repository for structures of large macromolecules. An important feature of the PDB is that it assigns objective measures of scientific quality to each structure. As suggested by the model, we find that structures with higher ex ante potential generate more competition, are completed faster, and are lower quality. Consistent with the model, and with a causal interpretation of our empirical results, these relationships are mitigated when we focus on structures deposited by scientists who—by nature of their employment position—are less focused on publication and priority. We estimate that the costs associated with improving these low-quality structures are between $1.5 and $8.8 billion since the PDB’s founding in 1971."
Quarterly Journal of Economics,econ,https://openalex.org/W4407240810,https://doi.org/10.1093/qje/qjaf009,Can Pollution Markets Work in Developing Countries? Experimental Evidence from India,2025-02-03,Michael Greenstone; Rohini Pande; Nicholas Ryan; Anant Sudarshan,10,"Abstract Market-based environmental regulations are seldom used in low-income countries, where pollution is highest but state capacity is often low. We collaborated with the Gujarat Pollution Control Board (GPCB) to design and experimentally evaluate the world’s first particulate-matter emissions market, which covered industrial plants in a large Indian city. There are three main findings. First, the market functioned well. Treatment plants, randomly assigned to the emissions market, traded permits to become significant net sellers or buyers. After trading, treatment plants held enough permits to cover their emissions 99% of the time, compared with just 66% compliance with standards under the command-and-control status quo. Second, treatment plants reduced pollution emissions, relative to control plants, by 20%–30%. Third, the market reduced abatement costs by an estimated 11%, holding constant emissions. This cost-savings estimate is based on plant-specific marginal cost curves that we estimate from the universe of bids to buy and sell permits in the market. The combination of pollution reductions and low costs imply that the emissions market has mortality benefits that exceed its costs by at least 25 times."
Quarterly Journal of Economics,econ,https://openalex.org/W4407142724,https://doi.org/10.1093/qje/qjae044,Generative AI at Work,2025-02-04,Erik Brynjolfsson; Danielle Li; Lindsey Raymond,300,"Abstract We study the staggered introduction of a generative AI–based conversational assistant using data from 5,172 customer-support agents. Access to AI assistance increases worker productivity, as measured by issues resolved per hour, by 15% on average, with substantial heterogeneity across workers. The effects vary significantly across different agents. Less experienced and lower-skilled workers improve both the speed and quality of their output, while the most experienced and highest-skilled workers see small gains in speed and small declines in quality. We also find evidence that AI assistance facilitates worker learning and improves English fluency, particularly among international agents. While AI systems improve with more training data, we find that the gains from AI adoption are largest for moderately rare problems, where human agents have less baseline experience but the system still has adequate training data. Finally, we provide evidence that AI assistance improves the experience of work along several dimensions: customers are more polite and less likely to ask to speak to a manager."
Quarterly Journal of Economics,econ,https://openalex.org/W4407463226,https://doi.org/10.1093/qje/qjaf011,The Long-Run Effects of America’s Largest Residential Racial Desegregation Program: Gautreaux,2025-02-12,Eric Chyn; Robert Collinson; Danielle H. Sandler,6,"ABSTRACT This article studies the effects of the largest residential racial desegregation initiative in U.S. history, the Gautreaux Assisted Housing Program. From the late 1970s to the 1990s, Gautreaux moved thousands of Black families into predominantly white neighborhoods to support racial and economic integration. We link historical program records to administrative data and use plausibly exogenous variation in neighborhood placements to study how desegregating moves affect children in the long run. Being placed in the predominantly white neighborhoods targeted by the program significantly increases children’s future lifetime earnings and wealth. These moves also increase the likelihood of marriage and particularly raise the probability of being married to a white spouse. Moreover, placements through Gautreaux affect neighborhood choices in adulthood. Those placed in predominantly white neighborhoods during childhood live in more racially diverse areas with higher rates of upward mobility nearly 40 years later."
Quarterly Journal of Economics,econ,https://openalex.org/W4407682085,https://doi.org/10.1093/qje/qjaf013,What Works and for Whom? Effectiveness and Efficiency of School Capital Investments Across the U.S.,2025-02-18,Barbara Biasi; Julien Lafortune; David Schönholzer,7,"ABSTRACT This article identifies which investments in school facilities help students and which are valued by homeowners. Using novel data on school district bonds, test scores, and house prices across 29 U.S. states and a research design based on narrowly decided elections with staggered timing, we find that increased capital spending in schools significantly improves test scores and is efficient on average. However, the effects vary widely depending on the type of project and the characteristics of the school district. Investments in essential infrastructure, such as HVAC systems or pollutant removal, yield notable improvements in student performance, while expenditures on athletic facilities show no measurable academic benefit. Socioeconomically disadvantaged districts gain disproportionately from capital investments, even after accounting for project type, yet these districts typically underinvest in such projects."
Quarterly Journal of Economics,econ,https://openalex.org/W4407682098,https://doi.org/10.1093/qje/qjaf014,"The Race Between Education, Technology, and the Minimum Wage",2025-02-18,Jonathan Vogel,1,ABSTRACT What is the effect of the real minimum wage on wages and inequality? I develop a theory that nests the race between education and technology. The theory predicts that the effect of changes in minimum wages is initially small but grows over time. I present empirical evidence of these dynamic effects: the elasticity of real wages grows substantially over a three-year period. I show that minimum wages help rationalize a considerable decline in real wages of low-education workers in the 1980s and play a role in shaping the evolution of the U.S. college premium.
Quarterly Journal of Economics,econ,https://openalex.org/W4407806030,https://doi.org/10.1093/qje/qjaf015,Micro MPCs and Macro Counterfactuals: The Case of the 2008 Rebates,2025-02-21,Jacob Orchard; Valerie Ramey; Johannes Wieland,9,"ABSTRACT We present evidence that the high estimated marginal propensities to consume (MPCs) from the leading household studies result in implausible macroeconomic counterfactuals. Using the 2008 tax rebate as a case study, we calibrate a standard macro model with the estimated micro MPCs to construct counterfactual macroeconomic consumption paths in the absence of a rebate. The counterfactual paths imply that consumption expenditures would have plummeted in spring and summer 2008 and mostly recovered in September 2008. We use narratives and forecasts to argue that these paths are implausible. We show that standard two-way fixed effect estimates of the micro MPCs are upward biased. When we correct for the biases, we estimate smaller micro MPCs using the CEX data than the previous literature. We show that realistic modifications of the model result in general equilibrium forces that dampen rather than amplify micro MPCs. The combination of smaller micro MPCs and dampening general equilibrium forces implies general equilibrium consumption multipliers that are below 0.2."
Quarterly Journal of Economics,econ,https://openalex.org/W4407806051,https://doi.org/10.1093/qje/qjaf012,A Monetary-Fiscal Theory of Sudden Inflations,2025-02-21,Marco Bassetto; David S. Miller,5,"ABSTRACT This article posits an information channel as an explanation for sudden inflations. Households saving via nominal government bonds face a choice whether to acquire costly information about future government surpluses. They trade off the cost of acquiring information about the surpluses that back bond repayment against the benefit of a more informed saving decision. Through the information channel, small changes in the economic environment can trigger large responses in consumer behavior and prices. This setting explains why there can be long stretches of time during which government surpluses have large movements with little inflation response; then at some point, something snaps, and a sudden inflation takes off that is strongly responsive to incoming fiscal news."
Quarterly Journal of Economics,econ,https://openalex.org/W4408165652,https://doi.org/10.1093/qje/qjaf016,Voluntary Minimum Wages: The Local Labor Market Effects of National Retailer Policies,2025-03-05,Ellora Derenoncourt; David Weil,5,"ABSTRACT Low unionization rates, a falling real federal minimum wage, and outsourcing have hampered wage growth in the low-wage sector in the United States for several decades. In recent years (2014–2023), a number of large private retailers—including some of the largest employers in the United States—have opted to institute or raise company-wide, voluntary minimum wages (VMWs) for their employees. We use anonymized payroll data from a large credit bureau and a major payroll provider to study the effects of these national retailer policies on adopting employers’ own wages and employment as well as their spillovers to other employers in shared local labor markets, variously defined. Using stacked event studies centered around multiple VMW events and a continuous treatment variable defined as the gap between local-area wages and the company minimum, we find that VMWs result in sizable wage increases and reductions in turnover at the companies that implement them. Turning to wages at other companies, we estimate small, often economically negligible, spillover effects across multiple measures of exposure to VMWs and numerous definitions of relevant competitors, including firms connected by worker flows. Together, the evidence points to little role for strategic interactions in the transmission of large retailers’ wage policies to other firms. Voluntary minimum wage policies have affected over 3 million jobs at adopting employers, yet their impact on the broader labor market is limited."
Quarterly Journal of Economics,econ,https://openalex.org/W4408349420,https://doi.org/10.1093/qje/qjaf017,“Descended from Immigrants and Revolutionists”: How Family History Shapes Immigration Policy Making,2025-03-12,James Feigenbaum; Maxwell Palmer; Benjamin Schneer,1,"Abstract Does family history matter for policy making in democracies? Linking members of Congress (MCs) to the census, we observe countries of birth for members, their parents, and their grandparents, allowing us to measure ancestry for the politicians in office when U.S. immigration policy changed dramatically, from closing the border in the 1920s to reshaping admittance criteria in the 1960s. We find that legislators descended from immigrant parents or grandparents support more permissive immigration legislation. They are also less likely to speak negatively about immigration in speeches before Congress. A regression discontinuity design analyzing close elections, which addresses district-level selection and holds district composition constant, confirms our results on roll call voting and speech. Efforts to account for selection into immigration—such as comparing international immigrants to domestic migrants and exploiting variation in restrictive legislation targeting specific regions of origin—further confirm the relationship between family immigration experience and more permissive stances on immigration policy. We then explore mechanisms, finding support for in-group identity in connecting family history with policy making. MCs name their children in ways that express immigrant identity, and immigrant-descended MCs discuss immigration using more personal frames, emphasizing family over economic considerations. Our findings illustrate the important role of personal background in legislative behavior in democratic societies, even on major and controversial topics like immigration, and suggest how experiences transmitted from previous generations can inform lawmakers’ views."
Quarterly Journal of Economics,econ,https://openalex.org/W4409262024,https://doi.org/10.1093/qje/qjaf003,Acknowledgment of Referees,2025-04-08,,0,
Quarterly Journal of Economics,econ,https://openalex.org/W4409352823,https://doi.org/10.1093/qje/qjaf019,The Evolutionary Stability of Moral Foundations,2025-04-11,Marco Avataneo; Thomas Norman; Nicola Persico,1,"ABSTRACT Moral foundations theory is an influential empirical description of moral perception. According to this theory, individuals make moral judgments based on five distinct “moral foundations”: care, fairness, loyalty, authority, and sanctity. We provide a theory that explores the claimed evolutionary basis for these moral foundations. The theory conceptualizes these five moral foundations as specific modifications of fitness payoffs in a 2 × 2 game. We find that the five foundations are distinguishable from each other and evolutionarily stable. However, they are not a minimal set: strict subsets of the foundations suffice to describe all preferences that are evolutionarily stable. Not all evolutionarily stable foundations deliver social fitness improvement over the Nash equilibrium in the fitness game: we characterize which do. Finally, we study moral overdrive, that is, the situation in which the moral component of preferences totally dominates fitness payoffs and drives decision making entirely. While every one of the five foundations is compatible with moral overdrive in at least one fitness game, there is no fitness game in which moral overdrive is compatible with social fitness improvement. These results are partially extended to n × n games. We derive two testable implications from the theory and find empirical support for them."
Quarterly Journal of Economics,econ,https://openalex.org/W4409454632,https://doi.org/10.1093/qje/qjaf020,Revealed Beliefs and the Marriage Market Return to Education,2025-04-15,Alison Andrew; Abi Adams‐Prassl,5,"Abstract We develop a new methodology to estimate subjective beliefs from hypothetical-choice data. Our identification approach is based on the novel insight that by varying the amount of information on future realizations of stochastic variables, discrete-choice experiments can identify not only preferences but also subjective beliefs. We formally prove this result in a general setting and apply it to design a strategic survey instrument to measure Rajasthani parents’ subjective beliefs over the joint distribution of girls’ age of marriage, education, and marriage match quality. Our approach allows us to quantify the importance of perceived marriage market returns to education and youth, and perform various counterfactual simulation exercises. We find that eliminating the perceived marriage market return to education causes a 60% drop in the number of girls still in school at age 16, and almost none continue their education by age 18. Responses to our strategic survey instrument allow us accurately to predict realized schooling trajectories in follow-up data we collect from the same sample five years after our experimental data collection."
Quarterly Journal of Economics,econ,https://openalex.org/W4409995998,https://doi.org/10.1093/qje/qjaf022,Systemic Discrimination: Theory and Measurement,2025-05-01,J. Aislinn Bohren; Peter Hull; Alex Imas,9,"Abstract Economists often measure discrimination as disparities arising from the direct effects of group identity. We develop new tools to model and measure systemic discrimination, capturing how discrimination in other decisions indirectly contributes to disparities. A novel experimental design, the iterated audit, identifies systemic discrimination. We illustrate these new tools in two field experiments. The first experiment shows how racial discrimination can accumulate across multiple rounds of hiring through the interaction of two forces: greater discrimination against inexperienced workers, which affects the opportunity to obtain experience, and high subsequent returns to experience. The second experiment shows how gender-based differences in the language of recommendation letters can translate into systemic gender discrimination in STEM hiring. We discuss how our findings qualify previous results on direct discrimination and how our tools can be used to target policy interventions."
Quarterly Journal of Economics,econ,https://openalex.org/W4410382978,https://doi.org/10.1093/qje/qjaf023,Lives Versus Livelihoods: The Impact of the Great Recession on Mortality and Welfare,2025-05-13,Amy Finkelstein; Matthew Notowidigdo; Frank Schilbach; Jonathan Zhang,3,"ABSTRACT We leverage spatial variation in the severity of the Great Recession across the United States to examine its impact on mortality and explore the quantitative implications. We estimate that an increase in the unemployment rate of the magnitude of the Great Recession reduces the average annual age-adjusted mortality rate by 2.3%, with effects persisting for at least 10 years. Mortality reductions appear across causes of death and are concentrated in the half of the population with a high school degree or less. We estimate similar percentage reductions in mortality at all ages, with declines in elderly mortality thus responsible for about three-quarters of the total mortality reduction. Recession-induced mortality declines are driven primarily by external effects of reduced aggregate economic activity on mortality, and reduced air pollution appears to be a quantitatively important mechanism. Incorporating our estimates of procyclical mortality into a standard macroeconomic framework substantially reduces the welfare costs of recessions, particularly for people with less education, and at older ages."
Quarterly Journal of Economics,econ,https://openalex.org/W4410551518,https://doi.org/10.1093/qje/qjaf024,Collective Bargaining for Women: How Unions Can Create Female-Friendly Jobs,2025-05-21,Viola Corradini; Lorenzo Lagos; Garima Sharma,9,"ABSTRACT We study the role of unions in improving workplaces for women. Starting in 2015, Brazil’s largest trade union federation made women central to its agenda. Using a difference-in-differences design that leverages variation in union affiliation to this federation, we find that “bargaining for women” increased female-friendly amenities in collective bargaining agreements and in practice. These changes led women to queue for jobs at treated establishments and separate from them less—both revealed-preference measures of firm value. We find no evidence that gains came at the expense of wages, employment, or firm profits. Better amenities instead reduced turnover and absenteeism, suggesting greater worker satisfaction and effort. Larger improvements occurred where women initially composed a lower share of workers or union leaders. Our findings show that shifting union priorities toward women improved workplaces without meaningful trade-offs and benefited both workers and employers. They illustrate the potential for unions to improve workplace quality by focusing on the needs of less represented workers."
Quarterly Journal of Economics,econ,https://openalex.org/W4410765380,https://doi.org/10.1093/qje/qjaf021,The Optimal Taxation of Couples,2025-05-27,Mikhail Golosov; Ilia Krasikov,1,"ABSTRACT We study optimal nonlinear taxation of single and married households. Taxes on couples depend on the earnings of both spouses and are an example of multidimensional tax schedules. We develop novel analytical techniques to study properties of such taxes. We show that the optimal marginal taxes for married individuals are generally lower than for single individuals because resource sharing in couples provides socially valuable redistribution. Under realistic assumptions, the optimal tax rates for married individuals increase with the correlation of spousal earnings, the marginal tax rates for one spouse increase (decrease) in the earnings of the other if both spouses have low (high) earnings, and the primary earner faces lower marginal taxes than the secondary earner."
Quarterly Journal of Economics,econ,https://openalex.org/W4410841741,https://doi.org/10.1093/qje/qjaf025,Manufacturing Revolutions: Industrial Policy and Industrialization in South Korea,2025-05-29,Nathaniel Lane,14,"Abstract I study the effect of industrial policies on industrial development by considering an important episode during the East Asian miracle: South Korea’s heavy and chemical industry (HCI) drive, 1973–1979. Based on newly assembled data, I use the introduction and termination of industrial policies to study their effects during and after the intervention period. I reveal that HCI policies promoted the expansion and dynamic comparative advantage of directly targeted industries. Using variation in exposure to policies through the input-output network, I demonstrate that the policy indirectly benefited downstream users of targeted intermediates. The benefits of HCI persisted even after the policy ended, and some results took time to materialize. The findings suggest that the temporary drive shifted Korean manufacturing into more advanced markets and supported durable change. This study helps clarify the lessons drawn from the East Asian growth miracle."
Quarterly Journal of Economics,econ,https://openalex.org/W4410841625,https://doi.org/10.1093/qje/qjaf026,Sexual Harassment in Public Spaces and Police Patrols: Experimental Evidence from Urban India,2025-05-29,Sofia Amaral; Girija Borker; Nathan Fiala; Anjani Kumar; Nishith Prakash; María Micaela Sviatschi,4,"Abstract We conduct a randomized controlled trial to evaluate the effect of an innovative police patrol program on sexual harassment in public spaces in Hyderabad, India. In collaboration with the Hyderabad City Police, we randomize exposure to police patrols and the visibility of officers by deploying both uniformed and undercover officers across 350 hot spots. To assess the effect, we implement a novel, high-frequency observation exercise to measure sexual harassment at these hot spots, where enumerators recorded all observed instances of sexual harassment and women’s responses in real time. We find that although police patrols had no effect on overall street harassment, uniformed police patrols reduced severe forms of harassment (forceful touching, intimidation) by 27% and reduced the likelihood of women leaving the hot spot due to sexual harassment. We uncovered the underlying mechanisms and found that both police visibility and officers’ attitudes toward sexual harassment are key to understanding its incidence."
Quarterly Journal of Economics,econ,https://openalex.org/W4411134971,https://doi.org/10.1093/qje/qjaf028,Are Inflationary Shocks Regressive? A Feasible Set Approach,2025-06-09,Felipe Del Canto; John L. Grigsby; Eric Qian; Conor J. Walsh,3,"ABSTRACT We develop a framework to measure the welfare impact of macroeconomic shocks throughout the distribution. The first-order impact of a shock is summarized by the induced movements in agents’ feasible sets: their budget constraint and borrowing constraints. We combine estimated impulse response functions with micro-data on household consumption bundles, asset holdings, and labor income for different U.S. households. We find that inflationary oil shocks are regressive, but monetary expansions are progressive, and there is substantial heterogeneity throughout the life cycle. In all cases, the dominant channel is the effect of the shock on the cost of accumulating assets, not movements in goods prices or labor income."
Quarterly Journal of Economics,econ,https://openalex.org/W4411134973,https://doi.org/10.1093/qje/qjaf027,Who You Gonna Call? Gender Inequality in External Demands for Parental Involvement,2025-06-09,Kristy Buzard; Laura Gee; Olga Stoddard,2,"ABSTRACT Gender imbalance in time spent on child-rearing causes gender inequalities in labor market outcomes, human capital accumulation, and economic mobility. We conduct a large-scale field experiment with a near universe of U.S. schools to investigate a potential source of inequality: external demands for parental involvement. Schools receive an email from a fictitious two-parent household and are asked to call one of the parents back. Mothers are 1.4 times more likely than fathers to be contacted. We decompose this inequality and demonstrate that the gender gap in external demands is associated with various measures of gender norms. We also show that signaling a father’s availability substantially changes the gender pattern of callbacks. Our findings underscore a process through which agents outside the household contribute to within-household gender inequalities."
Quarterly Journal of Economics,econ,https://openalex.org/W4411847034,https://doi.org/10.1093/qje/qjaf031,Barriers to Global Capital Allocation,2025-06-23,Bruno Pellegrino; Enrico Spolaore; Romain Wacziarg,6,"ABSTRACT Observed international investment positions and cross-country heterogeneity in rates of return to capital are hard to reconcile with frictionless capital markets. This article develops a theory of international capital allocation: a multi-country dynamic spatial general equilibrium model in which the entire network of cross-border investment is endogenously determined. Our model features cross-country heterogeneity in fundamental risk, a demand system for international assets, and frictions that cause segmentation in international capital markets. We measure frictions affecting international investment and apply our model to data from nearly 100 countries, using a new dataset of international capital taxes and cultural, linguistic, and geographic distances between countries (geopoliticaldistance.org). Our model performs well in reproducing the composition of international portfolios, the cross section of home bias and rates of return to capital, and other key features of international capital markets. Finally, we carry out counterfactual exercises: we show that barriers to international investment reduce world output by 7% and raise the cross-country dispersion of capital per employee, contributing in a meaningful way to global inequality."
Quarterly Journal of Economics,econ,https://openalex.org/W4416276362,https://doi.org/10.1093/qje/qjaf030,"Present Bias Unconstrained: Consumption, Welfare, and the Present-Bias Dilemma",2025-07-08,Peter Maxted,3,"Abstract By augmenting the continuous-time specification of Harris and Laibson (2013) with the assumption that hard borrowing constraints do not bind in equilibrium, present bias can be tractably incorporated into rich consumption-saving models featuring stochastic income, risky and illiquid assets, and costly borrowing. I present closed-form expressions characterizing how present bias affects consumption, illiquid asset demand, and welfare. This welfare analysis specifies the channels through which present bias can matter for policy and uncovers the present-bias dilemma: present bias can have large welfare costs, but individuals have little ability to alleviate these costs using financial commitment devices like illiquid assets."
Quarterly Journal of Economics,econ,https://openalex.org/W4412528675,https://doi.org/10.1093/qje/qjaf034,From Public Labs to Private Firms: Magnitude And Channels of Local R&amp;D Spillovers,2025-07-21,Antonin Bergeaud; Arthur Guillouzouic; Emeric Henry; Clément Malgouyres,4,"Abstract Introducing a new measure of scientific proximity between private firms and public research groups and exploiting a multibillion-euro financing program of academic clusters in France, we provide causal evidence of local spillovers from academic research to firms in the private sector. Our main estimate suggests that each €1 spent in academic research through this program spurred an additional €0.81 in private R&amp;D expenditures. We also show that this shock increased the average quality of patents. We exploit reports produced by funded clusters, complemented by data on firm creation, labor mobility, and R&amp;D public–private partnerships, to provide evidence on the channels for these spillovers. We discuss the policy implications of funding academic research to stimulate private R&amp;D."
Quarterly Journal of Economics,econ,https://openalex.org/W4412571355,https://doi.org/10.1093/qje/qjaf033,"Distributional Growth Accounting: Education and the Reduction of Global Poverty, 1980–2019",2025-07-22,Amory Gethin,5,"Abstract This article quantifies the role played by education in the reduction of global poverty. I propose tools for identifying the contribution of schooling to economic growth by income group, integrating imperfect substitution between skill groups into a macroeconomic growth decomposition. I bring this “distributional growth accounting” framework to the data by exploiting a new microdatabase representative of nearly all of the world’s population, new estimates of the private returns to schooling, and historical income distribution statistics. Education can account for about 45% of global economic growth and 60% of pretax income growth among the world’s poorest 20% from 1980 to 2019. A significant fraction of these gains was made possible by skill-biased technical change amplifying the returns to education. Because they ignore the distributional effects of schooling, standard growth accounting methods substantially underestimate economic benefits of education for the global poor."
Quarterly Journal of Economics,econ,https://openalex.org/W4412698073,https://doi.org/10.1093/qje/qjaf035,Investor Memory and Biased Beliefs: Evidence from the Field,2025-07-28,Zhengyang Jiang; Hongqi Liu; Cameron Peng; Hongjun Yan,10,"Abstract We survey a large, representative sample of retail investors in China to elicit their memories of stock market investments and their return expectations. We merge these survey data with administrative transaction data to test a model in which investors selectively recall past experiences to form their beliefs. Our analysis uncovers new facts about investor memory and highlights similarity-based recall as a key mechanism of belief formation in financial markets. A rising market prompts investors to recall their past experiences more positively, leading to more optimistic forecasts of future returns. Recalled experiences can explain cross-investor variation in return expectations and, in our setting, dominate actual experiences in their explanatory power. In the transaction data, we confirm that recalled experiences are reflected in investors’ trading decisions through a belief channel."
Quarterly Journal of Economics,econ,https://openalex.org/W4412929575,https://doi.org/10.1093/qje/qjaf036,Insurance Versus Moral Hazard in Income-Contingent Student Loan Repayment,2025-08-04,Tim de Silva,4,"Abstract Student loans with income-contingent repayment insure borrowers against income risk but can reduce their incentives to earn more. Using a change in Australia’s income-contingent repayment schedule, I show that borrowers reduce their labor supply to lower their repayments. These responses are larger among borrowers with more hourly flexibility, a lower probability of repayment, and tighter liquidity constraints. I use these responses to estimate a dynamic model of labor supply with frictions that generate imperfect adjustment. My estimates imply that the labor supply responses to income-contingent repayment limit the optimal amount of insurance in government-provided student loans. However, these responses are too small to justify fixed-repayment contracts: restructuring existing student loans from fixed repayment to a constrained-optimal income-contingent loan—while keeping the tax and transfer system unchanged—increases borrower welfare by the equivalent of a 0.8% increase in lifetime consumption at no additional fiscal cost."
Quarterly Journal of Economics,econ,https://openalex.org/W4413105493,https://doi.org/10.1093/qje/qjaf040,"Conviction, Incarceration, and Recidivism: Understanding the Revolving Door",2025-08-07,John Eric Humphries; Aurélie Ouss; Kamelia Stavreva; Megan T. Stevenson; Winnie van Dijk,2,"Abstract Noncarceral conviction is a common outcome of criminal court cases: for every person incarcerated, there are approximately three who were recently convicted but not sentenced to prison or jail. We extend the binary-treatment judge IV framework to settings with multiple treatments and use it to study the consequences of noncarceral conviction. We outline assumptions under which widely used 2SLS regressions recover margin-specific treatment effects, relate these assumptions to models of judge decision-making, and derive an expression that provides intuition about the direction and magnitude of asymptotic bias when a key assumption on judge decision-making is not met. We find that noncarceral conviction (relative to dismissal) leads to a large and long-lasting increase in recidivism for felony defendants in Virginia. In contrast, incarceration (relative to noncarceral conviction) leads to a short-run reduction in recidivism, consistent with incapacitation. Our empirical results suggest that noncarceral felony conviction is an important and overlooked driver of recidivism."
Quarterly Journal of Economics,econ,https://openalex.org/W4413105483,https://doi.org/10.1093/qje/qjaf037,What Drives Risky Prescription Opioid Use? Evidence From Migration,2025-08-07,Amy Finkelstein; Matthew Gentzkow; Dean Li,1,"We develop and estimate a dynamic model of risky prescription opioid use that allows us to unpack the role of person- and place-specific drivers of the opioid epidemic and to assess the impact of state opioid policies. Event studies indicate that, among adults receiving federal disability insurance from 2006 to 2019, moves to states with higher rates of risky use produce an immediate jump in the probability of risky use, followed by an additional gradual increase for the next several years. Using a potential outcomes framework, we show how these results map to the person- and place-specific factors in the model. Model estimates imply large effects of place on both the likelihood of transitioning to addiction and the availability of prescription opioids; they also indicate that these place effects change significantly when state laws restricting pain clinics are enacted. A one standard deviation reduction in all place effects would have reduced risky use by about 40 percent over our study period. One particular source of place effects, pain clinic laws, reduced risky use by 5 percent, but could have reduced it by 30 percent if they had been enacted earlier, with much of this magnification operating through the dynamics of addiction."
Quarterly Journal of Economics,econ,https://openalex.org/W4413186247,https://doi.org/10.1093/qje/qjaf038,The Economics of Spatial Mobility: Theory and Evidence Using Smartphone Data,2025-08-08,Yuhei Miyauchi; Kentaro Nakajima; Stephen J. Redding,6,"ABSTRACT We develop a tractable quantitative framework for modeling the rich patterns of spatial mobility observed in smartphone data. We show that travel is frequently undertaken as part of a travel itinerary, defined as a journey starting and ending at home that can include more than one intermediate stop on a given day. We show that these travel itineraries provide microfoundations for consumption externalities and generate both complementarity and substitutability between locations. We show that the consumption externalities implied by travel itineraries are central to matching quasi-experimental evidence from the shift to working from home. We find that these consumption externalities are key drivers of the agglomeration of economic activity in central cities and shape the relative welfare gains from alternative transport improvements in favor of investments in central cities."
Quarterly Journal of Economics,econ,https://openalex.org/W4413164480,https://doi.org/10.1093/qje/qjaf041,Traditional Institutions in Modern Times: Dowries as Pensions When Sons Migrate,2025-08-12,Natalie Bau; Gaurav Khanna; Corinne Low; Alessandra Voena,1,"Abstract This paper uses newly collected data on the allocation of dowry to examine its role in resolving intergenerational frictions around migration in India. Migration disrupts traditional elderly support structures, in which sons live near their parents and care for them in old age. We develop a model in which dowry can promote migration by allowing sons to make upfront transfers to their parents and ease constraints on income sharing. To test this hypothesis, we collect two new data sets that measure the distribution of dowry between family members. We document for the first time that net transfers of dowry to a man’s parents are common but far from universal. Consistent with using dowry for income sharing, such transfers occur more often when sons migrate, especially when they work in higher-earning occupations. In nationally representative data, migration rates are higher in areas with stronger historical dowry traditions. Finally, exploiting a large-scale highway construction program, we show that men from areas with stronger historical dowry traditions migrate more when migration costs fall. Our findings provide some clues as to why dowry persists despite its well-documented adverse consequences."
Quarterly Journal of Economics,econ,https://openalex.org/W4413164449,https://doi.org/10.1093/qje/qjaf032,Aggregation and the Estimation of Quality Change: Application to U.S. Import Prices,2025-08-13,Marco Errico; Danial Lashkari,3,"Abstract We characterize the contribution of changes in quality, price, and variety entry/exit to the aggregate price index for smooth, invertible demand systems, generalizing the standard results derived in the CES case. The results require the knowledge of heterogeneous cross-product elasticities of substitution. To apply them in practice, we also show how to identify rich demand systems using data only on prices and market shares, without the need for external cost-shock instruments or strong assumptions on the covariance between supply and demand shocks. Using this approach, we compute the U.S. import price index based on the Kimball demand system. We find that quality change on average lowered the inflation in import prices by around 0.007 log points annually (1989–2016). To further validate our approach, we show that it estimates price elasticities and quality changes similar to those found by the standard mixed logit (BLP) demand in data on the U.S. auto market."
Quarterly Journal of Economics,econ,https://openalex.org/W4414058119,https://doi.org/10.1093/qje/qjaf044,Failing Banks,2025-09-03,Sérgio D. Correia; Stephan Luck; Emil Verner,1,"Abstract Why do banks fail? We create a panel covering most commercial banks from 1863 through 2024 to study the history of failing banks in the United States. Failing banks are characterized by rising asset losses, deteriorating solvency, and an increasing reliance on expensive noncore funding. These commonalities imply that bank failures are highly predictable using simple accounting metrics from publicly available financial statements. Failures with runs were common before deposit insurance, but these failures are strongly related to weak fundamentals, casting doubt on the importance of non-fundamental runs. Furthermore, low recovery rates on failed banks’ assets suggest that most failed banks subject to runs were fundamentally insolvent, barring large value destruction of receiverships. Altogether, our evidence suggests that the primary cause of bank failures and banking crises is almost always and everywhere a deterioration of bank fundamentals."
Quarterly Journal of Economics,econ,https://openalex.org/W4414048699,https://doi.org/10.1093/qje/qjaf045,Political Foundations of Racial Violence in the Post-Reconstruction South,2025-09-04,Patrick Testa; Jhacova Williams,0,"Abstract Election results act as powerful signals, shaping social behavior in ways that can be dramatic and even violent. This article shows how racial violence in the post-Reconstruction U.S. South was tied to the local performance of the anti-Black Democratic Party in presidential elections. Using a regression discontinuity design based on close presidential vote shares, we find that Southern counties where Democrats lost the popular vote between 1880 and 1900 were nearly twice as likely to experience Black lynchings in the following four years. Despite no corresponding changes in local office holding, these defeats were salient among local elites. We show that Southern newspapers, closely aligned with the Democratic Party, amplified narratives of Black criminality in the aftermath of Democratic losses. Such accusations were, in turn, frequently invoked by lynch mobs. These findings point to the strategic use of racial violence by Democratic elites, foreshadowing the institutionalized vote suppression of Jim Crow."
Quarterly Journal of Economics,econ,https://openalex.org/W4414383700,https://doi.org/10.1093/qje/qjaf043,Dollar Dominance and the Transmission of Monetary Policy,2025-09-21,Michael McLeay; Silvana Tenreyro,1,"Abstract Has the dominance of the dollar in global trade rendered monetary policy ineffective? An emerging view contends that if a country invoices its exports in dollars, exchange rates cannot stabilize economic activity, as the classical expenditure-switching channel is muted. This view rests on the premise that export prices are sticky in dollars, breaking the link between export demand and depreciations. But this assumption is not borne out by the data: goods priced in dollars tend to have more flexible prices, along with higher elasticities of substitution. We propose a model with more realistic assumptions and show that even with dollar pricing, depreciating the currency by loosening monetary policy can still boost exports and activity materially. The limit to any expansion is not demand, but supply capacity. We also show that low exchange rate pass-through to dollar prices is not informative about price stickiness. The price response to exchange rates is small when demand elasticities are high, even with flexible prices: low pass-through is an equilibrium result, not evidence of a nominal friction."
Quarterly Journal of Economics,econ,https://openalex.org/W4414436200,https://doi.org/10.1093/qje/qjaf046,Vanguard: Black Veterans and Civil Rights After World War I,2025-09-21,Desmond Ang; Sahil Chinoy,1,"Abstract Nearly 400,000 Black men were drafted into the National Army during World War I, where they toiled primarily as menial laborers in segregated units. Leveraging novel variation from the World War I draft lottery and millions of digitized military and NAACP records, we document the pioneering role these men played in the early civil rights movement. Relative to observably similar individuals from the same draft board, Black men randomly inducted into the Army were significantly more likely to join the nascent NAACP and become prominent community leaders in the New Negro era. We find little evidence that these effects are explained by migration or improved socioeconomic status. Rather, corroborating historical accounts about the catalyzing influence of institutional racism in the military, we show that increased civic activism was driven by soldiers who experienced the most discriminatory treatment while serving their country."
Quarterly Journal of Economics,econ,https://openalex.org/W4414861139,https://doi.org/10.1093/qje/qjaf039,The Macroeconomic Consequences of Exchange Rate Depreciations,2025-10-06,Masao Fukui; Emi Nakamura; Jón Steinsson,3,"Abstract We study the consequences of “regime-induced” exchange rate depreciations by comparing outcomes for peggers versus floaters to the U.S. dollar in response to a dollar depreciation. Pegger currencies depreciate relative to floater currencies and these depreciations are strongly expansionary. The boom is associated with a fall in net exports, and (if anything) an increase in interest rates in the pegger countries. This suggests that expenditure switching and domestic monetary policy are not the main drivers of the boom. We show that a large class of existing models cannot match our estimated responses and develop a model with imperfect financial openness that can. Following a depreciation, uncovered interest parity deviations lower the costs of borrowing from abroad and stimulate the economy, as in the data. The model is consistent with (unconditional) exchange rate disconnect and the Mussa fact, even though exchange rates have large effects on the economy."
Quarterly Journal of Economics,econ,https://openalex.org/W4415030814,https://doi.org/10.1093/qje/qjaf047,"The Price of Housing in the United States, 1890–2006",2025-10-10,Ronan C. Lyons; Allison Shertzer; Rowena Gray; David Agorastos,1,"Abstract We construct the first annual market rent and home sales price series for American cities over the twentieth century using 2.7 million newspaper real estate listings. Our findings revise several stylized facts about U.S. housing markets. Real market rents did not fall during the postwar period in most cities and rose nationally by 60% from 1890 to 2006. We also document higher sales price growth between 1953 and 1987 relative to previous series. Real prices reached almost four times their 1890 level by 2006. Prices grew most in metros with high demand and low levels of construction. We find that the rent-to-price ratio fell from about 8% in the early twentieth century to 3% by 2006, consistent with declines in the cost of owning housing relative to renting. For the typical year in our period, the annual return to owning housing was 9%, driven mostly by rental returns of 7.7%, with capital gains contributing only 1.3%. While capital gains were close to zero from 1890 to 1940, they grew to nearly a third of total returns from 1970 to 2006."
Quarterly Journal of Economics,econ,https://openalex.org/W4415306442,https://doi.org/10.1093/qje/qjaf048,Digital Distractions with Peer Influence: The Impact of Mobile App Usage on Academic and Labor Market Outcomes,2025-10-15,Panle Jia Barwick; Siyu Chen; Chao Fu; Teng Li,2,"Abstract Concerns about excessive mobile phone use among youth are mounting. We present estimates of behavioral and contextual peer effects, along with comprehensive evidence on how students’ own and their peers’ app usage affect academic performance, physical health, and labor market outcomes. Our analysis draws on administrative data from a Chinese university covering three student cohorts over four years. We exploit random roommate assignments, differential exposure to a policy shock (gaming restrictions for minors), and differential exposure to a discrete event (the introduction of a blockbuster video game) for identification. App usage is contagious: a one s.d. increase in roommates’ in-college app usage raises own usage by 5.8%. High app usage is harmful across all measured outcomes. A one s.d. increase in app usage reduces GPAs by 36.2% of a within-cohort-major s.d. and lowers wages by 2.3%. Roommates’ app usage reduces a student’s GPA and wages through both disruptions and behavioral spillovers, generating a total negative effect that exceeds half the magnitude of the impact from the student’s own app usage. Extending China’s three-hour-per-week gaming restriction for minors to college students would boost their initial wages by 0.9%. High-frequency GPS and app usage data show that heavy app users spend less time in study halls, are more frequently late or absent from class, and get less sleep."
Quarterly Journal of Economics,econ,https://openalex.org/W4415703999,https://doi.org/10.1093/qje/qjaf049,Bargaining and Inequality in the Labor Market,2025-10-29,Sydnee Caldwell; Ingrid Haegele; Jörg Heining,0,"Abstract We use novel surveys of firms and workers, linked to administrative employer-employee data, to study the prevalence and importance of individual bargaining in wage determination. We show that simple survey questions accurately elicit firms’ bargaining strategies. Using the elicited strategies for 772 German firms, we document that the majority of firms are willing to engage in individual wage bargaining. Labor market factors predict firms’ strategies better than firm characteristics. Survey responses from nearly 10,000 full-time workers indicate that most workers provide their salary expectations before they receive a job offer. Most outside offers are rejected, with the worker remaining at the incumbent firm. There is substantial heterogeneity in workers’ bargaining behavior, which translates into within-firm wage inequality. Firms that set pay via individual bargaining have a 3 percentage point higher gender wage gap."
Quarterly Journal of Economics,econ,https://openalex.org/W4415703980,https://doi.org/10.1093/qje/qjaf050,Diversifying Society’s Leaders? The Determinants and Causal Effects of Admission to Highly Selective Private Colleges,2025-10-30,Raj Chetty; David Deming; John N. Friedman,4,"Abstract We use anonymized admissions data from several colleges linked to income tax records and SAT and ACT test scores to study the determinants and causal effects of attending Ivy-Plus colleges (Ivy League, Stanford, MIT, Duke, and Chicago). Children from families in the top 1% are more than twice as likely to attend an Ivy-Plus college as those from middle-class families with comparable SAT/ACT scores. Two-thirds of this gap is due to higher admission rates for students with comparable test scores from high-income families; the remaining third is due to differences in rates of application and matriculation. In contrast, children from high-income families have no admissions advantage at flagship public colleges. The high-income admissions advantage at Ivy-Plus colleges is driven by three factors: (i) preferences for children of alumni, (ii) weight placed on nonacademic credentials, and (iii) athletic recruitment. Using a new research design that isolates idiosyncratic variation in admissions decisions for waitlisted applicants, we show that attending an Ivy-Plus college instead of the average flagship public college increases students’ chances of reaching the top 1% of the earnings distribution by 50%, nearly doubles their chances of attending an elite graduate school, and almost triples their chances of working at a prestigious firm. The three factors that give children from high-income families an admissions advantage are uncorrelated or negatively correlated with postcollege outcomes, whereas academic credentials such as SAT/ACT scores are highly predictive of postcollege success."
Quarterly Journal of Economics,econ,https://openalex.org/W4415946719,https://doi.org/10.1093/qje/qjaf051,Republican Support and Economic Hardship: The Enduring Effects of the Opioid Epidemic,2025-11-03,Carolina Arteaga; Victoria Barone,0,"Abstract In this article, we establish a causal connection between two of the most salient social developments in the United States over the past decades: the opioid epidemic and the political realignment between the Republican and Democratic parties. Drawing on unsealed records from litigation against Purdue Pharma, we uncover rich geographic variation in the marketing of prescription opioids that serves as a quasi-exogenous source of exposure to the epidemic. We use this variation to document significant increases in drug-related mortality and greater reliance on public transfer programs. This induced economic hardship led to substantial changes in the political landscape of the communities most affected by the opioid epidemic. We estimate that from the mid-2000s to 2022, exposure to the opioid epidemic continuously increased the Republican vote share in House, presidential, and gubernatorial elections. By the 2022 House elections, a one-standard-deviation increase in our measure of exposure led to a 4.5 percentage point increase in the Republican vote share. From 2012 until 2022, this increase in the House vote share translated into Republicans winning additional seats."
Quarterly Journal of Economics,econ,https://openalex.org/W4415947899,https://doi.org/10.1093/qje/qjaf052,Permanent Capital Losses after Banking Crises,2025-11-03,Matthew Baron; Luc Laeven; Julien Pénasse; Yevhenii Usenko,0,"Abstract We study the mechanisms driving bank losses across historical banking crises in 46 economies and the effectiveness of policy interventions in restoring bank capitalization. We find that bank stocks experience large, permanent declines at the onset of crises. These losses predict commensurate long-term declines in banks’ earnings and dividends, rather than elevated future equity returns. Bank losses are primarily driven by write-downs of nonperforming assets, not asset sales during panics. Forceful liquidity-based interventions during crises predict only small, temporary increases in bank market value. Overall, these results suggest that bank losses during crises are not primarily due to temporary price dislocations. Early liquidity interventions can avert banking crises, but only under specific conditions. Once large bank equity declines have occurred, policy responses have historically failed to prevent persistent undercapitalization in the banking sector."
Quarterly Journal of Economics,econ,https://openalex.org/W4416834836,https://doi.org/10.1093/qje/qjaf054,Enlightenment Ideals and Belief in Progress in the Run-up to the Industrial Revolution: A Textual Analysis,2025-11-27,Ali Almelhem; Murat Iyigun; Austin Kennedy; Jared Rubin,2,"Abstract We trace the evolution of the language of science, religion, and political economy in the centuries leading to the British Industrial Revolution. Using textual analysis of 264,443 works printed in England between 1500 and 1900, we test whether British culture manifested a belief in progress associated with science and industry. Our analysis yields three main findings. First, there was a separation in the languages of science and religion beginning in the mid-eighteenth century. Second, volumes using language at the nexus of science and political economy became more progress-oriented during the Enlightenment. Third, volumes using industrial language—especially those at the science-political economy nexus—were more progress-oriented beginning in the eighteenth century."
Quarterly Journal of Economics,econ,https://openalex.org/W4417199000,https://doi.org/10.1093/qje/qjaf055,Marginal Returns to Public Universities,2025-12-09,Jack Mountjoy,1,"Abstract This article studies the returns to enrolling in U.S. public universities by comparing the long-term outcomes of barely admitted versus barely rejected applicants. I use administrative admission records spanning all 35 public universities in Texas, which collectively enroll 10% of all American public university students, to systematically identify and employ decentralized cutoffs in SAT/ACT scores that generate discontinuities in admission and enrollment. The typical marginally admitted student gains an additional year of education in the four-year sector, becomes 12 percentage points more likely to ever earn a bachelor’s degree, and eventually earns 8% more than their marginally rejected but otherwise identical counterpart. Marginally admitted students pay no additional tuition costs thanks to offsetting grant aid; cost-benefit calculations show internal rates of return of 26% for the marginal students themselves, 16% for society (which must pay for the additional education), and 7% for the government budget. Earnings gains are similar across admitting institutions of varying selectivity, but smaller for students from low-income families, who spend more time enrolled but complete fewer degrees and major in less lucrative fields. Finally, I develop a method to separately identify effects for students on the extensive margin of attending any university versus those on the margin of attending a more selective one, revealing larger effects on the extensive margin."
Quarterly Journal of Economics,econ,https://openalex.org/W4417199301,https://doi.org/10.1093/qje/qjaf053,Who’s Afraid of the Minimum Wage? Measuring the Impacts on Independent Businesses Using Matched U.S. Tax Returns,2025-12-10,Nirupama Rao; Max Risch,1,"Abstract A common concern surrounding minimum wage policies is their impact on independent businesses, which are often feared to be less able to bear or pass on cost increases. We examine how these typically small and medium-size firms accommodate minimum wage increases along product and labor market margins using a matched owner-firm-worker panel data set drawn from the universe of U.S. tax records over a 10-year period, and using state minimum wage changes as identifying variation. We find that on average, firms in highly exposed industries do not substantially reduce employment—they do not lay off workers but moderately reduce part-time hiring. Instead, these firms are able to fully finance the new labor costs with new revenues, leaving average owner profits unchanged. Higher wage floors, however, forestall entry, particularly for less productive firms, reducing the number of independent firms operating in these industries by roughly 2%. Yet these industries do not shrink; instead, incumbent responses and strong positive selection among entrants reshape industries that rely heavily on low-wage workers, yielding fewer but more productive firms after the cost shock. We also take a worker-level perspective to examine how potentially vulnerable individuals are affected by minimum wage increases. Using panels of low-earning and young workers, we find that their average earnings rise substantially with the minimum wage, while they are no less likely to be employed. Worker transitions indicate that minimum wage increases boost retention and that worker reallocation from independent firms toward corporations buffers disemployment impacts from reduced hiring at independent firms."
Review of Economic Studies,econ,https://openalex.org/W4406185294,https://doi.org/10.1093/restud/rdaf001,Finite Sample Inference for the Maximum Score Estimand,2025-01-02,Adam Rosen; Takuya Ura,1,"Abstract We provide a finite sample inference method for the structural parameters of Manski's semiparametric binary response model under a conditional median restriction. This is achieved by exploiting distributional properties of observable outcomes conditional on the observed sequence of exogenous variables. Moment inequalities conditional on the size n sequence of exogenous covariates are constructed, and the proposed test statistic is a monotone function of violations of the corresponding sample moment inequalities. The critical value used for inference is provided by the appropriate quantile of a known function of n independent Bernoulli random variables and does not require the use of a cube root asymptotic approximation employing a point estimator of the target parameter. Simulation studies demonstrate favourable finite sample performance of the test in comparison to several existing approaches. Empirical use is illustrated with an application to the classical setting of transportation choice."
Review of Economic Studies,econ,https://openalex.org/W3092116024,https://doi.org/10.1093/restud/rdaf002,Inference with a Single Treated Cluster,2025-01-07,Andreas Hagemann,5,"Abstract I introduce a generic method for inference about a scalar parameter in research designs with a finite number of heterogeneous clusters where only a single cluster received treatment. This situation is commonplace in difference-in-differences estimation, but the test developed here applies more broadly. I show that the test controls size and has power under asymptotics where the number of observations within each cluster is large but the number of clusters is fixed. The test combines weighted, approximately Gaussian parameter estimates with a rearrangement procedure to obtain its critical values. The weights needed for most empirically relevant situations are tabulated in the paper. Calculation of the critical values is computationally simple and does not require simulation or resampling. The rearrangement test is highly robust to situations where some clusters are much more variable than others. Examples and an empirical application are provided."
Review of Economic Studies,econ,https://openalex.org/W4406431821,https://doi.org/10.1093/restud/rdaf003,Valuing the Time of the Self-Employed,2025-01-07,Daniel Agness; Travis Baseler; Sylvain Chassang; Pascaline Dupas; Erik Snowberg,2,"Abstract People’s value of their own time is a key input in public policy evaluations—these evaluations should account for time taken away from work or leisure as a result of policy. Measuring this value for the self-employed is challenging, as, by definition, it is not priced by the market. Using rich choice data collected from farming households in western Kenya, we show that households exhibit non-transitive preferences. As a result, neither market wages nor standard valuation techniques correctly measure participants’ value of time. Using a structural model, we identify the behavioural wedges in participants’ choices and find that distortions appear when households exchange cash either for time or for goods. Our model estimates suggest that valuing the time of the self-employed at 60% of the market wage is a reasonable rule of thumb."
Review of Economic Studies,econ,https://openalex.org/W4409987438,https://doi.org/10.1093/restud/rdaf005,Voting on a Trade Agreement: Firm Networks and Attitudes Towards Openness,2025-01-13,Esteban Méndez; Diana Van Patten,1,"Abstract We exploit a unique event to study the extent to which popular attitudes towards trade are driven by economic fundamentals. In 2007, Costa Rica put a free trade agreement (FTA) to a national referendum. With a single question on the ballot, 59% of Costa Rican adult citizens cast a vote on whether they wanted an FTA with the U.S. to be ratified or not. We merge disaggregated referendum results, which break new ground on anonymity-compatible voting data, with employer–employee, customs, and firm-to-firm transactions data, and data on household composition and expenditures. We document that a firm’s exposure to the FTA, directly and via input–output linkages, significantly influences the voting behaviour of its employees. This effect dominates that of sector-level exposure and is greater for voters aligned with pro-FTA political candidates. We also show that citizens considered the expected decrease in consumer prices when exercising their vote. Overall, economic factors explain 7% of the variation in voting patterns, which cannot be accounted for by non-economic factors such as political ideology, and played a pivotal role in this vote."
Review of Economic Studies,econ,https://openalex.org/W2560902989,https://doi.org/10.1093/restud/rdaf006,"Melons as Lemons: Asymmetric Information, Consumer Learning and Seller Reputation",2025-01-17,Jie Bai,16,"Abstract Quality provision is often low in many developing markets, and firms commonly lack a reputation for quality. This article examines this issue both theoretically and empirically in the context of retail watermelon markets in China. I first demonstrate the existence of significant asymmetric information on quality between sellers and buyers, as well as the absence of a quality premium at baseline. To explain this, I develop a theoretical model that highlights the role of consumer beliefs and costly signalling in influencing sellers’ reputation incentives. I then conduct an experiment by randomly introducing two signalling technologies into different markets: a cheap sticker label and a more expensive laser-cut label. Consistent with the theoretical predictions, the laser label induces sellers to offer higher quality, resulting in increased sales and profits, while the sticker label fails to achieve the same effect. Using the experimental variation, I estimate an empirical model of consumer learning to uncover the underlying evolution of beliefs. The results show that pessimistic beliefs under the sticker label can hinder reputation building, whereas the laser label enhances consumer learning and strengthens sellers’ reputation incentives."
Review of Economic Studies,econ,https://openalex.org/W4411147763,https://doi.org/10.1093/restud/rdaf009,A Theory of Cash Flow-Based Financing with Distress Resolution,2025-01-28,Barney Hartman‐Glaser; Simon Mayer; Konstantin Milbradt,5,"Abstract We develop a dynamic contracting theory of asset- and cash flow-based financing that demonstrates how firm, intermediary, and capital market characteristics jointly shape firms’ financing constraints. A firm with imperfect access to equity financing covers financing needs through costly sources: an intermediary and retained cash. The firm’s financing capacity is endogenously determined by either the liquidation value of assets (asset-based) or the intermediary’s going-concern valuation of the firm’s cash flows (cash flow-based). The optimal contract is implemented with defaultable debt—specifically unsecured credit lines and senior-secured debt—and features risk-sharing via bankruptcy. When the firm does well, it repays its debt in full. When it does poorly, distress resolution mirrors U.S. bankruptcy procedures (Chapters 7 and 11). Secured and unsecured debt are complements because risk-sharing via unsecured debt increases secured debt capacity. Debt and equity are dynamic complements because future access to equity financing increases current debt capacity."
Review of Economic Studies,econ,https://openalex.org/W4408140772,https://doi.org/10.1093/restud/rdaf008,Wealth Inequality and Asset Prices,2025-01-28,Matthieu Gomez,4,"Abstract Wealthy households disproportionately invest in equity, causing equity returns to generate large and persistent fluctuations in top wealth inequality. Motivated by this observation, I study the joint dynamics of asset prices and wealth inequality in a model where a subset of agents (entrepreneurs) hold levered positions on the economy. In the model, as in the data, the wealth distribution is stochastic and it exhibits a Pareto tail, with a tail index that depends on the logarithmic average return of top households. The model features a feedback loop between asset prices and wealth inequality, which amplifies the effect of aggregate shocks on the economy. The model, calibrated to the U.S. data, can account for a substantial portion of the fluctuations in asset prices and top wealth shares over the 20th century."
Review of Economic Studies,econ,https://openalex.org/W4408142165,https://doi.org/10.1093/restud/rdaf007,“Bid Shopping” in Procurement Auctions with Subcontracting,2025-01-28,Raymond Deneckere; Daniel Quint,1,"Abstract We analyse the equilibrium effects of “bid shopping”—a contractor soliciting a subcontractor bid for part of a project prior to a procurement auction, then showing that bid to a competing subcontractor in an attempt to secure a lower price. Such conduct is widely criticized as unethical by professional organizations and has been the target of legislation at both the federal and state level but is widespread in procurement auctions in many places. We find that in equilibrium, a winning contractor’s practice of shopping her subcontractor’s bid to other subcontractors who have already submitted bids is welfare-decreasing, while shopping bids to new subcontractors who have not yet bid can be welfare-increasing, particularly when subcontractors’ bid preparation costs are sufficiently high."
Review of Economic Studies,econ,https://openalex.org/W4407705738,https://doi.org/10.1093/restud/rdaf010,Arbitration with Uninformed Consumers,2025-02-10,Mark Egan; Gregor Matvos; Amit Seru,1,"Abstract This article studies the impact of the arbitrator selection process on consumer outcomes. Using data from consumer arbitration cases in the securities industry over the past two decades, where we observe detailed information on case characteristics, the randomly generated list of potential arbitrators presented to both parties, the selected arbitrator, and case outcomes, we establish several motivating facts. These facts suggest that firms hold an informational advantage over consumers in selecting arbitrators, resulting in industry-friendly arbitration outcomes. We then develop and calibrate a quantitative model of arbitrator selection in which firms hold an informational advantage in selecting arbitrators. Arbitrators, who are compensated only if chosen, compete with each other to be selected. The model allows us to decompose the firms’ advantage into two components: the advantage of choosing pro-industry arbitrators from a given pool and the equilibrium pro-industry tilt in the arbitration pool that arises because of arbitrator competition. Selecting arbitrators without the input of firms and consumers would increase consumer awards by $60,000 on average relative to the current system. Forty percent of this effect arises because the pool of arbitrators skews pro-industry due to competition. Even an informed consumer cannot avoid this pro-industry equilibrium effect. Counterfactuals suggest that redesigning the arbitrator selection mechanism for the benefit of consumers hinges on whether consumers are informed. Policies intended to benefit consumers, such as increasing arbitrator compensation or giving parties more choice, would benefit informed consumers but hurt the uninformed."
Review of Economic Studies,econ,https://openalex.org/W4409022843,https://doi.org/10.1093/restud/rdaf011,Industrial Policy Implementation: Empirical Evidence from China’s Shipbuilding Industry,2025-02-19,Panle Jia Barwick; Myrto Kalouptsidi; Nahim Bin Zahur,26,"Abstract Industrial policies are widely used across the world. In practice, designing and implementing these policies is a complicated task. In this paper, we assess the long-term performance of different industrial policy instruments, which include production subsidies, investment subsidies, entry subsidies, and consolidation policies. To do so, we examine a recent industrial policy in China aiming to propel the country’s shipbuilding industry to the largest globally. Using firm-level data from 1998 to 2014 and a dynamic model of firm entry, exit, investment, and production, we find that (i) the policy boosted China’s domestic investment, entry, and international market share dramatically, but delivered low returns and led to fragmentation, idle capacity, as well as depressed world ship prices; (ii) the effectiveness of different policy instruments is mixed: production and investment subsidies can be justified by market share considerations, while entry subsidies are wasteful; (iii) counter-cyclical policies, firm-targeting, and shortening the intervention horizon can substantially reduce distortions. Our results highlight the critical role of firm heterogeneity, business cycles, and firms’ cost structure in policy design. Finally, when exploring potential rationales, we find support for nonclassical considerations, such as reducing freight rates to boost Chinese trade."
Review of Economic Studies,econ,https://openalex.org/W3125651330,https://doi.org/10.1093/restud/rdaf013,A Network Formation Model Based on Subgraphs,2025-02-25,Arun G. Chandrasekhar; Matthew O. Jackson,19,"Abstract We develop a new class of random graph models for the statistical estimation of network formation—subgraph generated models (SUGMs). Various subgraphs—e.g. links, triangles, cliques, stars—are generated and their union results in a network. We show that SUGMs are identified and establish the consistency and asymptotic distribution of parameter estimators in empirically relevant cases. We show that a simple four-parameter SUGM matches basic patterns in empirical networks more closely than four standard models (with many more dimensions): (1) stochastic block models; (2) models with node-level unobserved heterogeneity; (3) latent space models; and (4) exponential random graphs. We illustrate the framework’s value via several applications using networks from rural India. We study whether network structure helps enforce risk-sharing and whether cross-caste interactions are more likely to be private. We also develop a new central limit theorem for correlated random variables, which is required to prove our results and is of independent interest."
Review of Economic Studies,econ,https://openalex.org/W4408141482,https://doi.org/10.1093/restud/rdaf012,"Institutions, Comparative Advantage, and the Environment",2025-02-25,Joseph Shapiro,8,"Abstract This paper proposes that strong institutions provide comparative advantage in clean industries, and thereby improve a country’s environmental quality. I study financial, judicial, and labour market institutions. Five complementary tests evaluate and assess implications of this hypothesis. First, industries that depend on institutions are clean. Second, strong institutions increase relative exports in clean industries. Third, an industry’s complexity helps explain the link between institutions and clean goods. Fourth, cross-country differences in the composition of output between clean and dirty industries explain an important share of the global distribution of emissions. Fifth, a quantitative general equilibrium model indicates that strengthening a country’s institutions decreases its pollution through relocating dirty industries abroad, though increases pollution in other countries. The comparative advantage that strong institutions provide in clean industries gives one under-explored reason why developing countries have relatively high pollution levels."
Review of Economic Studies,econ,https://openalex.org/W4408477311,https://doi.org/10.1093/restud/rdaf015,Affiliated Common Value Auctions with Costly Entry,2025-02-25,Pauli Murto; Juuso Välimäki,2,"Abstract Many auctions and procurement contests entail non-trivial bidding costs, which makes the bidders’ participation decisions endogenous to the auction design. We analyse the effect of different auction rules on potential bidders’ incentives to participate. We focus on first-price auctions with affiliated common values and a large pool of potential bidders. Our main interest is on auctions where the realized number of bidders is unknown at the bidding stage. In contrast to the standard case, both participation and bidding decisions are often non-monotonic in the symmetric equilibrium of our model. The expected revenue to the seller is often higher in the auction where the realized number of participating bidders is not disclosed."
Review of Economic Studies,econ,https://openalex.org/W4408141514,https://doi.org/10.1093/restud/rdaf014,Simultaneous Search and Adverse Selection,2025-02-25,Sarah Auster; Piero Gottardi; Ronald Wolthoff,1,"Abstract We study the effect of diminishing search frictions in markets with adverse selection by presenting a model in which agents with private information can simultaneously contact multiple trading partners. We highlight a new trade-off: facilitating contacts reduces coordination frictions but also the ability to screen agents’ types. We find that, when agents can contact sufficiently many trading partners, fully separating equilibria obtain only if adverse selection is sufficiently severe. When this condition fails, equilibria feature partial pooling and multiple equilibria co-exist. We show that facilitating contacts can lead to a reduction in welfare. In the limit, as the number of contacts becomes large, some of the equilibria converge to the competitive outcomes of Akerlof, including Pareto-dominated ones; other pooling equilibria continue to feature frictional trade in the limit, where entry is inefficiently high. Our findings provide a basis to assess the effects of recent technological innovations that have made meetings easier."
Review of Economic Studies,econ,https://openalex.org/W4408387568,https://doi.org/10.1093/restud/rdaf017,Global Value Chains and Trade Policy,2025-03-11,Emily J. Blanchard; Chad P. Bown; Robert C. Johnson,11,"Abstract How do global value chain (GVC) linkages modify countries’ incentives to impose import protection? Are these linkages important determinants of trade policy in practice? We develop a new approach to modelling tariff setting with GVCs, in which optimal policy depends on the nationality of value-added content embedded in home and foreign final goods. Theory predicts that discretionary tariffs will be decreasing in the domestic content of foreign-produced final goods and the foreign content of domestically produced final goods. Using data for 14 countries between 1995 and 2015, we show that governments set lower tariffs and curb their use of temporary trade barriers where GVC linkages are strongest, consistent with theory. Turning to quantitative model counterfactuals, we find that severing GVC linkages would lead to the disappearance of tariff preferences. Further, targeted policies to decouple China from GVCs would increase the optimal tariff set by G7 countries on Chinese exports."
Review of Economic Studies,econ,https://openalex.org/W4409045918,https://doi.org/10.1093/restud/rdaf016,Identification and Inference in First-Price Auctions with Risk-Averse Bidders and Selective Entry,2025-03-11,Xiaohong Chen; Matthew Gentry; Tong Li; Jingfeng Lu,1,"Abstract We study identification and inference in first-price auctions with risk-averse bidders and selective entry, building on a flexible framework we call the Affiliated Signal with Risk Aversion (AS-RA) model. Assuming exogenous variation in either the number of potential bidders (N) or a continuous instrument (z) shifting opportunity costs of entry, we provide a sharp characterization of the nonparametric restrictions implied by equilibrium bidding. This characterization implies that risk neutrality is nonparametrically testable. In addition, with sufficient variation in both N and z, the AS-RA model primitives are nonparametrically identified (up to a bounded constant) on their equilibrium domains. Finally, we explore new methods for inference in set-identified auction models based on Chen et al. (2018, Econometrica, vol. 86, 1965–2018), as well as novel and fast computational strategies using Mathematical Programming with Equilibrium Constraints. Simulation studies reveal the good finite-sample performance of our inference methods, which can readily be adapted to other set-identified flexible equilibrium models with parameter-dependent support."
Review of Economic Studies,econ,https://openalex.org/W3185774210,https://doi.org/10.1093/restud/rdaf018,"“Bad” Oil, “Worse” Oil, and Carbon Misallocation",2025-03-11,Renaud Coulomb; Fanny Henriet; Léo Reitzmann,1,"Abstract Not all barrels of oil are created equal: their extraction varies in both private cost and carbon intensity. Leveraging a comprehensive micro-dataset on world oil fields, alongside detailed estimates of carbon intensities and private extraction costs, this study quantifies the additional emissions and costs from having extracted the “wrong” deposits. We do so by comparing historical deposit-level supplies to counterfactuals that factor in pollution costs, while keeping annual global consumption unchanged. Between 1992 and 2018, carbon misallocation amounted to at least 11.00 gigatons of CO2-equivalent (GtCO2eq), incurring an environmental cost evaluated at $2.2 trillion (US$ 2018). This translates into a significant supply-side ecological debt for major producers of high-carbon oil. Looking forward, we estimate the gains from making deposit-level extraction socially optimal at about 9.30 GtCO2eq, valued at $1.9 trillion, along a future aggregate demand pathway coherent with the objective of net-zero emissions in 2050, and document unequal reserve stranding across oil nations."
Review of Economic Studies,econ,https://openalex.org/W4408972552,https://doi.org/10.1093/restud/rdaf019,Unemployment Insurance Reforms and Labour Market Dynamics,2025-03-23,Benjamin Hartung; Philip Jung; Moritz Kuhn,7,"Abstract A key question in labour market research is how the unemployment insurance system affects unemployment rates and labour market dynamics. We provide new answers to this old question by studying one of the largest unemployment insurance reforms in recent decades, the German Hartz reforms. On average, lower separation rates into unemployment account for 76% of declining unemployment after the reform, a fact unexplained by existing research focussing on job-finding rates. Exploiting institutional changes by age, employment duration, and wages, we establish a causal link between the reform and changes in labour market dynamics. Relying on the labour market theory, we generalize our empirical findings beyond the German case and establish separation rate changes as an important macroeconomic adjustment channel after unemployment insurance reforms. We derive analytically that the change of separation rates increases in proportion to average unemployment duration suggesting an equally important role for most other European labour markets."
Review of Economic Studies,econ,https://openalex.org/W4409171728,https://doi.org/10.1093/restud/rdaf021,How to Sample and When to Stop Sampling: The Generalised Wald Problem and Minimax Policies,2025-04-02,Karun Adusumilli,0,"Abstract We study sequential experiments where sampling is costly and a decision-maker aims to determine the best treatment for full-scale implementation by (1) adaptively allocating units between two possible treatments, and (2) stopping the experiment when the expected welfare (inclusive of sampling costs) from implementing the chosen treatment is maximised. Working under a continuous time limit, we characterise the optimal policies under the minimax regret criterion. We show that the same policies also remain optimal under both parametric and non-parametric outcome distributions in an asymptotic regime where sampling costs approach zero. The minimax optimal sampling rule is just the Neyman allocation: it is independent of sampling costs and does not adapt to observed outcomes. The decision-maker halts sampling when the product of the average treatment difference and the number of observations surpasses a specific threshold. The results derived also apply to the so-called best-arm identification problem, where the number of observations is exogenously specified."
Review of Economic Studies,econ,https://openalex.org/W4410616666,https://doi.org/10.1093/restud/rdaf022,How People Use Statistics,2025-04-03,Pedro Bordalo; J. Michael Conlon; Nicola Gennaioli; Spencer Kwon; Andrei Shleifer,2,"Abstract For standard statistical problems, we provide new evidence documenting (1) multimodality and (2) instability in probability estimates, including from irrelevant changes in problem description. The evidence motivates a model in which, when solving a problem, people represent each hypothesis by attending to its salient features while neglecting other, potentially more relevant, ones. Only the statistics associated with salient features are used. The model unifies biases in judgments about i.i.d. draws, such as the Gambler's Fallacy and insensitivity to sample size, with biases in inference such as under- and overreaction and insensitivity to the weight of evidence. The model makes predictions for how changes in the salience of specific features jointly shapes known biases and measured attention to features, but also create entirely new biases. We test and confirm these predictions experimentally. Salience-driven attention to features emerges as a unifying framework for biases conventionally explained using a variety of stable heuristics or distortions of Bayes' rule."
Review of Economic Studies,econ,https://openalex.org/W3159672012,https://doi.org/10.1093/restud/rdaf024,Colluding Against Environmental Regulation,2025-04-12,Jorge Alé‐Chilet; Cuicui Chen; Jing Li; Mathias Reynaert,8,"Abstract We study collusion among firms against imperfectly monitored environmental regulation. Firms increase variable profits by violating regulation and reduce expected noncompliance penalties by violating jointly. We consider a case of three German automakers colluding to reduce the effectiveness of emissions control technology. By estimating a structural model of the European automobile industry from 2007 to 2018, we find that collusion lowers expected noncompliance penalties substantially and increases buyer and producer surplus. Due to increased pollution, welfare decreases by € 1.57–5.57 billion. We show how environmental policy design and antitrust play complementary roles in preventing noncompliance."
Review of Economic Studies,econ,https://openalex.org/W4409485521,https://doi.org/10.1093/restud/rdaf023,The Value of Privacy in Cartels: An Analysis of the Inner Workings of a Bidding Ring,2025-04-12,Kei Kawai; Jun Nakabayashi; Juan Ortner,2,Abstract We study how incentive constraints can be relaxed by randomization in a repeated-game setting. Our study is motivated by the workings of a detected bidding cartel that adopted a protocol of keeping the winning bid secret from the designated losers when defection was a concern. Keeping the winning bid secret makes accurately undercutting the winning bid more difficult and makes defection less attractive as potential defectors risk not winning the auction even if they deviate. We formalize these ideas in the context of a repeated-game setting and show that a cartel can attain higher payoffs by having the pre-selected winner randomize its bid and keep it secret from other members. Calibration of the model to the bid data of the cartel suggests that randomization may increase firms’ profits by about 56%.
Review of Economic Studies,econ,https://openalex.org/W4409485531,https://doi.org/10.1093/restud/rdaf025,Belief Identification by Proxy,2025-04-12,Elias Tsakas,0,"Abstract It is well-known that individual beliefs cannot be identified using traditional choice data, unless we exogenously assume state-independent utilities. In this paper, I propose a novel methodology that solves this long-standing identification problem in a simple way. This method relies on extending the state space by introducing a proxy, for which the agent has no stakes conditional on the original state space. The latter allows us to identify the agent’s conditional beliefs about the proxy given each state realization, which in turn suffices for indirectly identifying her beliefs about the original state space. This approach is analogous to the one of instrumental variables in econometrics. Similarly to instrumental variables, the appeal of this method comes from the flexibility in selecting a proxy."
Review of Economic Studies,econ,https://openalex.org/W4409591289,https://doi.org/10.1093/restud/rdaf026,Creating Cohesive Communities: A Youth Camp Experiment in India,2025-04-17,Arkadev Ghosh; Prerna Kundu; Matt Lowe; Gareth Nellis,2,"Abstract Non-family-based institutions for socializing young people may play a vital role in creating close-knit, inclusive communities. We study the potential for youth camps—integrating rituals, sports, and civics training—to strengthen intergroup cohesion. We randomly assigned Hindu and Muslim adolescent boys, from West Bengal, India, to 2-week camps or to a pure control arm. To isolate mechanisms, we cross-randomized collective rituals (such as singing the national anthem, wearing uniforms, chanting support during matches, and synchronous dancing) and the intensity of intergroup contact. We find that camps reduce ingroup bias, increase willingness to interact with outgroup members, and enhance psychological well-being. Campers continue to have twice as many outgroup friends than control participants 1 year after the camps ended. Meanwhile, additional camp elements have heterogeneous effects: rituals have more positive impacts for the Hindu majority than the Muslim minority, while higher intergroup contact backfires among Hindus but not Muslims. Our findings demonstrate that inclusive youth camps may be a powerful tool for bridging deep social divides. Yet, we also highlight the conceptual challenges in crafting optimal integrative camps that help all groups."
Review of Economic Studies,econ,https://openalex.org/W4287562512,https://doi.org/10.1093/restud/rdaf027,Trauma at School: The Impacts of Shootings on Students’ Human Capital and Economic Outcomes,2025-05-05,Marika Cabral; Bokyung Kim; Maya Rossin‐Slater; Molly Schnell; Hannes Schwandt,2,"Abstract We examine how shootings at schools—an increasingly common form of gun violence in the States—impact the educational and economic trajectories of students. Using linked schooling and labor market data in Texas from 1992 to 2018, we compare within-student and across-cohort changes in outcomes following a shooting to those experienced by students at matched control schools. We find that school shootings increase absenteeism and grade repetition, reduce high school graduation, college enrollment, and college completion; and reduce employment and earnings at ages 24–26 years. We further find school-level increases in the number of leadership staff and reductions in retention among teachers and teaching support staff in the years following a shooting. The adverse impacts of shootings span student characteristics, suggesting that the economic costs of school shootings are universal."
Review of Economic Studies,econ,https://openalex.org/W4410732128,https://doi.org/10.1093/restud/rdaf028,Attention Utility: Evidence from Individual Investors,2025-05-05,Edika Quispe-Torreblanca; John Gathergood; George Loewenstein; Neil Stewart,2,"Abstract We study attention utility, the hedonic pleasure or pain derived purely from paying attention to information, which differs from the news utility that arises from gaining new information. The main, field, study examines brokerage account login data to show that investors pay disproportionate attention to already-known positive information on their stocks. Through its effect on logins, this selective attention affects their trading activity. Three experimental studies then show that (1) investors are more likely to engage in a paid task that will involve attention to a prior investment if that investment has gained value; (2) paying attention to a winning stock is more motivating than a doubling of monetary incentives; and that (3) attention has value independent of information acquisition."
Review of Economic Studies,econ,https://openalex.org/W2907517016,https://doi.org/10.1093/restud/rdaf029,Barriers to Entry and Regional Economic Growth in China,2025-05-06,Loren Brandt; Gueorgui Kambourov; Kjetil Storesletten,26,"Abstract Labour productivity in manufacturing differs starkly across regions in China. We document that productivity, wages, and start-up rates of non-state firms have nevertheless experienced rapid unconditional regional convergence after 1995. To analyse these patterns, we construct a Hopenhayn model that incorporates location-specific capital wedges, output wedges, and entry barriers. Using Chinese Industry Census data, we estimate these wedges and examine their role in explaining differences in performance and growth across prefectures. Entry barriers explain most of the differences. We investigate the empirical covariates of these entry barriers and find that changes in barriers are causally related to changes in the size of the state sector: a smaller state sector leads to lower entry barriers."
Review of Economic Studies,econ,https://openalex.org/W2915224154,https://doi.org/10.1093/restud/rdaf030,How Important Is Health Inequality for Lifetime Earnings Inequality?,2025-05-06,Roozbeh Hosseini; Karen Kopecky; Kai Zhao,11,"Abstract Using a dynamic panel approach, we provide empirical evidence that negative health shocks significantly reduce earnings. The effect is primarily driven by the participation margin and is concentrated among the less educated and those in poor health. Next, we develop a life-cycle model of labour supply featuring risky and heterogeneous frailty profiles that affect individuals’ productivity, likelihood of access to social insurance, disutility from work, mortality, and medical expenses. Individuals can either work or not work and apply for social security disability insurance (SSDI/SSI). Eliminating health inequality in our model reduces the variance of log lifetime (accumulated) earnings by 28% at age 55. About 60% of this effect is due to the impact of poor health on the probability of obtaining SSDI/SSI benefits. Despite this, we show that eliminating the SSDI/SSI program reduces ex ante welfare."
Review of Economic Studies,econ,https://openalex.org/W4410615031,https://doi.org/10.1093/restud/rdaf031,Efficient Conservation of the Brazilian Amazon: Estimates from a Dynamic Model,2025-05-06,R. Nazaré O. de Araújo; Francisco Costa; Marcelo Castello Branco Sant'Anna,4,"Abstract This paper estimates the Brazilian Amazon’s carbon-efficient forest cover—i.e. when farmers internalize the social cost of carbon. We propose a dynamic discrete choice land-use model and estimate it using a panel of land use and carbon stock of 5.7 billion pixels between 2008 and 2017. The business-as-usual scenario implies an inefficient release of 42 billion tons of CO2 in the long run, resulting from the deforestation of an area twice the size of France. A carbon tax that makes farmers internalize the social cost of carbon would implement the efficient allocation and generate welfare gains exceeding 1.6 trillion dollars. Responses from a carbon tax are highly convex: a carbon tax of only $10/ton would preserve 95% of the efficient carbon stock. An excise tax on cattle ranching, a second-best policy, achieves at most 87% of the first-best welfare gains."
Review of Economic Studies,econ,https://openalex.org/W4411183025,https://doi.org/10.1093/restud/rdaf032,Retractions: Updating from Complex Information,2025-05-06,Duarte Gonçalves; Jonathan Libgober; Jack Willis,3,"Abstract We modify a canonical experimental design to identify the effectiveness of retractions. Comparing beliefs after retractions to beliefs (1) without the retracted information and (2) after equivalent new information, we find that retractions result in diminished belief updating in both cases. We propose this reflects updating from retractions being more complex, and our analysis supports this: we find longer response times, lower accuracy, and higher variability. The results—robust across diverse participant groups and design variations—enhance our understanding of belief updating and offer insights into addressing misinformation."
Review of Economic Studies,econ,https://openalex.org/W4410312096,https://doi.org/10.1093/restud/rdaf033,Pareto Improvements in the Contest for College Admissions,2025-05-09,Kala Krishna; Sergey Lychagin; Wojciech Olszewski; Ron Siegel; Chloe Tergiman,1,"Abstract Many countries base college admissions on a centrally administered test. Students invest a great deal of resources to improve their performance on the test, and there is growing concern about the high costs associated with these activities. We consider modifying the test by introducing performance-disclosure policies that pool intervals of performance rankings. Pooling affects the equilibrium allocation of students to colleges, which hurts some students and benefits others, but also affects students’ effort. We investigate how such policies can improve students’ welfare in a Pareto sense, study the Pareto frontier of pooling policies, and identify improvements that are robust to the distribution of college seats. We illustrate the potential applicability of our results with an empirical estimation that uses data on college admissions in Turkey. We find that a policy that pools a large fraction of the lowest-performing students leads to a Pareto improvement in a contest based on the estimated parameters. A laboratory experiment based on the estimated parameters generally supports our theoretical predictions."
Review of Economic Studies,econ,https://openalex.org/W4411193240,https://doi.org/10.1093/restud/rdaf034,The Economics and Econometrics of Gene–Environment Interplay,2025-05-13,Pietro Biroli; T. J. Galama; Stephanie von Hinke; Hans van Kippersluis; Cornelius A. Rietveld; Kevin Thom,9,"Abstract We discuss how to estimate the interplay between genes (nature) and environments (nurture), with an empirical illustration of the moderating effect of school starting age on one’s genetic predisposition towards educational attainment. We argue that gene–environment (G×E) studies can be instrumental for (i) assessing treatment effect heterogeneity, (ii) testing theoretical predictions, and (iii) uncovering mechanisms, thereby improving understanding of how (policy) interventions affect population subgroups. Empirically, we find that being old-for-grade and having a higher genetic propensity for education benefits children on assessment tests as they progress through school. In this setting, families appear to increase genetic inequalities while schools seem to reduce them."
Review of Economic Studies,econ,https://openalex.org/W4410588758,https://doi.org/10.1093/restud/rdaf037,Extreme Categories and Overreaction to News,2025-05-21,Spencer Yongwook Kwon; Jau Tang,4,"Abstract What characteristics of news generate over-or-underreaction? We study the asset-pricing consequences of diagnostic expectations, a model of belief formation based on the representativeness heuristic, in a setting where news events are drawn from categories with extreme distributions of fundamentals. Our model predicts greater overreaction to news belonging to categories with more extreme outliers, or tail events. We test our theory on a comprehensive database of corporate news that includes news from twenty-four different categories, including earnings announcements, product launches, mergers and acquisition, business expansions, and client-related news. We find theory-consistent heterogeneity in investor reaction to news, with more overreaction in the form of greater post-announcement return reversals and trading volume for news categories with more extreme distributions of fundamentals."
Review of Economic Studies,econ,https://openalex.org/W3125749464,https://doi.org/10.1093/restud/rdaf036,Cascades and Fluctuations in an Economy with an Endogenous Production Network,2025-05-21,Mathieu Taschereau-Dumouchel,4,"Abstract This article studies the efficient allocation in an economy in which firms are connected through input–output linkages and must pay a fixed cost to produce. When economic conditions are poor, some firms might decide not to operate, thereby severing the links with their neighbours and changing the structure of the production network. Since producers benefit from having access to additional suppliers, nearby firms tend to operate, or not, together. As a result, the production network features clusters of operating firms, and the exit of a producer can create a cascade of firm shutdowns. While well-connected firms are better able to withstand shocks, they trigger larger cascades upon exit. The theory also predicts how the structure of the production network changes over the business cycle. As in the data, recessions are associated with more dispersed networks that feature fewer highly connected firms. In the calibrated economy, the endogenous reorganization of the network substantially dampens the impact of idiosyncratic shocks on aggregate fluctuations."
Review of Economic Studies,econ,https://openalex.org/W4410598598,https://doi.org/10.1093/restud/rdaf038,Racial Discrimination and the Social Contract: Evidence from U.S. Army Enlistment During WWII,2025-05-21,Nancy Qian; Marco Tabellini,1,"Abstract This paper documents that the Pearl Harbor attack triggered a sharp increase in volunteer enlistment rates of American men, the magnitude of the increase was smaller for Black men than for White men and the Black–White gap was larger in counties with higher levels of racial discrimination. The results suggest that political exclusion and discrimination can undermine support for the government during critical times such as war."
Review of Economic Studies,econ,https://openalex.org/W4411224527,https://doi.org/10.1093/restud/rdaf040,Hiring as Exploration,2025-05-26,Danielle Li; Lindsey Raymond; Peter Bergman,3,"Abstract This article views hiring as a contextual bandit problem: to find the best workers over time, firms must balance “exploitation” (selecting from groups with proven track records) with “exploration” (selecting from under-represented groups to learn about quality). Yet modern hiring algorithms, based on supervised learning approaches, are designed solely for exploitation. Instead, we build a resume screening algorithm that values exploration by evaluating candidates according to their statistical upside potential. Using data from professional services recruiting within a Fortune 500 firm, we show that this approach improves the quality (as measured by eventual hiring rates) of candidates selected for an interview, while also increasing demographic diversity, relative to the firm’s existing practices. The same is not true for traditional supervised learning-based algorithms, which improve hiring rates but select far fewer Black and Hispanic applicants. Together, our results highlight the importance of incorporating exploration in developing decision-making algorithms that are potentially both more efficient and equitable."
Review of Economic Studies,econ,https://openalex.org/W4411078459,https://doi.org/10.1093/restud/rdaf039,Public Listing Choice with Persistent Hidden Information,2025-05-26,Francesco Celentano; Mark Rempel,1,"Abstract How much does firm intangibility amplify CEOs’ persistent private information and reduce firms’ public listing propensity? We develop a model of competing public and private investors financing firms heterogeneously exposed to persistent private cash flows. Equilibrium financing is driven by information rent differentials in CEO compensation. We validate and structurally estimate the model using firm listing and CEO compensation data. We find private (intangible) cash flows exhibit 63% higher persistence than their tangible counterparts. Further, if firm intangibility levels returned to those of 1980, mean listing propensities would increase 5 percentage points while mean CEO variable pay growth would decrease by 61%."
Review of Economic Studies,econ,https://openalex.org/W4411078709,https://doi.org/10.1093/restud/rdaf041,Complexity and Satisficing: Theory with Evidence from Chess,2025-05-26,Yuval Salant; Jörg L. Spenkuch,0,"Abstract We develop a satisficing model of choice in which the available alternatives differ in their inherent complexity. We assume—and experimentally validate—that complexity leads to errors in the perception of alternatives’ values. The model yields sharp predictions about the effect of complexity on choice probabilities, some of which qualitatively contrast with those of maximization-based choice models. We confirm the predictions of the satisficing model—and thus reject maximization—in a novel data set with information on hundreds of millions of real-world chess moves by highly experienced players. Looking beyond chess, our work offers a blueprint for incorporating complexity at the level of individual objects into models of choice and for detecting satisficing outside of the laboratory."
Review of Economic Studies,econ,https://openalex.org/W4411192963,https://doi.org/10.1093/restud/rdaf044,Surviving Childhood: Effects of Removing a Child From Home,2025-06-10,Ronja Helénsdotter,4,"Abstract This paper studies the effects of the court-ordered removal of children from home on health, crime, and education. To isolate causal effects, I exploit quasi-random variation in judge assignment together with across-judge variation in the tendency to favour removal in an instrumental variable design. Using a novel data set (N=26,579) based on Swedish court documents that I transcribe and link with detailed register data, I find that court-ordered out-of-home placement has large adverse effects on the mortality of the marginal child. These effects are primarily driven by suicides that occur while the removed child is still placed in out-of-home care. Removal also causes an increase in hospitalizations for mental illness and non-narcotic crimes. There is little evidence of adverse health effects for birth parents. I explore potential explanations for the detrimental effects on child health. Adverse care conditions and peer exposure appear to be important channels."
Review of Economic Studies,econ,https://openalex.org/W3142171138,https://doi.org/10.1093/restud/rdaf042,"Good Dispersion, Bad Dispersion",2025-06-10,Matthias Kehrig; Nicolas Vincent,1,"Abstract We document that most dispersion in marginal revenue products of inputs occurs across plants within firms rather than between firms. This is commonly thought to reflect misallocation: dispersion is “bad”. However, we show that eliminating frictions hampering internal capital markets in a multi-plant firm model may in fact increase productivity dispersion and raise output: dispersion can be “good”. This arises as firms optimally stagger investment activity across their plants over time to avoid raising costly external finance, instead relying on reallocating internal funds. The staggering in turn generates dispersion in marginal revenue products. We use U.S. Census data on multi-plant manufacturing firms to provide empirical evidence for the model mechanism and show a quantitatively important role for good dispersion. Since there is less scope for good dispersion in emerging economies, the difference in the degree of misallocation between emerging and developed economies looks more pronounced than previously thought."
Review of Economic Studies,econ,https://openalex.org/W4411675850,https://doi.org/10.1093/restud/rdaf043,Pseudo Lindahl Equilibrium as a Collective Choice Rule,2025-06-10,Faruk Gül; Wolfgang Pesendorfer,1,"Abstract A collective choice problem specifies a finite set of alternatives from which a group of expected utility maximizers must choose. We associate a collective pseudo market with every collective choice problem and establish the existence and efficiency of pseudo Lindahl equilibrium (PLE) allocations. We also associate a cooperative bargaining problem with every collective choice problem and define a set-valued solution concept, the ω-weighted Nash bargaining set where ω is a vector of welfare weights. We provide axioms that characterize the ω-weighted Nash bargaining set. Our main result shows that ω-weighted Nash bargaining set payoffs are also the PLE payoffs of the corresponding collective pseudo market with the same utility functions and incomes ω. We define a pseudo core for collective pseudo markets and show that pseudo Lindahl equilibria are in the pseudo core. We characterize the set of PLE outcomes of discrete allocation problems and show that they contain the set of pseudo Walrasian equilibrium outcomes."
Review of Economic Studies,econ,https://openalex.org/W2973480924,https://doi.org/10.1093/restud/rdaf048,Overconfidence and Prejudice,2025-06-11,Paul Heidhues; Botond Kőszegi; Philipp Strack,3,"Abstract We develop a model of multi-dimensional misspecified learning in which an overconfident agent learns about groups in society from observations of his and others’ successes. We show that the average person sees his group relative to other groups too positively, and this in-group bias exhibits systematic comparative-statics patterns. First, a person is most likely to have negative opinions about other groups he competes with. Second, while information about another group’s achievements does not lower a person’s prejudice, information about economic or social forces affecting the group can, and personal contact with group members has a beneficial effect that is larger than in classical settings. Third, the agent’s beliefs are subject to “bias substitution”, whereby forces that decrease his bias regarding one group tend to increase his biases regarding unrelated other groups."
Review of Economic Studies,econ,https://openalex.org/W4411720695,https://doi.org/10.1093/restud/rdaf045,Demand Shocks as Technology Shocks,2025-06-11,Yan Bai; José-V́ıctor Ŕıos-Rull; Kjetil Storesletten,1,"Abstract We provide a macroeconomic theory where demand for goods has a productive role. A search friction prevents perfect matching between producers and potential customers. Larger demand induces more search, which, in turn, increases GDP and measured total factor productivity (TFP). We embed the product-market friction in a standard neoclassical model and estimate it using Bayesian techniques. Business cycles are driven by preference shocks, true technology shocks, and investment-specific shocks. Preference shocks have qualitatively similar effects as true productivity shocks. These shocks account for a large share of the fluctuations in consumption, GDP, and measured TFP and can be identified using shopping time data."
Review of Economic Studies,econ,https://openalex.org/W4411314287,https://doi.org/10.1093/restud/rdaf049,Community Enforcement with Endogenous Records,2025-06-11,Harry Pei,0,"Abstract I study repeated games with anonymous random matching where players can add or remove signals from their records. The ability to manipulate records introduces monotonicity constraints on players’ continuation values, under which sufficiently long-lived players will almost never cooperate. When players’ expected lifespans are intermediate, their ability to sustain cooperation depends on (i) whether their actions are complements or substitutes and (ii) whether manipulation takes the form of adding or removing signals."
Review of Economic Studies,econ,https://openalex.org/W4411693512,https://doi.org/10.1093/restud/rdaf047,Revisiting the Non-Parametric Analysis of Time-Inconsistent Preferences,2025-06-11,Federico Echenique; Gerelt Tserenjigmid,0,"Abstract We revisit the recent revealed preference analysis of sophisticated quasi-hyperbolic consumers by Blow et al. [(2021), “Non-parametric Analysis of Time-Inconsistent Preferences”, The Review of Economic Studies, 88, 2687–2734] (BBC). We show that BBC’s revealed preference test is too lax. There are non-rationalizable data that would pass their test. A basic problem with their test is that it requires finding a certain endogenous elasticity, without regard to the rationalizing utility. Their approach motivates a more stringent test, also based on first-order conditions, that would connect the endogenous elasticity and utility: We show that this test is also too lax. Aside from testing, we also discuss the possibility of recovering model parameters. We show that, even when discount factors are exactly identified, the approach followed in BBC allows for incorrect parameter values to lie in their identified set."
Review of Economic Studies,econ,https://openalex.org/W4411758846,https://doi.org/10.1093/restud/rdaf050,Behavioural Causal Inference,2025-06-11,Ran Spiegler,0,"Abstract When inferring causal effects from correlational data, a common practice by professional researchers but also lay people is to control for potential confounders. Inappropriate controls produce erroneous causal inferences. I model decision-makers (DMs) who use endogenous observational data to learn actions’ causal effect on payoff-relevant outcomes. Different DM types use different controls. Their resulting choices affect the very correlations they learn from, thus calling for an equilibrium analysis of the steady-state welfare cost of bad controls. I obtain tight upper bounds on this cost. Equilibrium forces drastically reduce it when types’ sets of controls contain one another."
Review of Economic Studies,econ,https://openalex.org/W4413817086,https://doi.org/10.1093/restud/rdaf051,Search Direction: Position Externalities and Position Auction Bias,2025-06-16,Simon P. Anderson; Régis Renault,1,"Abstract We formulate a tractable model of pricing under directed search with heterogeneous firm demands. Demand characteristics drive bids in a position auction and enable us to bridge insights from the ordered search literature to those in the position auction literature. Equilibrium pricing implies that the marginal consumer’s surplus decreases down the search order, so consumers optimally follow the firms’ position ordering. A firm suffers from “business stealing” by firms that precede it and “search appeal” from subsequent firms. We find rankings that achieve the maximal joint profit or consumer surplus by constructing firm-specific scores. A generalized second price auction for positions endogenizes equilibrium orders and bids are driven by position externalities that impact incremental profit from switching positions. The joint profit maximization order is upheld when firm heterogeneity concerns mostly their mark-up potentials. But the consumer welfare order is robust when firms differ mostly over their potential market sizes."
Review of Economic Studies,econ,https://openalex.org/W4415219579,https://doi.org/10.1093/restud/rdaf052,"Auctions with Frictions: Recruitment, Entry, and Limited Commitment",2025-06-16,Stephan Lauermann; Asher Wolinsky,0,"Abstract Auction models are convenient abstractions of informal price-formation processes that arise in markets for assets or services. These processes involve frictions like bidder recruitment costs for sellers, participation costs for bidders, and limitations on sellers’ commitment abilities. This paper develops an auction model that captures such frictions. We derive novel insights, notably that outcomes are often inefficient, that markets sometimes unravel, and that the observability of competition may have a large effect."
Review of Economic Studies,econ,https://openalex.org/W4411962208,https://doi.org/10.1093/restud/rdaf054,Endogenous Clustering and Analogy-Based Expectation Equilibrium,2025-06-28,Philippe Jéhiel; Guglielmo Weber,3,"Abstract Normal-form two-player games are categorized by players into K analogy classes so as to minimize the prediction error about the behaviour of the opponent. This results in Clustered Analogy-Based Expectation Equilibria in which strategies are analogy-based expectation equilibria given the analogy partitions and analogy partitions minimize the prediction errors given the strategies. We distinguish between environments with self-repelling analogy partitions in which some mixing over partitions is required and environments with self-attractive partitions in which several analogy partitions can arise, thereby suggesting new channels of belief heterogeneity and equilibrium multiplicity. Various economic applications are discussed."
Review of Economic Studies,econ,https://openalex.org/W4412092154,https://doi.org/10.1093/restud/rdaf053,Bargaining Foundations for the Outside Option Principle,2025-06-28,Dilip Abreu; Mihai Manea,1,"Abstract We study a bargaining game in which a seller can trade with one of two buyers, who have values h and l (h&amp;gt;l). The outside option principle (OOP) predicts that, as players become patient, the seller trades with the high-value buyer with probability converging to 1 at a price converging to max(h/2,l). While this prediction is supported by the Markov perfect equilibrium (MPE), a wide range of trading outcomes may emerge in subgame perfect equilibria (SPEs): in the patient limit, the seller can obtain any price in the interval [h/2,h] (and no other); moreover, allocative inefficiency and costly delay are possible. We propose equilibrium refinements less restrictive than Markov behavior that guarantee trading outcomes consistent with the OOP. One refinement requires that a buyer’s relative probability of trade does not increase dramatically following a failed negotiation with that buyer. Another refinement posits that the seller does not approach a buyer hoping that negotiations fail. SPEs satisfying both refinements conform with the OOP (but need not be MPEs). Our benchmark model features strategic matching by the seller. We provide a parallel analysis for the random matching protocol. Under random matching, prices in SPEs may also rise above and fall below l, but have a narrower range. A refinement particular to this protocol that restores the OOP requires that a random mismatch should not impact the seller excessively."
Review of Economic Studies,econ,https://openalex.org/W3172369252,https://doi.org/10.1093/restud/rdaf055,Quantifying the Benefits of Labour Mobility in a Currency Union,2025-07-01,Christopher House; Christian Proebsting; Linda L. Tesar,2,"Abstract Unemployment differentials are greater between countries in the euro area than between U.S. states. In both regions, net migration responds to unemployment differentials, though the response is smaller in the euro area compared to the U.S. We use a multi-country DSGE model with cross-border migration to quantify Mundell’s hypothesis that labour mobility could substitute for independent monetary policy in a currency union. While not as effective as independent monetary policy, increased labour mobility reduces business cycle fluctuations for most countries in the euro area. However, Mundell’s conjecture does not hold uniformly. For countries that primarily face demand shocks, labour mobility stabilizes inflation and unemployment and improves welfare. If supply shocks are dominant however, labour mobility increases the cost of being in a currency union by magnifying inflation volatility."
Review of Economic Studies,econ,https://openalex.org/W4413188977,https://doi.org/10.1093/restud/rdaf057,A Tale of Two Networks: Common Ownership and Product Market Rivalry,2025-07-14,Florian Ederer; Bruno Pellegrino,1,"Abstract We study the welfare implications of the rise of common ownership in the U.S. from 1995 to 2021. We build a general equilibrium model with a hedonic demand system in which firms compete in a network game of oligopoly. Firms are connected through two large networks: the first reflects ownership overlap, the second product market rivalry. In our model, common ownership of competing firms induces unilateral incentives to soften competition and the magnitude of the common ownership effect depends on how much the two networks overlap. We estimate our model for the universe of U.S. public corporations using a combination of firm financials, investor holdings, and text-based product similarity data. We perform counterfactual calculations to evaluate how the efficiency and the distributional impact of common ownership have evolved over time. Under the assumption that firms maximise a share-weighted average of their shareholders’ income, we find that the welfare cost of common ownership, measured as the ratio of deadweight loss to total surplus, has increased about ninefold between 1995 and 2021. Under alternative assumptions about corporate governance, the deadweight loss of common ownership ranges between 3.5 and 13.2% of total surplus in 2021. The rise of common ownership has also led to a significant reallocation of surplus from consumers to producers."
Review of Economic Studies,econ,https://openalex.org/W4413078036,https://doi.org/10.1093/restud/rdaf058,Counterfactual Identification and Latent Space Enumeration in Discrete Outcome Models,2025-07-14,Jiaying Gu; Thomas M. Russell; Thomas Stringham,0,"Abstract This article provides a unified framework for studying the identification of counterfactual parameters in a general class of discrete outcome models, allowing for endogenous regressors and multidimensional latent variables, all without parametric distributional assumptions. Our main theoretical result is that, when the covariates are discrete, the infinite-dimensional latent variable distribution can be replaced with a finite-dimensional version that is equivalent from an identification perspective. The finite-dimensional latent variable distribution is constructed in practice by enumerating regions of the latent variable space with a new and efficient cell enumeration algorithm for hyperplane arrangements. We then show that bounds on a certain class of counterfactual parameters can be computed by solving a sequence of linear programming problems, and show how the researcher can introduce additional assumptions as constraints in the linear programmes. Finally, we apply the method to a mobile phone choice example with heterogeneous choice sets, and to an airline entry game example."
Review of Economic Studies,econ,https://openalex.org/W4413097537,https://doi.org/10.1093/restud/rdaf056,The Micro and Macro Effects of Changes in the Potential Benefit Duration,2025-07-14,Jonas Jessen; Robin Jessen; Ewa Gałecka‐Burdziak; Marek Góra; Jochen Kluve,0,"Abstract We quantify micro and macro effects of changes in the potential benefit duration (PBD) in unemployment insurance. In Poland, the PBD is 12 months for the newly unemployed if the previous year’s county unemployment rate is more than 150% of the national average, and 6 months otherwise. We exploit this cut-off using regression discontinuity estimates on registry data containing the universe of unemployed from 2005 to 2019. For those whose PBD is directly affected by the policy rule, benefit recipients younger than 50, a PBD increase from 6 to 12 months leads to 13% higher unemployment. A decomposition analysis reveals that 12 months after an increase in the PBD, only half of the increase in unemployment is due to the effect on search effort (the micro effect) while the other half is due to increased inflows into unemployment. The total effect on unemployment, which includes equilibrium effects, is entirely explained by the increase in unemployment of workers directly affected by the policy change. We find no evidence of spill-overs on two distinct groups of unemployed whose PBD is unchanged and no effect on measures of labour market tightness."
Review of Economic Studies,econ,https://openalex.org/W4415770050,https://doi.org/10.1093/restud/rdaf059,Does Tax-Benefit Linkage Matter for the Incidence of Payroll Taxes?,2025-07-14,Antoine Bozio; Thomas Breda; Julien Grenet; Arthur Guillouzouic,0,"Abstract We analyse earnings responses to six large payroll tax and income tax reforms in France. Our findings indicate full pass-through to workers when there is a strong and transparent link between contributions and expected benefits. In contrast, employer payroll taxes with no tax-benefit linkage exhibit limited pass-through to workers, while income tax nominally borne by employees show nearly full pass-through. Together with a meta-analysis of the literature, we interpret these results as empirical support for the long-standing hypothesis that tax-benefit linkage matters for the incidence of payroll taxes. In the absence of such linkage, our findings suggest that the individual-level incidence of payroll taxes aligns with their statutory incidence."
Review of Economic Studies,econ,https://openalex.org/W4412515424,https://doi.org/10.1093/restud/rdaf061,Capital Requirements with Non-Bank Finance,2025-07-17,Kyle Dempsey,5,"Abstract I quantitatively analyse the macroeconomic impacts of raising capital requirements in a model in which heterogeneous firms may choose either intermediated or direct finance. Heterogeneous banks compete with other banks and the bond market, fund loans with insured deposits and costly equity (subject to a minimum capital-to-asset ratio), and monitor borrowers. I find that tighter capital requirements reduce costly bank failures while having only small effects on key macroeconomic aggregates, and that raising capital requirements above current levels can be welfare-improving. Three main forces give rise to these results. First, even though banks cut loan supply for a given level of net worth under a tighter capital requirement, in equilibrium banks’ net worth rises to dampen this effect. Second, intense competition from the non-bank sector disciplines banks’ lending responses to tighter regulation. Third, substitution by corporate firms offsets much of the decline in debt financing associated with tighter bank loan supply. As a corollary, almost all of the modest costs associated with tighter capital requirements are concentrated within the bank-dependent non-corporate sector."
Review of Economic Studies,econ,https://openalex.org/W3136422589,https://doi.org/10.1093/restud/rdaf063,The Geography of Business Dynamism and Skill-Biased Technical Change,2025-07-28,Hannah Rubinton,2,"Abstract This paper shows that the growing disparities between big and small cities in the U.S. since 1980 can be explained by firms endogenously responding to a skill-biased technology shock. With the introduction of a new skill-biased technology that is high fixed cost but low marginal cost, firms endogenously adopt more in big cities, cities that offer abundant amenities for high-skilled workers, and cities that are more productive in using high-skilled labour. In cities with more adoption, small and unproductive firms are more likely to exit the market, increasing the equilibrium rate of turnover or business dynamism—a selection effect similar to Melitz (2003). Differences in technology adoption and selection account for three key components of the growing regional disparities, known as the Great Divergence: (1) big cities saw a larger increase in the relative wages and supply of skilled workers, (2) big cities saw a smaller decline in business dynamism, and (3) firms in big cities invest more intensively in information and communication technology."
Review of Economic Studies,econ,https://openalex.org/W4412700862,https://doi.org/10.1093/restud/rdaf060,"Correction to: Job Displacement, Unemployment Benefits and Domestic Violence",2025-07-28,,0,
Review of Economic Studies,econ,https://openalex.org/W3167249882,https://doi.org/10.1093/restud/rdaf064,Estimating Welfare Effects in a Non-Parametric Choice Model: The Case of School Vouchers,2025-07-31,Vishal Kamat; Samuel Norris,0,"Abstract We develop new robust discrete choice tools to learn about the average willingness to pay for a price subsidy and its effects on demand given exogenous, discrete variation in prices. Our starting point is a non-parametric, non-separable model of choice. We exploit the insight that our welfare parameters in this model can be expressed as functions of demand for the different alternatives. However, while the variation in the data reveals the value of demand at the observed prices, the parameters generally depend on its values beyond these prices. We show how to sharply characterize what we can learn when demand is specified to be entirely non-parametric or to be parametrized in a flexible manner, both of which imply that the parameters are not necessarily point identified. We use our tools to analyse the welfare effects of price subsidies provided by school vouchers in the DC Opportunity Scholarship Program. We find that the provision of the status quo voucher and a wide range of counterfactual vouchers of different amounts can have positive and potentially large benefits net of costs. The positive effect can be explained by the popularity of low-tuition schools in the programme; removing them from the programme can result in a negative net benefit. We also find that various standard logit specifications, in comparison, limit attention to demand functions with low demand for the voucher, which do not capture the large magnitudes of benefits credibly consistent with the data."
Review of Economic Studies,econ,https://openalex.org/W4412786483,https://doi.org/10.1093/restud/rdaf065,Reallocative Auctions and Core Selection,2025-07-31,Marzena Rostek; Nathan Yoder,0,"Abstract When selling goods like wireless spectrum or electricity contracts, designers often opt for core-selecting mechanisms—i.e. those that induce outcomes in the core—in order to balance revenue and efficiency goals. But increasingly, auctions—such as the Federal Communications Commission’s Incentive Auction and those explored for natural resources—seek to reallocate goods, not just sell them. We show that when bidders can both buy and sell, substitutability among goods is no longer sufficient or necessary for core selection. In particular, in these environments, core selection can fail even with a single good and positive revenue, and can succeed even when some or all bidders view goods as complements. Instead, we show that the key feature that determines core selection is heterogeneity among the bidders. With too much heterogeneity, reallocation mostly realises pre-existing gains from trade among the bidders, and core selection fails. With limited heterogeneity, most gains from trade among the bidders are created by the quantity auctioned, and a core-selecting mechanism is possible."
Review of Economic Studies,econ,https://openalex.org/W4412826576,https://doi.org/10.1093/restud/rdaf066,Women in the Courtroom: Technology and Justice,2025-08-01,Heng Chen; Yuyu Chen; Qingxu Yang,2,"Abstract Our study analyses 6 million civil judgments in China from 2014 to 2018, documenting gender disparities that disfavour female litigants. We investigate the impact of an open justice reform that mandated courts to broadcast legal proceedings live on a centralized online platform. By exploiting variations in its implementation across courts and over time and employing both difference-in-differences and Bartik IV approaches, we find that gender disparities in chances of winning decrease as broadcast intensity increases. Analysis of the textual content of judicial decisions provides further evidence that these changes in judicial outcomes stem from altered judge behaviours (i.e. attention and effort) under enhanced judicial transparency. Our results demonstrate how information technology shapes judges’ conduct, underscoring its broader potential to improve accountability in public institutions."
Review of Economic Studies,econ,https://openalex.org/W4413777009,https://doi.org/10.1093/restud/rdaf062,Bewley Banks,2025-08-28,Rustam Jamilov; Tommaso Monacelli,2,"Abstract How do movements in the distributions of bank size and income affect the macroeconomy? To answer this question, we develop a dynamic general equilibrium model with heterogeneous financial intermediaries, incomplete markets, and aggregate uncertainty. We find that market incompleteness and uninsured idiosyncratic bank rate of return risk generate minimal concentration in the bank net worth distribution, leading to an “as-if” result, whereby the economy behaves as if it had a representative bank. However, introducing ex ante heterogeneity in the banks’ rates of return significantly raises concentration and amplifies real and financial fluctuations relative to the representative-bank case, as this increases a key sufficient statistic, the average marginal propensity to lend. We then extend the model with two empirically validated features of the banking sector—countercyclical return risk and deposit market power—and show that these amplify and dampen aggregate fluctuations, respectively. Finally, because in the model with ex ante heterogeneity the distribution of bank size is highly concentrated, shocks to the largest banks can account for almost all of the aggregate variation that is due to idiosyncratic risk, leading to granular banking and economic cycles. The failure of granular banks (“too big to fail”) produces sizeable macroeconomic crises."
Review of Economic Studies,econ,https://openalex.org/W4413802704,https://doi.org/10.1093/restud/rdaf075,Brokering Votes With Information Spread Via Social Networks,2025-08-29,Raúl Duarte; Frederico Finan; Horacio Larreguy; Laura Schechter,1,"Abstract Politicians rely on political brokers to buy votes throughout much of the developing world. We investigate how social networks facilitate these vote-buying exchanges. Our conceptual framework suggests brokers should be particularly well-placed within the network to learn about non-copartisans’ reciprocity in order to target transfers effectively. As a result, parties should recruit brokers who are central among non-copartisans. We combine village network data from brokers and citizens with broker reports of vote buying, allowing us to use broker and citizen fixed effects. We show that networks diffuse information about citizens to brokers who leverage it to target transfers. In particular, among those citizens who are not registered to their party, brokers target reciprocal citizens about whom they can learn more through their network, and these citizens are more likely to support the brokers’ party. Moreover, recruited brokers are significantly more central than other citizens among non-copartisans, but not among copartisans. These results highlight the importance of information diffusion through social networks for vote buying, broker recruitment, and ultimately for political outcomes."
Review of Economic Studies,econ,https://openalex.org/W4413809266,https://doi.org/10.1093/restud/rdaf074,A Dynamic Theory of Random Price Discounts,2025-08-29,Francesc Dilmé; Daniel F. Garrett,0,"Abstract A seller with commitment power sets prices over time. Risk-averse buyers arrive to the market and decide when to purchase. We show that it is optimal for the seller to choose a constant high price punctuated by occasional episodes of sequential discounts that occur at random times. This optimal price path has the property that the price a buyer ends up paying is independent of his arrival and purchase times, and only depends on his valuation. Our theory accommodates empirical findings on the timing of discounts."
Review of Economic Studies,econ,https://openalex.org/W4413859318,https://doi.org/10.1093/restud/rdaf077,Globalization and the Ladder of Development: Pushed to the Top or Held at the Bottom?,2025-08-30,David Atkin; Arnaud Costinot; Masao Fukui,2,"Abstract We study the relationship between international trade and development in a model where countries differ in their capability, goods differ in their complexity, and capability growth is a function of a country’s pattern of specialization. Theoretically, we show that it is possible for international trade to increase capability growth in all countries and, in turn, to push all countries up the development ladder. This occurs if (i) shifting employment towards more complex sectors raises capability growth and if (ii) foreign competition is tougher in less complex sectors for all countries. Empirically, we provide causal evidence consistent with (i) using the entry of countries into the World Trade Organization as an instrumental variable for other countries’ patterns of specialization. The opposite of (ii), however, holds in the data. Through the lens of our model, these two empirical observations imply dynamic welfare losses from trade that are pervasive, albeit small for the median country. The same economic forces also suggest that the emergence of China has held back capability growth for a number of African countries who are pushed away from their most-complex sectors, which China exports, and into their least-complex sectors, which China imports."
Review of Economic Studies,econ,https://openalex.org/W3148258657,https://doi.org/10.1093/restud/rdaf078,Normalizations and Misspecification in Skill Formation Models,2025-09-04,Joachim Freyberger,6,"Abstract An important class of structural models studies the determinants of skill formation and the optimal timing of interventions. In this article, I provide new identification results for these models and investigate the effects of seemingly innocuous scale and location restrictions on parameters of interest. To do so, I first characterize the identified set of all parameters without these additional restrictions and show that important policy-relevant parameters are point identified under weaker assumptions than commonly used in the literature. The implications of imposing standard scale and location restrictions depend on how the model is specified, but they generally impact the interpretation of parameters and may affect counterfactuals. Importantly, with the popular constant elasticity of substitution (CES) production function, commonly used scale restrictions fix identified parameters and lead to misspecification. Consequently, simply changing the units of measurements of observed variables might yield ineffective investment strategies and misleading policy recommendations. I show how existing estimators can easily be adapted to solve these issues. As a byproduct, this article also presents a general and formal definition of when restrictions are truly normalizations."
Review of Economic Studies,econ,https://openalex.org/W4414722861,https://doi.org/10.1093/restud/rdaf080,Supply Chain Disruption and Reorganization: Theory and Evidence From Ukraine’s War,2025-09-11,Vasily Korovkin; Alexey Makarin; Yuhei Miyauchi,2,"Abstract How do localized conflicts disrupt supply chains and prompt firms to reorganize them? How do these forces affect firm-level and aggregate economic activity? Using firm-to-firm Ukrainian railway-shipment data before and during the 2014 Russia–Ukraine conflict, we document that firms with prior supplier and buyer exposure to the conflict areas substantially decreased their output. Simultaneously, firms reorganized their production linkages away from partners directly or indirectly exposed to the conflict shock. We build a general-equilibrium production-network model with endogeneous link formation, and we show that our model’s sufficient statistics accurately explains the observed relative decline in firm output once we account for network reorganization. Calibrating our model to the Ukrainian economy, we find that the localized conflict decreased aggregate output in nonconflict areas by 5.5%. This effect increases to 8.4% if we abstract from endogeneous link formation, suggesting that production-network reorganization partially mitigates the detrimental, far-reaching aggregate economic costs of conflicts."
Review of Economic Studies,econ,https://openalex.org/W2995165095,https://doi.org/10.1093/restud/rdaf081,Temporal-Difference Estimation of Dynamic Discrete Choice Models,2025-09-11,Karun Adusumilli; Dita Eckardt,0,"Abstract We study the use of Temporal-Difference learning for estimating the structural parameters in dynamic discrete choice models. Our algorithms are based on the conditional choice probability approach but use functional approximations to estimate various terms in the pseudo-log-likelihood function. We suggest two approaches: The first—linear semi-gradient—provides approximations to the recursive terms using basis functions. The second—Approximate Value Iteration—builds a sequence of approximations to the recursive terms by solving non-parametric estimation problems. Our approaches are fast and naturally allow for continuous and/or high-dimensional state spaces. Furthermore, they do not require specification of transition densities. In dynamic games, they avoid integrating over other players’ actions, further heightening the computational advantage. Our proposals can be paired with popular existing methods such as pseudo-maximum-likelihood, and we propose locally robust corrections for the latter to achieve parametric rates of convergence. Monte Carlo simulations confirm the properties of our algorithms in practice."
Review of Economic Studies,econ,https://openalex.org/W4414384623,https://doi.org/10.1093/restud/rdaf084,Algorithmic Recommendations and Human Discretion,2025-09-15,Victoria Angelova; Will Dobbie; Crystal Yang,0,"Abstract Human decision-makers frequently override the recommendations generated by predictive algorithms, but it is unclear whether these discretionary overrides add valuable private information or reintroduce human biases and mistakes. We develop new quasi-experimental tools to measure the impact of human discretion over an algorithm on the accuracy of decisions, even when the outcome of interest is only selectively observed, in the context of bail decisions. We find that 90% of the judges in our setting underperform the algorithm when they make a discretionary override, with most making override decisions that are no better than random. Yet the remaining 10% of judges outperform the algorithm in terms of both accuracy and fairness when they make a discretionary override. We provide suggestive evidence on the behaviour underlying these differences in judge performance, showing that the high-performing judges are more likely to use relevant private information and are less likely to overreact to highly salient events compared to the low-performing judges."
Review of Economic Studies,econ,https://openalex.org/W3140028335,https://doi.org/10.1093/restud/rdaf082,Repurchase Options in the Market for Lemons,2025-09-17,Saki Bigio; Liyan Shi,0,"Abstract We study repurchase options (repo contracts) in a competitive asset market with adverse selection. Gains from trade emerge from a liquidity need, but private information about asset quality prevents the full realization of trades. In equilibrium, a single repo contract pools all assets. The embedded repurchase option mitigates adverse selection by improving the volume of trades relative to outright sales. However, liquidity provision can be inefficiently low as lenders compete to attract high-quality assets via high haircuts and low rates. The equilibrium has a closed form and aligns well with empirical patterns across Mortgage-Backed Securities repos."
Review of Economic Studies,econ,https://openalex.org/W2202392936,https://doi.org/10.1093/restud/rdaf076,On the Optimal Design of a Financial Stability Fund,2025-09-19,Árpád Ábrahám; Eva Cárceles‐Poveda; Yan Liu; Ramón Marimon,20,"Abstract We develop a model of a Financial Stability Fund (the “Fund” henceforth) for a union of sovereign countries. By design, the contract prevents country defaults, as well as undesired expected losses, which in a union translate into excessive risk mutualizations. A participant country has greater ability to borrow and share risks than using sovereign debt financing. The Fund contract also provides better incentives for the country to reduce endogenous risks. These efficiency gains arise from the ability of the Fund to offer long-term contingent financial contracts, subject to limited enforcement and moral hazard constraints. We develop the theory and quantitatively compare the constrained-efficient Fund economy with an incomplete markets economy with default. We calibrate our economy to the euro area “stressed countries” in the debt crisis (2010–2). Substantial welfare gains are achieved, particularly in times of crisis. The Fund is, in fact, a risk-sharing, crisis prevention and resolution mechanism, which transforms the participant countries’ defaultable sovereign debt into the union’s safe assets. In sum, our theory can help to improve current official lending practices and, for example, to eventually design a European Fiscal Fund."
Review of Economic Studies,econ,https://openalex.org/W4414560252,https://doi.org/10.1093/restud/rdaf085,Sanctions and the Exchange Rate,2025-09-24,Oleg Itskhoki; Dmitry Mukhin,1,"Abstract Trade wars and financial sanctions are again becoming an increasingly common part of the international economic landscape, and the dynamics of the exchange rate are often used in real time to evaluate the effectiveness of sanctions and policy responses. We show that sanctions limiting a country’s exports or freezing its assets depreciate the exchange rate, while sanctions limiting imports appreciate it, even when both types of policies have exactly the same effect on real allocations, including household welfare and government fiscal revenues. Beyond the direct effect from sanctions, increased precautionary savings in foreign currency also depreciate the exchange rate when they are not offset by the sale of official reserves or financial repression of foreign-currency savings. We show that the dynamics of the ruble exchange rate following Russia’s invasion of Ukraine in February 2022 are quantitatively consistent with the combined effects of these forces calibrated to the observed sanctions and government policies. We evaluate the associated welfare, fiscal and inflationary consequences for both Russia and the coalition of Western countries."
Review of Economic Studies,econ,https://openalex.org/W4414474387,https://doi.org/10.1093/restud/rdaf079,"Contract Terms, Employment Shocks, and Default in Credit Cards",2025-09-24,Sara G. Castellanos; Diego Jiménez-Hernández; Aprajit Mahajan; Eduardo Alcaraz Prous; Enrique Seira,0,"Abstract Regulatory concerns over a tension between expanding financial access and limiting default have led to significant restrictions on contract terms in a number of countries, despite limited evidence on their effectiveness. We use a large nation-wide RCT to examine new borrower responses to changes in interest rates and minimum payments for a credit card that accounted for 15% of all first-time formal loans in Mexico. Default rates were 19% over the 26 month experiment and a 30 pp decrease in interest rates decreased default by 2.5 pp with no effects on the newest borrowers. Doubling minimum payments increased default by 0.8 pp during the experiment but reduced it by 1 pp afterwards, possibly by reducing debt. Matching the experimental sample to their formal employment histories we find that the effect of job separation—more common among new borrowers—on default is seven times larger than the effect of the 30 pp interest rate change. We provide a simple framework for interpreting the experimental results, and rationalize the smaller contract term effects by their limited effects on cash flow rather than by differences in per-peso impacts."
Review of Economic Studies,econ,https://openalex.org/W4414511355,https://doi.org/10.1093/restud/rdaf070,Policy Diffusion and Polarization across U.S. States,2025-09-25,Stefano DellaVigna; Woojin Kim,1,"Abstract Economists have studied the impact of numerous state laws, from welfare rules to voting ID requirements. Yet for all this policy evaluation, what do we know about policy diffusion—how these policies are introduced and spread from state to state? We present a series of facts based on a data set of 602 U.S. state policies spanning the past seven decades. First, proxies of state capacity do not predict a higher likelihood of innovating new policies, but the political leaning of the state does predict a higher likelihood of introducing partisan laws since 1990. Second, the diffusion of policies from 1950 to 2000 is best predicted by proximity—a state is more likely to adopt a policy if nearby states have already done so—as well as similarity in voter policy preferences. Third, since 2000, party alignment has become the strongest predictor of diffusion, and the speed of adoption has increased. Models of learning and correlated preferences can account for the earlier patterns, but the findings for the last two decades indicate a sharply increasing role of party control. We conclude that party polarization has emerged as a key factor recently for policy adoption, plausibly leading to a worse match between state policies and voter preferences."
Review of Economic Studies,econ,https://openalex.org/W4414534689,https://doi.org/10.1093/restud/rdaf071,"Religion, Education, and the State",2025-09-26,Samuel Bazzi; Masyhur Hilmy; Benjamin Marx,2,"Abstract This paper explores how state and religious providers of education compete during the nation building process. Using novel administrative data, we characterize the evolution of Indonesia’s Islamic education system and religious school choice after the introduction of mass public primary schooling in the 1970s. Funded through informal taxation, Islamic schools competed with the state by entering in the same markets. While primary enrollment shifted towards state schools, religious education increased overall as Islamic schools absorbed growing demand for secondary education. In the short run, electoral support for the secular regime weakened in markets with greater public school construction. Over the long run, Islamic schools established at this juncture are more differentiated in terms of religious curriculum, and cohorts exposed to mass public schooling as children are more invested in religion than in the national identity. Our findings offer a new perspective on the political economy of education reforms and the emergence of parallel systems of public goods provision."
Review of Economic Studies,econ,https://openalex.org/W4414542122,https://doi.org/10.1093/restud/rdaf068,"Homeownership, Polarization, and Inequality",2025-09-26,А. И. Пархоменко,0,"Abstract Why are job polarization and income inequality higher in large U.S. cities? I offer a new explanation: when house prices grow faster in large cities, middle-income households increasingly cannot afford to own a house there. They move to smaller cities and the middle of the income distribution in large cities hollows out, making them more polarized and unequal. I document that (1) cities with higher price growth experienced larger polarization and increase in inequality since 1980 and (2) middle-income households migrate more often to cheaper locations for housing-related reasons than low- or high-income households. Using a spatial equilibrium model with tenure choice and skill heterogeneity, I find that excess growth of prices relative to incomes and rents in large cities accounts for nearly all of the gap in polarization and almost one-half of the gap in inequality growth between large and small cities from 1980 to 2019."
Review of Economic Studies,econ,https://openalex.org/W4414710152,https://doi.org/10.1093/restud/rdaf083,What’s My Employee Worth? The Effects of Salary Benchmarking,2025-09-27,Zoë Cullen; Shengwu Li; Ricardo Pérez-Truglia,2,"Abstract Firms are allowed to use aggregate data on market salaries to set pay, a practice known as salary benchmarking. Using national payroll data, we study firms that gain access to a tool that reveals market benchmarks for each job title. Using a difference-in-differences design, we find that the benchmark information reduces salary dispersion by 25%. Thus, salary dispersion must stem partly from aggregate uncertainty about the salaries offered by other firms. Our model formalizes how salary dispersion can arise even in competitive labour markets for identical workers when such uncertainty exists, and we discuss implications for an ongoing policy debate."
Review of Economic Studies,econ,https://openalex.org/W3147523390,https://doi.org/10.1093/restud/rdaf087,The Surrogate Index: Combining Short-Term Proxies to Estimate Long-Term Treatment Effects More Rapidly and Precisely,2025-09-29,Susan Athey; Raj Chetty; Guido W. Imbens; Hyunseung Kang,3,"Abstract A common challenge in estimating the impact of interventions (e.g. job training programmes, educational programmes) is that many outcomes of interest (e.g. lifetime earnings or other labour market outcomes) are observed with a long delay. In biomedical settings, this is often addressed by using short-term outcomes as so-called “surrogates” for the outcome of interest, e.g. tumour size as a surrogate for mortality in cancer studies. We build on this literature by combining multiple, possibly qualitatively distinct, short-term outcomes (e.g. short-run earnings and employment indicators) systematically into a “surrogate index”. Under the Prentice surrogacy assumption, which requires that the primary outcome is independent of the treatment conditional on the surrogates, we show that the average treatment effect on the surrogate index equals the treatment effect on the long-term outcome. We also relate the surrogacy assumption to a set of structural, causal assumptions. We then characterize the bias that arises from violations of each of the key assumptions, and we provide simple methods to validate these assumptions using additional observed outcomes. We apply our method to analyse the long-term impacts of a multi-site job training experiment in California. Rather than waiting a full 9 years to directly observe the long-term impact, we show that it is possible to use short-term (the first six quarters) outcomes as surrogates. Given the surrogacy assumption one could have estimated the programme’s long-term impacts on mean employment rates using the employment rates observed in the first six quarters, with a 35% reduction in standard errors relative to a simple difference in means estimator based on all 9 years of data."
Review of Economic Studies,econ,https://openalex.org/W3183258333,https://doi.org/10.1093/restud/rdaf088,The Origins and Control of Forest Fires in the Tropics,2025-10-01,Clare Balboni; Robin Burgess; Benjamin Olken,16,"Abstract Environmental externalities—uncompensated damages imposed on others—lie at the root of climate change, pollution, deforestation and biodiversity loss. Empirical evidence is limited, however, as to how externalities drive private decision making. We study one such behaviour, illegal tropical forest fires, using 15 years of daily satellite data covering over 107,000 fires across Indonesia. Weather-induced variation in fire spread risk and variation in who owns surrounding land allow us to identify how far externalities influence the decision to use fire. Relative to when all spread risks are internalized, we find that firms overuse fire when surrounded by unleased government lands where property rights are weak. In contrast, and consistent with the Coase Theorem, firms treat risks to nearby private concessions similarly to risks to their own land. Government sanctions, concentrated on fires spreading to populated areas, also deter fires, consistent with Pigouvian deterrence."
Review of Economic Studies,econ,https://openalex.org/W4414726743,https://doi.org/10.1093/restud/rdaf072,The Effect of Provider Diversity on Racial Health Disparities: Evidence from the Military,2025-10-01,Michael A. Frakes; Jonathan Gruber,0,"We assess the relationship between the racial diversity of medical providers and racial health disparities in the use of preventive care and in patient outcomes. We use unique data from the Military Health System, where we observe providers as patients so that we can identify their race, and where moves across bases change exposure to provider race in a plausibly exogenous fashion. We consider patients with four chronic, deadly, but manageable illnesses, where the relationship with the provider may have the most direct impact on health. We find striking evidence that provider racial diversity leads to reduced disparities in maintenance of preventive care and mortality."
Review of Economic Studies,econ,https://openalex.org/W4414879565,https://doi.org/10.1093/restud/rdaf086,"Patents, News, and Business Cycles",2025-10-02,Silvia Miranda‐Agrippino; Sinem Hacıoğlu-Hoke; Kristina Bluwstein,3,"Abstract We exploit information in patent applications to construct an instrumental variable for the identification of technology news shocks that relaxes all the identifying assumptions traditionally used in the literature. The instrument recovers news shocks that have no effect on aggregate productivity in the short-run, but are a significant driver of its trend component. The shock prompts a broad-based expansion in anticipation of the future increase in total factor productivity (TFP), with output, consumption, and investment all rising well before any material increase in TFP is recorded. Despite the positive conditional comovements, the shock only accounts for a modest share of fluctuations of macroeconomic aggregates at business cycle frequencies. Financial markets price-in news shocks on impact, while most of the macro aggregates respond with some delay."
Review of Economic Studies,econ,https://openalex.org/W4414923747,https://doi.org/10.1093/restud/rdaf089,What Do Policies Value?,2025-10-04,Daniel Björkegren; Joshua Blumenstock; Samsun Knight,0,"Abstract When a policy prioritizes one person over another, is it because they benefit more, or because they are preferred? This paper develops a method to uncover the values consistent with observed allocation decisions. We estimate how much each person benefits from an intervention, and then reconcile the allocation with (i) the welfare weights assigned to different people; (ii) heterogeneous treatment effects of the intervention; and (iii) weights on different outcomes. We demonstrate this approach by analyzing Mexico’s PROGRESA anti-poverty programme. The analysis reveals that while the programme prioritized certain subgroups—such as indigenous households—the fact that those groups benefited more implies that the programme did not actually assign them a higher welfare weight. We also find evidence that the policy valued outcomes differently from households. The PROGRESA case illustrates how the method makes it possible to audit existing policies, and to design future policies that better align with values."
Review of Economic Studies,econ,https://openalex.org/W2920888380,https://doi.org/10.1093/restud/rdaf090,Slum Upgrading and Long-Run Urban Development: Evidence from Indonesia,2025-10-14,Mariaflavia Harari; Maisy Wong,33,"Abstract Developing countries face massive urbanization and slum upgrading is a popular policy to improve shelter for many. Yet, preserving slums at the expense of formal developments can raise concerns of misallocation of land. We estimate causal, long-term impacts of the 1969–84 KIP programme, which provided basic upgrades to 5 million residents covering 25% of land in Jakarta, Indonesia. We assemble high-resolution data on programme boundaries and 2015 outcomes and address programme selection bias through localized comparisons. On average, KIP areas today have lower land values, shorter buildings, and are more informal, per a photographs-based slum index. The negative effects are concentrated within 5 km of the CBD. We develop a spatial equilibrium model to characterize the welfare implications of KIP. Counterfactuals suggest that 79% of the welfare effects stem from removing KIP in the centre and highlight how to mitigate losses to displaced residents."
Review of Economic Studies,econ,https://openalex.org/W4415322950,https://doi.org/10.1093/restud/rdaf092,To Own or to Rent? The Effects of Transaction Taxes on Housing Markets,2025-10-17,Lu Han; L. Rachel Ngai; Kevin D. Sheedy,2,"Abstract Using sales and leasing data, this paper finds three novel effects of a higher property transaction tax: higher buy-to-rent transactions alongside lower buy-to-own transactions despite both being taxed, a lower sales-to-leases ratio, and a lower price-to-rent ratio. This paper explains these facts by developing a search model with entry of investors and households, households choosing to own or rent in the presence of credit frictions, and homeowners deciding when to move house. A higher transaction tax reduces homeowners’ mobility and increases demand for rental properties, which explains the empirical facts and leads to a lower homeownership rate. The deadweight loss is large at 111% of tax revenue, with more than half of this due to distorting decisions to own or rent."
Review of Economic Studies,econ,https://openalex.org/W4416059176,https://doi.org/10.1093/restud/rdaf096,Demand Stimulus as Social Policy,2025-11-06,Alan J. Auerbach; Yuriy Gorodnichenko; Daniel M. Murphy,0,"Abstract We exploit a panel of city-level data with rich demographic information to estimate the distributional effects of Department of Defense spending and its effects on a range of social outcomes. The income and employment generated by defence spending accrue predominantly to households without a bachelor's degree. These households as well as Black and Hispanic households tend to disproportionately benefit from this spending. Defence spending also promotes a range of beneficial social outcomes that are often targeted by government programs, including reductions in poverty, divorce rates, disability rates, and mortality rates, as well as increases in homeownership rates, health insurance rates, and occupational prestige. We compare the effects of defence spending with the effects of general demand shocks and explore reasons for the differential effects of the shocks."
Review of Economic Studies,econ,https://openalex.org/W4416093211,https://doi.org/10.1093/restud/rdaf094,Taxes Depress Corporate Borrowing: Evidence from Private Firms,2025-11-07,Ivan Ivanov; Luke Pettit; Toni M. Whited,1,"Abstract We use variation in state corporate income tax rates to re-examine the relation between taxes and corporate leverage. Contrary to prior research, corporate leverage rises after tax cuts for small private firms. An estimated dynamic equilibrium model shows that tax cuts make capital more productive and spur the use of leverage. Tax cuts also produce more distant default thresholds and lower credit spreads. These effects outweigh the lower interest tax deduction and lead to higher optimal leverage choices, especially for firms with flexible investment policies. The presence of the interest tax deduction raises consumer welfare in equilibrium."
Review of Economic Studies,econ,https://openalex.org/W4306194554,https://doi.org/10.1093/restud/rdaf091,"Structural Change, Land Use and Urban Expansion",2025-11-07,Nicolas Coeurdacier; Florian Oswald; Marc Teignier,3,"Abstract How do cities grow in the process of structural transformation? To answer this question, we develop a multi-sector spatial equilibrium model with endogenous land use: land is used either for agriculture or housing. Urban land, densely populated due to commuting frictions, expands out of agricultural land. With low productivity and high subsistence needs, farmland is expensive, households cannot afford large homes and cities are very dense. Increasing productivity reallocates factors away from agriculture, freeing up land for urban expansion and limiting the increase in land values despite higher income and urban population. With the area of cities growing faster than urban population, urban density can persistently decline, as in the data over a long period. The quantitative evaluation calibrated to historical data assembled for France over 180 years explains a large fraction of the joint evolution of urban areas, population density and land values across time and space."
Review of Economic Studies,econ,https://openalex.org/W4416383267,https://doi.org/10.1093/restud/rdaf097,"Diversification, Market Entry, and the Global Internet Backbone",2025-11-08,El Hadi Caoui; Andrew Steck,0,"Abstract In many industries, buyers diversify their supplier base to manage supplier disruption risk. We investigate the importance of such diversification as a determinant of demand and supplier entry in the context of the internet backbone, the worldwide network of undersea fibre-optic cables that underpins the internet. We specify a model of international bandwidth demand and cable operators’ dynamic entry and supply choices. The model is estimated using novel data on cross-border data flows, prices, cable characteristics, and disruptions. Counterfactual analysis reveals that supplier diversification accounts for a large share of entry and surplus created between 2005 and 2021. Relative to the socially optimal level of entry, distortions due to suppliers’ inability to capture fully the social benefits of diversity are as large as distortions due to business stealing."
Review of Economic Studies,econ,https://openalex.org/W4416398014,https://doi.org/10.1093/restud/rdaf099,Life-Cycle Wages and Human Capital Investments: Selection and Missing Data,2025-11-19,Laurent Gobillon; Thierry Magnac; Sébastiên Roux,0,"Abstract We derive wage equations with individual-specific coefficients from a structural model of human capital investment over the life-cycle. This model allows for interruptions in labour market participation and deals with missing data and attrition problems. We propose a new framework that deals with missingness at random and is based on factor decompositions that allow for flexible control of selection. Our approach leads to an interactive effect wage specification, which we estimate using long administrative panel data on male wages in the private sector in France. A structural function approach shows that interruptions negatively affect average wages. Interestingly, they also negatively affect the inter-decile range of wages after twenty years. This is only partly due to the fact that interruptions are endogenous."
Review of Economic Studies,econ,https://openalex.org/W4416736956,https://doi.org/10.1093/restud/rdaf095,All Along the Watchtower: Military Landholders and Serfdom Consolidation in Early Modern Russia,2025-11-27,Andrea Matranga; Timur Natkhov,1,"Abstract This article examines the emergence of coercive labour institutions using the case of serfdom in early modern Russia. We argue that serfdom consolidated under the pressure of landholding military elites who gained political influence due to the prolonged struggle with steppe nomads. To contain nomadic raids, the Russian state erected defence lines on the southern frontier, and granted land in the area to soldiers in charge of its defence. The soldiers could not farm while on defence duty, nor could they compete in the market for peasant labour, as the land had been selected for its defensive rather than agricultural value. The system was therefore only sustainable by restricting labour mobility. In response to the volume of landholders’ collective petitions, the Russian state gradually tied peasants to the land and institutionalized serfdom in the written law. Using newly digitized population data from the 17th century, we show a higher prevalence of serfs and military landholders in districts on the defence line. We also find a higher prevalence of small estates—up to 25 serf households—sufficient to support a soldier and his family. Placebo tests show that these patterns do not hold for non-serf peasants, or for merchants and artisans. To ensure causality, we develop a novel algorithm that reconstructs the optimal invasion routes for nomads and pinpoints the optimal location of the defence line using topographic data. Our results highlight the primacy of political economy factors over purely economic ones, such as the land–labour ratio or the grain trade, in the development of serfdom. This sheds new light on the possible mechanisms of institutional divergence between Eastern and Western Europe in the early modern period."
Review of Economic Studies,econ,https://openalex.org/W4416783170,https://doi.org/10.1093/restud/rdaf100,Firm Quality Dynamics and the Slippery Slope of Credit Intervention,2025-11-27,Wenhao Li; Ye Li,0,"Abstract A salient trend in crisis intervention has emerged in recent decades: government and central banks have offered funding directly to nonfinancial firms, bypassing banks and other credit intermediaries. We analyse the long-term consequences of such policies by focussing on firm quality dynamics. In a laissez-faire economy, firms with high productivity are more likely to survive crises than those with low productivity. The government funding support saves more firms but cannot be customized based on firm productivity, dampening the cleansing effect of crises. The policy distortion is self-perpetuating: a downward bias in the firm quality distribution necessitates larger interventions in future crises. Our mechanism is quantitatively important: we show that if policymakers ignore such distortionary effects on firm quality dynamics, the resultant credit intervention would almost double the optimal amount."
Review of Economic Studies,econ,https://openalex.org/W4416892686,https://doi.org/10.1093/restud/rdaf101,Choice and Opportunity Costs,2025-11-28,Paola Manzini; Marco Mariotti; Levent Ülkü,0,"Abstract We define the (physical) opportunity cost of a choice x as the alternative that would be chosen if x were not available, and the opportunity cost of any unchosen alternative as x itself. The agent has preferences over pairs consisting of alternatives and their opportunity costs. Because costs affect choice and vice-versa, choice results from an intrapersonal equilibrium rather than from simple maximisation. In spite of significant rationality assumptions, the resulting behaviour can be highly non-standard, allowing intransitive choices. Rational utility maximisation is ensured by an additional new consistency condition on preferences. However, we argue that the maximised utility cannot be straightforwardly interpreted as a welfare relevant “revealed preference”. A generalisation of our model accommodates additional departures from standard rationality in the form of menu effects."
Review of Economic Studies,econ,https://openalex.org/W7117772638,https://doi.org/10.1093/restud/rdaf103,A Robust Test for Weak Instruments for 2SLS with Multiple Endogenous Regressors,2025-12-20,Daniel J Lewis; Karel Mertens,2,"Abstract We develop a test for instrument strength based on the bias of two-stage least squares (2SLS) that (1) generalizes Stock and Yogo’s and Sanderson and Windmeijer’s tests to be robust to heteroskedasticity and autocorrelation, and (2) extends Montiel Olea and Pflueger’s robust test for models with a single endogenous regressor to multiple endogenous regressors. Our test can be based either on an absolute bias criterion or on the 2SLS bias relative to a worst-case benchmark. We also develop extensions to test whether weak instruments cause bias in individual 2SLS coefficients. In simulations, our test controls size and is powerful, and we provide efficient code packages for its practical implementation. We demonstrate our testing procedures in the context of the estimation of state-dependent fiscal multipliers, following recent leading estimates."
Review of Economic Studies,econ,https://openalex.org/W7117138024,https://doi.org/10.1093/restud/rdaf104,Bridges,2025-12-20,Anna Tompsett,0,"Abstract Bridges are critical but sparse links in land transport networks. I exploit quasi-experimental variation in bridge construction over major rivers in the U.S. to measure the causal effects of land transport infrastructure. Bridges are more often built upstream than downstream of tributary confluences—where smaller rivers join larger rivers—generating local differences in connectivity. Local connectivity advantages have negative effects on per capita income. In contrast, more substantial changes in connectivity arising from the opening of major bridges increase per capita economic activity. A narrative explanation that can reconcile both results is that land transport infrastructure creates productivity advantages that drive economic growth, structural transformation, and urbanization over large spatial scales, but local sorting within the cities that form around early transport routes then reverses this gradient over smaller spatial scales."
Review of Economic Studies,econ,https://openalex.org/W7117235482,https://doi.org/10.1093/restud/rdaf105,Costly Multidimensional Screening,2025-12-22,Frank Yang,0,"Abstract A screening instrument is costly if it is socially wasteful and productive otherwise. A principal screens an agent with multidimensional private information and quasilinear preferences that are additively separable across two components: a one-dimensional productive component and a multidimensional costly component. Can the principal improve upon simple one-dimensional mechanisms by also using the costly instruments? We show that if the agent has preferences between the two components that are positively correlated in a suitably defined sense, then simply screening the productive component is optimal. The result holds for general type and allocation spaces, and allows for nonlinear and interdependent valuations. We discuss applications to monopoly pricing, bundling, and labour market screening."
Review of Economic Studies,econ,https://openalex.org/W7117135616,https://doi.org/10.1093/restud/rdaf107,Bank Information Production Over the Business Cycle,2025-12-23,Cooper Howesy; Gregory Weitznerz,1,"Abstract The information banks produce drives their lending decisions and macroeconomic outcomes, but this information is inherently difficult to analyse because it is private. We construct a novel measure of bank information quality from confidential regulatory data that include banks’ private risk assessments for US corporate loans. Information quality improves as local economic conditions deteriorate, particularly for new loans, large loans, and loans with higher expected losses. Information quality also declines during periods of rapid local house price appreciation. Our results provide empirical support for theories of countercyclical information production in credit markets."
Review of Economic Studies,econ,https://openalex.org/W7117134021,https://doi.org/10.1093/restud/rdaf109,"Devaluations, Deposit Dollarization, and Household Heterogeneity",2025-12-23,Francesco Ferrante; Nils Gornemann,0,"Abstract We study the aggregate and redistributive effects of currency devaluations in a small open economy model with leverage-constrained banks and heterogeneous households. Our framework captures three stylized facts about financial dollarization in emerging economies: (1) a sizable share of domestic deposits is denominated in foreign currency; (2) these deposits represent significant foreign currency liabilities for local banks; and (3) dollar deposits are mainly held by wealthier households. A devaluation increases the real burden of foreign currency debt, causing an erosion of banks’ net worth, which depresses credit supply and economic activity. While richer households are partially insulated through their dollar deposits, poorer households cut consumption sharply in response to rising borrowing costs and falling real labor income. In our model deposit, dollarization amplifies the contractionary effects of a devaluation on output, investment, and consumption, in line with new empirical evidence for emerging economies. To achieve this result, both constrained intermediaries and heterogeneous households are crucial. In our framework, regulating dollarization can result in widespread welfare gains, especially for poorer households."
Review of Economic Studies,econ,https://openalex.org/W7117143716,https://doi.org/10.1093/restud/rdaf108,Inflation Risk and the Finance-Growth Nexus,2025-12-23,Alexandre Corhay; Jincheng Tong,0,"Abstract When firms finance using long-term nominal debt issued by financial intermediaries, changes in expected inflation lead to a wealth transfer across sectors. Higher expected inflation decreases firms’ real liabilities and default risk, which helps reduce debt overhang. However, it hurts intermediaries’ real assets, leading to a contraction in credit supply. We theoretically demonstrate that intermediary financing conditions play a key role in the transmission of nominal shocks, influencing the premium investors require for bearing inflation risk. We provide empirical evidence supporting our novel inflation transmission mechanism and connect our findings to the banking stress of 2023. We also show that Taylor rules responding to both financial and real variables can help stabilise our economy."
Review of Economic Studies,econ,https://openalex.org/W3140303326,https://doi.org/10.1093/restud/rdaf098,Markups Across Space and Time,2025-12-28,Eric T. Anderson; Sérgio Rebelo; Arlene Wong,1,"Abstract In this article, we provide direct evidence on the behaviour of markups in the retail sector across space and time. Markups are measured using gross margins. We consider three levels of aggregation: the retail sector as a whole, the firm, and the product level. We find that: (1) markups are relatively stable over time and mildly procyclical; (2) there is a large regional dispersion in markups; (3) there is a positive cross-sectional correlation between local income and local markups; and (4) differences in markups across regions result from differences in the assortment of goods sold in different regions, not from deviations from uniform pricing. We propose a simple model consistent with these facts."
Review of Economic Studies,econ,https://openalex.org/W7117558877,https://doi.org/10.1093/restud/rdaf106,The Economics of Equilibrium with Indivisible Goods,2025-12-29,Ravi Jagadeesan; Alexander Teytelboym,0,"Abstract This paper develops a theory of competitive equilibrium with indivisible goods based entirely on economic conditions on demand. The key idea is to analyze complementarity and substitutability between bundles of goods, rather than merely between goods themselves. This approach allows us to formulate sufficient and essentially necessary conditions for equilibrium existence—which unify settings with complements and settings with substitutes. Our analysis has implications for auction design."
Review of Financial Studies,finance,https://openalex.org/W4406213183,https://doi.org/10.1093/rfs/hhaf001,Unmasking Mutual Fund Derivative Use,2025-01-09,Ron Kaniel; Pingle Wang,11,"Abstract Using new SEC data, we study fund derivative use and its impact on performance. Despite small portfolio weights, derivatives contribute largely to fund returns. Contrary to prior research, we find most employ derivatives to amplify, not hedge, equity returns. Using machine learning to classify funds’ derivative strategies reveals high specializations linked to information-related trading, liquidity management, gaining exposure, or hedging motives. Long index derivative users drive the amplification. During COVID-19, these users significantly increased derivative use more than others and shifted strategies, but initially lost on existing positions and then on newly opened short positions when markets unexpectedly rebounded."
Review of Financial Studies,finance,https://openalex.org/W4406634541,https://doi.org/10.1093/rfs/hhaf004,Build or Buy? Human Capital and Corporate Diversification,2025-01-21,Paul M. Beaumont; Camille Hébert; Victor Lyonnet,4,"Abstract Firms enter new sectors by either building on their resources or buying existing companies. Using French administrative data, we propose a measure of human capital distance between a firm and a sector of entry. Using a shift-share instrument, we show that firms build in close sectors and buy in distant sectors in terms of human capital distance. Firms build by hiring new workers, which becomes increasingly costly in distant sectors as it requires not only hiring more workers but also having more organizational capital to integrate these workers. Hence, firms buy in distant sectors to acquire already operational human capital."
Review of Financial Studies,finance,https://openalex.org/W4406799277,https://doi.org/10.1093/rfs/hhaf007,Financing Infrastructure in the Shadow of Expropriation,2025-01-24,Viral V. Acharya; Cecilia Parlatore; Suresh Sundaresan,2,"Abstract We examine the optimal financing of infrastructure when governments can expropriate rents from private sector firms that manage infrastructure. While private firms need incentives to implement projects well, governments need incentives to limit expropriation. This double moral hazard limits the willingness of outside investors to fund infrastructure projects. Optimal financing contracts involve government guarantees to investors against project failure to incentivize the government to agree not to expropriate, thus improving private sector incentives and project quality. The contract also reflects several other features prevalent in infrastructure financing in practice, among which are government coinvestment, tax subsidies, and development rights."
Review of Financial Studies,finance,https://openalex.org/W4406822399,https://doi.org/10.1093/rfs/hhae089,The Fed and the Secular Decline in Interest Rates,2025-01-25,Sebastian Hillenbrand,13,Abstract This paper documents a striking fact: a narrow window around Fed meetings captures the entire secular decline in U.S. Treasury yields. Yield movements outside this window are transitory and wash out over time. This is surprising because the forces behind the secular decline are thought to be independent of monetary policy. Long-term bond yields decline when the Fed cuts the short rate and when the Fed lowers its long-run forecast of the federal funds rate (the “dot plot”). These results are consistent with the view that Fed announcements provide guidance about the long-run path of interest rates.
Review of Financial Studies,finance,https://openalex.org/W4407050548,https://doi.org/10.1093/rfs/hhaf009,The Financial Consequences of Pretrial Detention,2025-01-27,Pablo Slutzky; Sheng-Jun Xu,0,"Abstract In the United States, a significant number of criminal defendants are held in pretrial detention and face substantial financial burdens. Matching individual-level criminal case records to household-level financial data, we exploit the quasi-random assignment of court commissioners to study how pretrial detention affects household solvency. We find that pretrial detention results in higher rates of household insolvency, driven by higher rates of chapter 7 bankruptcies and judgment liens, and higher foreclosure rates during periods of decreasing house prices. We document that the effects spill over to family members and show that home equity can cushion households from insolvency."
Review of Financial Studies,finance,https://openalex.org/W4406984903,https://doi.org/10.1093/rfs/hhaf008,Effects of Credit Expansions on Stock Market Booms and Busts,2025-01-30,Christopher Hansman; Harrison Hong; Wenxi Jiang; Yu‐Jane Liu; Juanjuan Meng,1,"Abstract There is causal evidence that mortgage credit expansions increase house prices. Does an expansion of margin lending increase stock prices? Because unconstrained arbitrageurs are more important for pricing stocks than homes, the impact is not obvious. Tests are limited because sizable shocks to margin lending are rare. We examine a major Chinese margin-lending expansion between 2010 and 2015. Institutional holding, regression discontinuity, and event study evidence—exploiting the rollout of margin lending across stocks—shows that arbitrageurs anticipated and bought in advance of a significant causal effect of credit. We develop a model to rationalize our findings. Our estimates suggest that margin debt contributes to stock market fluctuations."
Review of Financial Studies,finance,https://openalex.org/W4406925094,https://doi.org/10.1093/rfs/hhaf003,Retraction of: Mortgage Finance and Climate Change: Securitization Dynamics in the Aftermath of Natural Disasters,2025-01-30,,0,
Review of Financial Studies,finance,https://openalex.org/W4407066186,https://doi.org/10.1093/rfs/hhae088,"Return Predictability, Expectations, and Investment: Experimental Evidence",2025-01-31,Marianne Andries; Milo Bianchi; Karen Huynh; Sébastien Pouget,2,"Abstract In an investment experiment, we show variations in information affect beliefs and decision-making within the information-beliefs-decisions chain. Subjects observe the time series of a risky asset and a signal that, in random rounds, helps predict returns. Subjects form extrapolative forecasts following a signal they perceive as useless, and their investment decisions underreact to their beliefs. If the same subjects perceive the signal as predictive, they rationally use it in their forecasts, they no longer extrapolate, and they rely significantly more on their forecasts when making risk allocations. Analyzing investments without observing forecasts and information sets leads to erroneous interpretations."
Review of Financial Studies,finance,https://openalex.org/W4407393827,https://doi.org/10.1093/rfs/hhaf010,How to Dominate the Historical Average,2025-02-12,Kai Li; Yingying Li; C. Felicia Lyu; Jialin Yu,3,"Abstract We present a novel methodology for the out-of-sample forecast of the equity premium. Our predictive slope coefficient is a conservative constant that has a lower bias than the zero slope employed by the historical average, but has the same variance. We demonstrate that, theoretically and empirically, our method dominates the historical average in forecast performance. Our methodology establishes a simple yet powerful paradigm for exploiting the real-time equity premium predictability derived from a predictor. Applications of our method reveal that many predictors can forecast the equity premium, and that parameter estimates in previous studies add value to out-of-sample forecasts."
Review of Financial Studies,finance,https://openalex.org/W3124648497,https://doi.org/10.1093/rfs/hhae080,The Impact of the Opioid Crisis on Firm Value and Investment,2025-02-14,Paige Ouimet; Elena Simintzi; Kailei Ye,10,"Abstract We show a negative effect of opioid prescriptions on subsequent individual employment among employers in our sample using doctor-opioid-prescribing propensity as our instrument. This finding has implications for firms that must now contend with lower local labor supply. We find a negative relationship between opioid prescriptions and subsequent establishment growth. However, firms respond to labor shortages by investing more in technology, replacing the relatively scarcer labor with capital, especially when they are not financially constrained. We find positive abnormal returns, upon the passage of state laws intended to limit opioid prescriptions, that are driven by firms more reliant on labor."
Review of Financial Studies,finance,https://openalex.org/W4408141513,https://doi.org/10.1093/rfs/hhaf011,Real Effects of Centralized Markets: Evidence from Steel Futures,2025-02-25,Thorsten Martin,3,"Abstract I study the real effects of centralized derivative markets using the staggered introduction of futures contracts for different steel products in the United States. Employing a difference-in-differences strategy, I find that the arrival of centralized futures markets improves price transparency and risk management in the underlying product market: price dispersion decreases and steel producers increase their hedging activity. Moreover, market share is reallocated toward low-cost producers, while product prices, producers’ profits, and valuations decrease. Overall, the results indicate that centralized futures markets foster competition in the product market."
Review of Financial Studies,finance,https://openalex.org/W4408141491,https://doi.org/10.1093/rfs/hhaf012,Does Finance Benefit Society? A Language Embedding Approach,2025-02-27,Manish Jha; Hongyi Liu; Asaf Manela,8,Abstract We measure popular sentiment toward finance by applying a large language model to millions of books published in eight countries over hundreds of years. We extensively validate this measure both internally and externally. We document persistent differences in finance sentiment across countries despite ample time-series variation. Books written in the languages of more capitalist countries discuss finance in a more positive context. Finance sentiment is correlated with survey-based measures of financial market participation and income inequality. Finance sentiment declines one year before rather than after financial crises. Positive shocks to finance sentiment are followed by higher output and credit growth.
Review of Financial Studies,finance,https://openalex.org/W4408212578,https://doi.org/10.1093/rfs/hhaf015,Digital Tokens and Platform Building,2025-02-28,Jiasun Li; William Mann,15,"Abstract We present a model rationalizing the economic value of digital tokens for launching peer-to-peer platforms. By using the blockchain to transparently distribute tokens before the platform launches, a token sale overcomes later coordination failures between the platform’s users. This result follows from forward induction reasoning, under which the costly and observable action of token acquisition credibly communicates the intent to participate on the platform. Our framework demonstrates the applications of digital tokens to entrepreneurship, and offers guidance for both practitioners and regulators."
Review of Financial Studies,finance,https://openalex.org/W4408158538,https://doi.org/10.1093/rfs/hhaf013,Proof-of-Work versus Proof-of-Stake: A Comparative Economic Analysis,2025-03-01,Kose John; Thomas J Rivera; Fahad Saleh,11,"Abstract We develop an economic model to compare equilibrium security of Proof-of-Work (PoW) versus Proof-of-Stake (PoS) blockchains. We derive general conditions to determine when PoW blockchains are more secure than otherwise equivalent PoS blockchains and vice versa. Applying real-world parameter values to these conditions, we demonstrate that PoS blockchains are more secure than otherwise equivalent PoW blockchains. Furthermore, we demonstrate that PoS’s security advantage over PoW is particularly salient for high-scale blockchains."
Review of Financial Studies,finance,https://openalex.org/W4408389203,https://doi.org/10.1093/rfs/hhaf017,In Safe Hands: The Financial and Real Impact of Investor Composition over the Credit Cycle,2025-03-03,Antonio Coppola,34,"Abstract I show that investor composition affects bond price dynamics and capital allocation during crises. Using large-scale holdings data and within-firm ownership variation across near-identical bonds, I causally identify bond returns’ investor composition elasticities. Corporate bonds held predominantly by insurers rather than mutual funds suffer milder losses in downturns: increasing insurer holdings by half a bond’s size causes 20% shallower drawdowns. A shift-share instrument isolates variation from large insurers’ idiosyncratic primary-market allocations. Differences in intermediaries’ liability structures drive these results, which hold across countries. During crises, firms with more stable bondholders maintain higher borrowing at lower cost and invest more."
Review of Financial Studies,finance,https://openalex.org/W4408140690,https://doi.org/10.1093/rfs/hhaf006,Investor Memory,2025-03-03,Katrin Gödker; Peiran Jiao; Paul Smeets,13,"Abstract We provide experimental evidence of a positive memory bias that affects individuals’ beliefs, decisions to reinvest, and overconfidence in the stock market. Individuals overremember positive investment outcomes of chosen assets and underremember negative ones. Based on their memories, subjects form overly optimistic beliefs about their investment, reinvest too much, and become overconfident about their investment ability relative to others. We further provide evidence on motivation driving the memory bias. This positive memory bias offers a cognitive microfoundation for why gains weight more than losses when people learn from experiences. This helps reconcile various stylized facts in investor beliefs and behavior."
Review of Financial Studies,finance,https://openalex.org/W4408212574,https://doi.org/10.1093/rfs/hhaf014,Social Connectedness in Bank Lending,2025-03-07,Oliver Rehbein; Simon Rother,8,"Abstract We present evidence that loan allocations and loan terms are closely linked to the strength of social connections between bank and borrower regions. Lending increases with social connectedness, particularly in the presence of strong screening incentives. If connectedness is high, banks discriminate between borrowers more, the terms of originated loans are more borrower friendly, and loan performance is better. Furthermore, social connectedness is associated with higher bank profitability and with lending-related increases in borrower-region GDP growth and employment. Our results suggest that lending barriers decrease with social connectedness, which helps our understanding of geographic lending patterns and regional economic disparities."
Review of Financial Studies,finance,https://openalex.org/W4408389023,https://doi.org/10.1093/rfs/hhaf016,Common Pricing of Decentralized Risk: A Linear Option Pricing Model,2025-03-13,Liuren Wu; Yuzhao Zhang,4,"Abstract This paper proposes a top-down linear option pricing model that unifies the pricing of different option contracts not by assuming common dynamics but by imposing common pricing on each risk source in proportion to decentralized risk estimates. The model generates significantly better pricing performance than existing bottom-up models. Its high-dimensional risk structure effectively explains the options return variation, allowing for the seamless integration of option pricing with risk management. The market price of risk estimate from the model strongly predicts the future excess return of the corresponding risk-targeting option portfolio, an important dimension of attribute completely absent from prior literature."
Review of Financial Studies,finance,https://openalex.org/W4408447074,https://doi.org/10.1093/rfs/hhaf005,"Uncertainty, Contracting, and Beliefs in Organizations",2025-03-14,David L. Dicks; Paolo Fulghieri,2,"Abstract We study the impact of uncertainty on optimal contracting in a multidivisional firm. Headquarters contract with division managers to induce effort. Uncertainty creates endogenous disagreement, thereby aggravating moral hazard. By hedging uncertainty, headquarters design incentive contracts that reduce disagreement and lower incentive provision costs, thereby promoting effort. Because hedging uncertainty can conflict with hedging risk, optimal contracts differ from those in standard principal-agent models. Our model helps explain the prevalence of equity-based incentive contracts and the rarity of relative-performance contracts, especially in firms facing greater uncertainty."
Review of Financial Studies,finance,https://openalex.org/W4408567648,https://doi.org/10.1093/rfs/hhaf002,"Bail-Ins, Optimal Regulation, and Crisis Resolution",2025-03-18,Christopher Clayton; Andreas Schaab,2,"Abstract We develop a tractable dynamic contracting framework to study bank bail-in regimes. In the presence of a repeated monitoring problem, the optimal bank capital structure combines standard debt, which induces liquidation and provides strong incentives, and bail-in debt, which restores solvency but provides weaker incentives. Given fire sales, an optimal policy response entails joint regulation: a bail-in regime reduces standard debt while leverage regulation reduces total debt. Bail-ins replace bailouts as a recapitalization tool."
Review of Financial Studies,finance,https://openalex.org/W4409120901,https://doi.org/10.1093/rfs/hhaf020,Earnings Extrapolation and Predictable Stock Market Returns,2025-03-29,Hongye Guo,5,"Abstract The U.S. stock market’s return during the first month of a quarter correlates strongly with returns in future months, but the correlation is negative if the future month is the first month of a quarter, and positive if it isn’t. These correlations offset, consistent with the well-known near-zero unconditional autocorrelation, yet they are pervasive, present across industries and countries. The pattern accords with a model in which investors extrapolate announced earnings to predict future earnings, not recognizing that earnings in the first month of a quarter are discretely less predictable than in prior months. Survey data support the model."
Review of Financial Studies,finance,https://openalex.org/W4409120899,https://doi.org/10.1093/rfs/hhaf019,Speculating on Higher-Order Beliefs,2025-03-31,Paul Schmidt-Engelbertz; Kaushik Vasudevan,3,"Abstract Higher-order beliefs—beliefs about others’ beliefs—may be important for trading behavior and asset prices but have received little systematic empirical examination. Examining more than 20 years of evidence from the Robert Shiller Investor Confidence surveys, we find that investors’ higher-order beliefs provide substantial motivations for nonfundamental speculation—taking a stock market position that conflicts with one’s valuation of the market. To explore the equilibrium implications, we construct a model that matches the survey evidence and highlights that investors’ higher-order beliefs amplify stock market overreaction and excess volatility."
Review of Financial Studies,finance,https://openalex.org/W4409174932,https://doi.org/10.1093/rfs/hhaf022,Weak Identification of Long Memory with Implications for Volatility Modeling,2025-04-03,Jia Li; Peter C.B. Phillips; Shuping Shi; Jun Yu,5,"Abstract This paper explores implications of weak identification in common ‘long memory’ and recent ‘rough’ approaches to modeling volatility dynamics of financial assets. We unveil an asymptotic near-observational equivalence between a long memory model with weak autoregressive dynamics and a rough model with a near-unit autoregressive root. Standard methods struggle to distinguish them, and conventional asymptotics are invalid. We propose an identification-robust approach to construct confidence sets that reveal the uncertainty and aid inference. Empirical studies based on realized volatility and trading volume often fail to statistically reject either model, thereby providing evidence of their potential coexistence."
Review of Financial Studies,finance,https://openalex.org/W4409289847,https://doi.org/10.1093/rfs/hhaf021,Income Shifting out of the United States by Foreign Multinational Firms,2025-04-09,James F. Albertus,1,"Abstract I find that foreign multinational firms engage in tax-motivated income shifting out of the United States. The analysis uses novel data on foreign-owned U.S. subsidiaries as well as variation in foreign countries’ tax rates and controlled foreign corporation rules. Foreign multinational firms primarily rely on tax-motivated transfer pricing to shift income out of the United States, and the aggregate amount of shifted income is modest. When foreign tax policy changes inhibit income shifting, foreign-owned U.S. subsidiaries’ investment and employment fall. The results indicate that the U.S. economy has limited exposure to tax policies set abroad through foreign direct investment in the United States."
Review of Financial Studies,finance,https://openalex.org/W4409517509,https://doi.org/10.1093/rfs/hhaf023,"An Equilibrium Model of Imperfect Hedging: Transaction Costs, Heterogeneity in Risk Aversion, and Return Volatility",2025-04-16,Mark A. Loewenstein; Zhenjiang Qin,1,"Abstract Financial transaction taxes, or generally transaction costs, are salient in derivatives markets and seldom studied in equilibrium models. We study a tractable model with proportional transaction costs where agents trade a derivative with nonlinear payoffs to hedge nontraded endowments. We show that trade is sustained in an equilibrium with transaction costs only if there is sufficient heterogeneity in risk aversion. When there is trade, the equilibrium return variance increases in transaction costs. These results are driven by how mean-variance demands, hedging demands, and asymmetry of no-transaction region widths determine the equilibrium Sharpe ratio and return volatility when transaction costs change."
Review of Financial Studies,finance,https://openalex.org/W4409559107,https://doi.org/10.1093/rfs/hhaf024,Nonbank Lending and Credit Cyclicality,2025-04-17,Quirin Fleckenstein; Manasa Gopal; Germán Gutiérrez; Sebastian Hillenbrand,5,"Abstract We study the contribution of banks and nonbanks to cyclical fluctuations in the supply of syndicated loans. We find that a reduction in nonbank lending explains most of the contraction in syndicated credit and the associated employment losses during the Global Financial Crisis, while banks’ contribution is small. Looking over multiple cycles, we find nonbanks’ credit supply is roughly three times as cyclical as banks’, suggesting that nonbanks are the main drivers of syndicated lending cycles. A model in which government support stabilizes bank funding can explain the higher cyclicality of nonbanks."
Review of Financial Studies,finance,https://openalex.org/W4409589125,https://doi.org/10.1093/rfs/hhaf025,"Hedging, Contract Enforceability, and Competition",2025-04-18,Erasmo Giambona; Anil Kumar; Gordon M. Phillips,2,"Abstract We study how risk management through hedging affects firms and competition among firms in the life insurance industry, an industry with over 7 trillion in assets and over 1,000 private and public firms. We examine firms after a staggered state-level reform that reduces the costs of hedging by granting derivatives superpriority in case of insolvency. We show that firms that are likely to face costly external finance increase hedging and reduce risk and the probability of receivership. Firms that are likely to face costly external finance also lower prices, increase policy sales, and increase their market share post-reform."
Review of Financial Studies,finance,https://openalex.org/W4409737449,https://doi.org/10.1093/rfs/hhaf026,The Effects of Going Public on Firm Profitability and Strategy,2025-04-24,Borja Larraín; Gordon M. Phillips; Giorgo Sertsios; Francisco Urzúa I.,9,"Abstract We study the effects of going public using a unique panel of firms in 16 European countries for which we observe financial data before and after initial public offering (IPO) attempts. We compare completed and withdrawn IPO attempts. We instrument the decision to complete the IPO using prior market returns. After instrumenting, we isolate a positive causal effect of going public on profitability. We also find a post-IPO expansion in sales per employee, subsidiaries, and countries in which firms operate. Overall, our results are consistent with going public relaxing financial constraints and inducing a shift in strategy towards increased commercialization."
Review of Financial Studies,finance,https://openalex.org/W4409886393,https://doi.org/10.1093/rfs/hhaf029,Political Sentiment and Innovation: Evidence from Patenters,2025-04-28,Joseph Engelberg; Runjing Lu; William Mullins; Richard Townsend,0,"Abstract We document political sentiment effects on U.S. inventors. Democratic inventors are more likely to patent (relative to Republicans) after the 2008 election of Obama but less likely after the 2016 election of Trump. These effects are at least twice as strong among politically active Democrats and are present even within firms and within firm$ \times $technology. We also show that partisans tend to cluster in technologies (e.g., Democrats in Biotechnology and Republicans in Weapons), so that sentiment effects aggregate to more patents in the technologies dominated by the winning party."
Review of Financial Studies,finance,https://openalex.org/W4410191795,https://doi.org/10.1093/rfs/hhaf030,Near-Rational Equilibria in Heterogeneous-Agent Models: A Verification Method,2025-05-03,Leonid Kogan; Indrajit Mitra,0,"Abstract We propose a general simulation-based procedure for estimating the quality of approximate policies in heterogeneous-agent equilibrium models, which allows us to verify that such approximate solutions describe a near-rational equilibrium. Our procedure endows agents with superior knowledge of the future path of the economy, while imposing a suitable penalty for such foresight. The relaxed problem is more tractable than the original, and results in an upper bound on agents’ welfare. Our method applies to various solution algorithms. We illustrate our approach in two applications: the incomplete-markets model of Krusell and Smith (1998) and the heterogeneous firm model of Khan and Thomas (2008)."
Review of Financial Studies,finance,https://openalex.org/W4410286528,https://doi.org/10.1093/rfs/hhaf031,Who Holds Sovereign Debt and Why It Matters,2025-05-12,Xiang Fang; Bryan Hardy; Karen K. Lewis,3,"Abstract This paper studies whether investor composition affects the sovereign debt market. We construct a data set of sovereign debt holdings by foreign and domestic bank, nonbank private and official investors for 101 countries across three decades. Compared with other investors, private nonbank investors absorb a disproportionate share of the debt supply, and their demand for emerging market debt is most price responsive. A counterfactual analysis of emerging market sovereigns shows a 10% increase in debt leads to a 5.8% yield increase but an outsized 8.4% increase without nonbank investors. We conclude that sovereigns are vulnerable to the loss of nonbanks."
Review of Financial Studies,finance,https://openalex.org/W4410419679,https://doi.org/10.1093/rfs/hhaf034,Steering a Ship in Illiquid Waters: Active Management of Passive Funds,2025-05-15,Naz Koont; Yiming Ma; Ľuboš Pástor; Yao Zeng,8,"Abstract Exchange-traded funds (ETFs) are typically viewed as passive index trackers. In contrast, we show that corporate bond ETFs actively manage their portfolios, trading off index tracking against liquidity transformation. In our model, ETFs optimally choose creation and redemption baskets that include cash and only a subset of index assets, especially if those assets are illiquid. Our evidence supports the model. We find that ETFs dynamically adjust their baskets to correct portfolio imbalances while facilitating ETF arbitrage. Basket inclusion improves bond liquidity in general, but worsens it in periods of large imbalance between creations and redemptions, such as the COVID-19 crisis."
Review of Financial Studies,finance,https://openalex.org/W4410560691,https://doi.org/10.1093/rfs/hhaf033,Learning to Disclose: Disclosure Dynamics in the 1890s Streetcar Industry,2025-05-21,Thomas Bourveau; Matthias Breuer; Robert Stoumbos,3,"Abstract We study the influence of bounded rationality on companies’ disclosure to investors in new industries. Using a historical example of a new industry, we document that several companies initially withheld their earnings, despite external capital needs and investor information demands. However, almost all these companies started disclosing shortly thereafter. Interpreted through the lens of a disclosure model featuring level-$ k $ thinking, these patterns suggest that limited strategic thinking of some companies contributed to the initial failure to disclose, while feedback and learning over time contributed to the quick convergence to an equilibrium of (almost) full disclosure in the new industry."
Review of Financial Studies,finance,https://openalex.org/W4410761922,https://doi.org/10.1093/rfs/hhaf036,Fast and Slow Arbitrage: The Predictive Power of (Persistent) Capital Flows for Factor Returns,2025-05-27,Xi Dong; Namho Kang; Joël Peress,2,"Abstract We document that persistent aggregate capital flows to hedge and mutual funds predict monthly factor returns with an out-of-sample R2 reaching 6.6%. Transient flows display no such power despite being more predictable. We show—both empirically and theoretically—that persistent flows’ predictive power stems from active fund managers’ capital constraints. As a result, managers invest persistent, but not transient, capital flows into factor trading strategies, leading to factor-return predictability and factor momentum, yet greater price efficiency. Our key insight is that capital-constrained managers account for both current and anticipated future flows in the arbitrage sector, thereby incorporating the dynamics of capital into their strategies."
Review of Financial Studies,finance,https://openalex.org/W3123910461,https://doi.org/10.1093/rfs/hhaf037,An Intermediation-Based Model of Exchange Rates,2025-05-29,Semyon Malamud; Andreas Schrimpf; Yuan Zhang,5,"Abstract We develop a continuous-time general equilibrium model with intermediaries at the heart of international financial markets. Global intermediaries bargain with households and extract rents from providing access to foreign claims. By tilting state prices, intermediaries’ market power breaks monetary neutrality and makes international risk-sharing inefficient. Despite having zero net positions, markups charged by intermediaries significantly distort international asset prices, affecting exchange rate dynamics and their response to shocks. Our model can reproduce patterns consistent with several well-known exchange rate puzzles, such as deviations from uncovered and covered interest parity. All equilibrium quantities are derived in closed form, allowing us to pin down the underlying economic mechanisms explicitly."
Review of Financial Studies,finance,https://openalex.org/W4410957163,https://doi.org/10.1093/rfs/hhaf035,Does Private Equity Ownership Make Firms Cleaner? The Role of Environmental Liability Risks,2025-06-02,Aymeric Bellon,4,"Abstract This paper shows that private equity (PE) ownership, in private-to-private buyouts, leads to a reduction in pollution when the target company faces high potential liabilities for polluting. Conversely, PE-backed firms increase pollution when environmental liability risks are low, as shown by a novel natural experiment that reduced these risks for projects located on federal land. Exploiting specific PE deals within the energy industry, I find that PE governance is the main driver of the results. The results suggest that increasing litigation and regulation-related risks can mitigate the potentially detrimental effects of PE ownership on stakeholders."
Review of Financial Studies,finance,https://openalex.org/W4411135752,https://doi.org/10.1093/rfs/hhaf038,"Finance, Advertising, and Race",2025-06-09,Claire Célérier; Purnoor Tak,1,"Abstract We study how bank advertising practices contribute to racial disparities in financial markets by steering minorities toward inferior products. We exploit a regulatory change that incentivizes deposit collection at the Freedman’s Savings Bank, the first institution to collect deposits from African Americans post-Emancipation, by facilitating misuse of depositor funds. After deregulation, advertising volume rises, particularly in African American newspapers, leading to increased deposits from Black depositors despite the bank’s insolvency. We identify persuasion as a key mechanism; prescriptive stereotypes and false claims likely amplify advertising’s impact on African Americans, exacerbating historically large depositor losses after the bank’s collapse."
Review of Financial Studies,finance,https://openalex.org/W4411339677,https://doi.org/10.1093/rfs/hhaf032,Correction to: Which Subjective Expectations Explain Asset Prices?,2025-06-16,,0,
Review of Financial Studies,finance,https://openalex.org/W4411758822,https://doi.org/10.1093/rfs/hhaf040,The Financial Channel of the Exchange Rate and Global Trade,2025-06-24,Sai Ma; Tim Schmidt‐Eisenlohr,1,"Abstract This paper provides evidence that the U.S. dollar affects trade through a financial channel of the exchange rate. Using global data over three decades, we show that dollar appreciation increases import prices and decreases import quantities for non-U.S. dollar countries. In line with a financial channel, these effects are stronger when the exporting country borrows more in U.S. dollars abroad. The financial channel was active before the global financial crisis, has strengthened since, and operates independently of the dominant currency invoicing channel. Instrumenting the dollar is key to uncovering the full effect of the financial channel."
Review of Financial Studies,finance,https://openalex.org/W4412137318,https://doi.org/10.1093/rfs/hhaf043,Option Auctions,2025-07-05,Terrence Hendershott; Saad Ali Khan; Ryan Riordan,0,"Abstract Wholesale market makers pay for retail options orders that must be executed on exchanges. Payment for order flow (PFOF) wholesalers compete via price improvement in exchange auctions. To attract retail orders, wholesalers run more auctions when their recent price improvement has been lower. However, auction price improvement lowers market maker revenues. Wholesalers earn revenues to pay PFOF in nonauction trades where their designated market maker status increases their execution priority. While some auctions produce substantial price improvement, most do not have multiple bidders offering meaningful price improvement. Overall, options market structure better promotes competition in auctions than in nonauctions."
Review of Financial Studies,finance,https://openalex.org/W4412071928,https://doi.org/10.1093/rfs/hhaf044,The Role of Taxes in the Rise of ETFs,2025-07-07,Rabih Moussawi; Ke Shen; Raisa Velthuis,2,"Abstract This paper argues that a lesser known yet economically significant tax-deferral feature of ETFs’ security design is crucial to their success. By relying on the in-kind redemption exemption, authorized participants help ETFs avoid distributing capital gains and reduce their tax overhang, partly by deploying heartbeat trades. We estimate that the ETF tax efficiency has increased long-term investors’ after-tax returns by 1.05% per year relative to mutual funds in recent years. Exploiting cross-sectional and time-series variations in investors’ tax burden, we show that tax efficiency is a significant driver of capital migration by high-net-worth investors from mutual funds into ETFs."
Review of Financial Studies,finance,https://openalex.org/W4412123520,https://doi.org/10.1093/rfs/hhaf041,How Does Removing the Tax Benefits of Debt Affect Firms? Evidence from the 2017 U.S. Tax Reform,2025-07-09,Ali Sanati; Mehdi Beyhaghi,2,"Abstract The impact of tax benefits of debt on firms remains an open question. The 2017 U.S. tax reform limited the tax advantage of debt for all firms except for small businesses with average sales below $25 million. A regression discontinuity design based on the exception threshold shows that, as tax benefits of debt shrink, corporate debt declines significantly, while equity does not increase sufficiently to offset the reduction. Treated firms also decrease their investments due to the higher cost of capital. Overall, we document a first-order role for tax incentives that affect the cost of capital in shaping corporate policies. (JEL G31, G32, G38, H25, K34)"
Review of Financial Studies,finance,https://openalex.org/W4412123310,https://doi.org/10.1093/rfs/hhaf042,Shared Destinies? Small Banks and Small Businesses,2025-07-09,Claire Brennecke; Stefan Jacewitz; Jonathan Pogach,0,"Abstract We identify a new source for the declining role of small banks in the banking industry: Long-term changes in the banking sector are partially a consequence of changes in the industrial sector. Small banks are relatively more exposed to small business shocks, because small businesses compose a larger share of their customers. Lower real-side demand for small business financial services is responsible for part of the relative decline in small banks’ deposits. Rough calculations suggest that deposits at small banks would have been $280 billion higher from 2002 to 2017 if small firms had grown at the rate of larger firms."
Review of Financial Studies,finance,https://openalex.org/W4412397028,https://doi.org/10.1093/rfs/hhaf046,Liquidity Provision on Blockchain-Based Decentralized Exchanges,2025-07-14,Agostino Capponi; Ruizhe Jia,17,"Abstract We show that the infrastructure of decentralized exchanges subjects liquidity providers (LPs) to a “tragedy of the commons.” Liquidity providers lack incentives to exit liquidity pools to prevent arbitrage losses, as these are collectively shared, while withdrawal costs are borne individually. Arbitrage rents primarily flow to validators as infrastructure fees, with the median arbitrageur transferring 96% of profits. Proposed solutions—speed technology, alternative sequencing rules, and flexible pricing curves—fail to reduce these rents. Leveraging the Silicon Valley Bank crisis as a natural experiment, we show that LPs defensively adopt more convex pricing curves to mitigate adverse selection risks."
Review of Financial Studies,finance,https://openalex.org/W4412397030,https://doi.org/10.1093/rfs/hhaf045,Π-CAPM: The Classical CAPM with Probability Weighting and Skewed Assets,2025-07-14,Joost Driessen; Sebastian Ebert; Joren Koëter,2,"Abstract We propose a new asset pricing model that generalizes the mean-variance framework by including probability weighting, specifically the overweighting of rare, high-impact events. Our model—the $ \Pi $-CAPM—generates several new predictions: (i) skewness has a positive price effect, amplified by volatility; (ii) the price effect of volatility is negative for left-skewed assets but positive for right-skewed assets; and (iii) option-implied variance premiums for stocks have a U-shaped relation to skewness, amplified by volatility. We find strong empirical support for these predictions. Finally, we show that the $ \Pi $-CAPM predicts an exaggerated co-movement of assets and can explain the correlation premium."
Review of Financial Studies,finance,https://openalex.org/W4412429188,https://doi.org/10.1093/rfs/hhaf048,Leaky Director Networks and Innovation Herding,2025-07-15,Felipe Cabezon; Gerard Hoberg,6,"Abstract We first document that, despite potential legal issues, overlapping directors are surprisingly prevalent among direct competitors. Using panel data regressions and plausibly exogenous shocks, we find that competing firms in markets with dense overlapping-director networks experience innovation herding, lose product differentiation, and, ultimately, perform poorly. Novel text-based network propagation tests of technologies show that intellectual property leakage plays a role as firms with dense overlapping director networks experience faster propagation of technologies to competitors. Our findings suggest a coordination problem where industry participants cannot stop rivals from earning small gains from leakage despite much larger industry-wide negative externalities."
Review of Financial Studies,finance,https://openalex.org/W4412464247,https://doi.org/10.1093/rfs/hhaf050,Getting to the Core: Inflation Risks Within and Across Asset Classes,2025-07-16,Xiang Fang; Yang Liu; Nikolai Roussanov,5,"Abstract Do real assets protect against inflation? Stocks’ core inflation betas are negative, while their energy betas are positive. Currencies, commodities, and real estate mostly hedge against energy inflation, but not core inflation. These hedging properties are reflected in the prices of inflation risks: only core inflation carries a negative risk premium, and its magnitude is consistent within and across asset classes, uniquely among macroeconomic risk factors. Energy inflation has become more procyclical and volatile since the 1990s, which helps explain the time-varying correlation between stock and bond returns. A two-sector New Keynesian asset pricing model accounts for these facts quantitatively."
Review of Financial Studies,finance,https://openalex.org/W4412489727,https://doi.org/10.1093/rfs/hhaf049,Gender Stereotypes and Entrepreneur Financing,2025-07-16,Camille Hébert,19,"Abstract I document a significant gender gap in entrepreneurs’ access to early-stage equity financing. Using unique administrative data on French startups, I show that this gap is particularly pronounced in male-dominated sectors. Controlling for a comprehensive set of entrepreneur and startup characteristics—including demographics, backgrounds, and motivations—accounts for 42% of the average gender gap. However, in male-dominated sectors, 80% of the gap remains unexplained. Growth-oriented female entrepreneurs rely more heavily on bank loans, substituting equity with debt. Finally, VC-backed female-founded startups outperform their male counterparts in male-dominated sectors. These findings suggest that context-dependent stereotypes influence equity financing decisions."
Review of Financial Studies,finance,https://openalex.org/W3153753768,https://doi.org/10.1093/rfs/hhaf051,Identifying Price Informativeness,2025-07-17,Eduardo Dávila; Cecilia Parlatore,3,"Abstract We identify and estimate price informativeness, a necessary step in testing theories of information aggregation. Starting from a pricing equation and a stochastic process for payoffs, we show how to recover relative price informativeness from regressions of asset price changes on changes in payoffs. Applying our identification results, we estimate a panel of stock-specific measures of informativeness for U.S. stocks. In the cross-section, large stocks with high turnover, idiosyncratic volatility, institutional ownership, and analyst coverage have higher informativeness. In the time series, the median, mean, and standard deviation of the distribution of informativeness have steadily increased since the mid-1980s."
Review of Financial Studies,finance,https://openalex.org/W4412569695,https://doi.org/10.1093/rfs/hhaf052,Agency MBS as Safe Assets,2025-07-19,Zhiguo He; Zhaogang Song,1,"Abstract Measured as yield spreads against Treasury securities and AAA corporate bonds, the convenience premium of newly issued agency MBS averages more than half of the long-term Treasury convenience premium. The agency MBS convenience premium and issuance amount vary negatively with mortgage rate, consistent with a prepayment-driven channel. Placing agencies into conservatorship in 2008 and introducing liquidity regulations in 2013 significantly affected MBS convenience premium, consistent with government guarantee and regulatory treatment channels. Analyses of dispersion of dealers’ prepayment forecasts, seasoned MBS, and investors’ MBS holdings deliver further economic implications for agency MBS as safe assets."
Review of Financial Studies,finance,https://openalex.org/W4412872248,https://doi.org/10.1093/rfs/hhaf047,The Elasticity of Quantitative Investment,2025-07-21,Carter Davis,0,"Abstract What is the demand elasticity of statistical arbitrageurs that invest according to the advice of modern cross-sectional asset pricing models? Thirteen models from the literature exhibit strikingly inelastic demand, in contrast to classical models that rely on statistical arbitrageurs to create elastic market demand for assets. This inelasticity arises from the difficulty of trading against price changes. A quantitative equilibrium model shows that aggregate demand remains inelastic even with these statistical arbitrageurs in the market."
Review of Financial Studies,finance,https://openalex.org/W4412701337,https://doi.org/10.1093/rfs/hhaf039,Dynamic Coordination and Bankruptcy Regulations,2025-07-28,Hongda Zhong; Zhen Zhou,1,"Abstract Many regulations aim to promote coordination among creditors in bankruptcy by ex post restricting their ability to exit distressed firms. However, such restrictions may harm creditors’ ex ante incentives to stay invested, thereby worsening coordination outcomes. We build a dynamic coordination model to show how this force shapes creditor runs, bankruptcy filings, and regulation designs. Intriguingly, filing for bankruptcy early, thereby preserving more assets for latecomers, can prolong firm life. Furthermore, regulators’ clawbacks on prebankruptcy repayments can be superior to firms’ commitment to early bankruptcy filing. Our analysis generates implications for automatic stay, avoidable preference, bank failures, and seniority structure."
Review of Financial Studies,finance,https://openalex.org/W4413473497,https://doi.org/10.1093/rfs/hhaf057,Short-Term Reversals and Longer-Term Momentum around the World: Theory and Evidence,2025-08-01,Narasimhan Jegadeesh; Jiang Luo; Avanidhar Subrahmanyam; Sheridan Titman,7,"Abstract Stock returns exhibit reversals at short horizons but slowly transition to momentum over longer horizons. To help understand this pattern, we develop a multiperiod model with short- and long-horizon noise traders, and active investors who underreact to information they do not themselves produce. The model accords with the transition from reversals to momentum and yields the following novel predictions: (a) attenuated reversals after earnings announcements, (b) a negative relation between monthly reversal and longer-term momentum profits across economies and time, and (c) larger reversals when there is more noise trading. Empirical analysis using U.S. and international data supports these predictions."
Review of Financial Studies,finance,https://openalex.org/W4413105365,https://doi.org/10.1093/rfs/hhaf055,Failure to Share Natural Disaster Risk,2025-08-06,Tuomas Tomunen,0,"Abstract I test whether asset prices reflect risk exposures of financial intermediaries in a setting well-suited to tackling concerns about omitted risk factors. I analyze catastrophe bonds whose cash flows are linked to natural disasters and find that 71% of the security-level variation in expected returns can be explained by a theoretically motivated measure of intermediaries’ marginal utility. Assuming natural disasters are independent of aggregate wealth, this result is inconsistent with any alternative explanation based on unobserved macroeconomic risks. In addition, the aggregate premium decreases and becomes less sensitive to the occurrence of disasters when intermediaries’ access to outside capital improves."
Review of Financial Studies,finance,https://openalex.org/W4413118837,https://doi.org/10.1093/rfs/hhaf056,When Financial Advice Leads to Positive Performance: Evidence from Repeated Client–Advisor Interactions,2025-08-13,Charline Uhr,0,"Abstract Does the performance of advisors’ recommendations influence investors’ propensity to seek advice again? I investigate a sample of calls between 10,063 German brokerage clients and financial advisors from 2005–2015. If advisors’ recommendations in the initial meeting led to positive (vs. negative) performance, investors are 2.1 times more likely to arrange a second meeting. This effect is driven by the performance of the recommendations the investor decided to follow. Investors with positive performance follow recommendations to a greater degree. The findings show that experiences matter in the advisory context and shape the demand for advice."
Review of Financial Studies,finance,https://openalex.org/W4413445902,https://doi.org/10.1093/rfs/hhaf063,Option Pricing with Time-Varying Volatility Risk Aversion,2025-08-21,Peter Reinhard Hansen; Chen Tong,0,"Abstract We introduce a pricing kernel with time-varying volatility risk aversion to explain the observed time variations in the shape of the pricing kernel. When combined with the Heston-Nandi GARCH model, this framework yields a tractable option pricing model in which the variance risk ratio (VRR) emerges as a key variable. We show that the VRR is closely linked to economic fundamentals, as well as sentiment and uncertainty measures. A novel approximation method provides analytical option pricing formulas, and we demonstrate substantial reductions in pricing errors through an empirical application to the S&amp;P 500 index, the CBOE VIX, and option prices."
Review of Financial Studies,finance,https://openalex.org/W4413945737,https://doi.org/10.1093/rfs/hhaf067,Institutional Corporate Bond Pricing,2025-08-29,Lorenzo Bretscher; Lukas Schmid; Ishita Sen; Varun Sharma,5,"Abstract We propose an equilibrium corporate bond pricing model that accommodates the heterogeneity in institutional investors’ preferences and mandates in an empirically tractable way. Our model, estimated on rich holdings data, quantifies investors’ preferences and demand elasticities, with inelastic insurers focusing on the investment-grade segment, and elastic mutual funds substituting across ratings groups. The model offers a novel quantitative perspective of the effect of recent trends in institutional ownership on equilibrium credit spreads and the funding costs of corporations. Overall, our model emphasizes the composition of institutional demand as an important state variable for corporate bond pricing."
Review of Financial Studies,finance,https://openalex.org/W4413945728,https://doi.org/10.1093/rfs/hhaf066,Man versus Machine Learning Revisited,2025-08-29,Yingguang Zhang; Yandi Zhu; Juhani T. Linnainmaa,2,"Abstract Binsbergen, Han, and Lopez-Lira (2023) predict analysts’ forecast errors using a random forest model. A strategy that trades against this model’s predictions earns a monthly alpha of 1.54% ($ t $-value = 5.84). This estimate represents a large improvement over studies using classical statistical methods. We attribute the difference to a look-ahead bias. Removing the bias erases the alpha. Linear models yield as accurate forecasts and superior trading profits. Neither alternative machine learning models nor combinations thereof resurrect the predictability. We discuss the state of research into the term structure of analysts’ forecasts and its causal relationship with returns."
Review of Financial Studies,finance,https://openalex.org/W4413928880,https://doi.org/10.1093/rfs/hhaf068,Why Do Investors Like Short-leg Securities? Evidence from a Textual Analysis of Buy Recommendations,2025-08-30,Hailiang Chen; Byoung‐Hyoun Hwang; Zhuozhen Peng,3,"Abstract Our paper examines analyst reports and online stock opinion articles which recommend buying stocks that, based on the literature, trade at high prices and earn low future returns (“short-leg securities”). Using a textual analysis, we test whether the justifications primarily (1) emphasize safe-haven qualities, (2) indicate exuberance, or (3) highlight lottery-like features. Our results strongly point to (3). We subsequently validate our text-based inferences through a survey of institutional and retail investors with long positions in short-leg securities. Overall, perceived upside potential appears to play a material role in driving investor demand for stocks in the short legs of anomalies."
Review of Financial Studies,finance,https://openalex.org/W4413880568,https://doi.org/10.1093/rfs/hhaf028,Relative Performance Evaluation and Strategic Competition,2025-09-01,Li He; Toni M. Whited; Ran Guo,0,"Abstract We examine how relative performance evaluation (RPE) affects industry competition—a question relevant for corporate boards interested in incentivizing executives. Using U.S. airline data, we estimate a dynamic game of competition between heterogeneous firms in an oligopolistic market, with managers incentivized by RPE contracts. While RPE can induce a firm to compete more intensely by smoothing compensation, it also amplifies a firm’s cost efficiency relative to its peers and can weaken competition from inefficient firms. The first effect dominates in small markets and the second in median-sized markets. RPE has little effect in large, highly profitable markets."
Review of Financial Studies,finance,https://openalex.org/W4413922335,https://doi.org/10.1093/rfs/hhaf065,Societal Inequality and Bank Deposit Dynamics: Evidence from the Freedman’s Savings Bank,2025-09-02,Virginia Traweek; Malcolm Wardlaw,1,"Abstract We study depositor behavior and capital flight using data from the Freedman’s Savings Bank, a bank established after the U.S. Civil War to support formerly enslaved individuals. White depositors, who generally had better access to financial information, begin providing significant funding as interest terms are enhanced. They respond faster to postpanic stabilization efforts and negative bank-specific information, and are twice as likely to close accounts before failure, passing expected losses to Black depositors, who were the bank’s primary philanthropic target. Our results show how demand deposit funding of bank-like institutions can create systemic disadvantages for less experienced borrowers."
Review of Financial Studies,finance,https://openalex.org/W4414111259,https://doi.org/10.1093/rfs/hhaf070,The Persistence of Miscalibration,2025-09-08,Michael Boutros; Itzhak Ben‐David; John R. Graham; Campbell R. Harvey; John W. Payne,0,"Abstract We analyze a panel of over 28,400 S&amp;P 500 return forecasts by CFOs to examine whether the extent of CFOs’ miscalibration—providing forecast confidence intervals that are too narrow—decreases over time. We find no improvement with task repetition nor evidence of learning, that is, no improvement in response to past performance. Across CFOs, miscalibration appears to be a persistent personal trait. We find some evidence that the degree of miscalibration is related to birth cohort and stock market familiarity."
Review of Financial Studies,finance,https://openalex.org/W4414111297,https://doi.org/10.1093/rfs/hhaf064,Fragility of Safe Asset Markets,2025-09-10,Thomas M. Eisenbach; Gregory Phelan,0,"Abstract In March 2020, safe asset markets experienced surprising and unprecedented price crashes. We explain how strategic investor behavior can create such market fragility in a model with investors valuing safety, investors valuing liquidity, and constrained dealers. While safety investors and liquidity investors can form a symbiotic relationship with offsetting trades during times of stress, strategic interactions among liquidity investors harbor the potential for self-fulfilling fragility. When the market is fragile, standard flight-to-safety can have a destabilizing effect and trigger a “dash-for-cash” by liquidity investors. Well-designed policy interventions can reduce market fragility ex ante and restore orderly functioning ex post."
Review of Financial Studies,finance,https://openalex.org/W4414347349,https://doi.org/10.1093/rfs/hhaf072,Continuous-Time Fama-MacBeth Regressions,2025-09-11,Yacine Aı̈t-Sahalia; Jean Jacod; Dacheng Xiu,2,"Abstract We develop an asymptotic framework for conducting inference on continuous-time asset pricing models using high-frequency returns over an increasing time horizon. Our study focuses on the identification and estimation of risk premiums associated with the continuous component and jumps of various size brackets. We extend the classical Fama-MacBeth regression from the discrete-time setting to a continuous-time factor model, incorporating general dynamics for factors, idiosyncratic components, and factor loadings. Our empirical analysis of U.S. equities, foreign exchange, and commodities underscores the distinct significance of continuous and jump risk premiums for the specific factors constructed within each asset class in determining expected returns."
Review of Financial Studies,finance,https://openalex.org/W3124656503,https://doi.org/10.1093/rfs/hhaf062,Falling Behind: Has Rising Inequality Fueled the American Debt Boom?,2025-09-13,Moritz Drechsel-Grau; Fabian Greimel,0,"Abstract This paper studies whether the interplay of social comparisons in housing and rising income inequality contributed to the household debt boom in the United States between 1980 and 2007. We develop a tractable macroeconomic model with general social comparisons in housing to show that changes in the distribution of income affect aggregate housing demand, aggregate debt, and house prices if (and only if) social comparisons are asymmetric. In the empirically relevant case of upward-looking comparisons, rising inequality can rationalize a substantial share of the observed housing and debt boom."
Review of Financial Studies,finance,https://openalex.org/W4414860821,https://doi.org/10.1093/rfs/hhaf074,Educating Investors about Dividends,2025-09-16,Andreas Hackethal; Tobin Hanspal; Samuel M. Hartzmark; Konstantin Bräuer,1,"Abstract We educate investors about the benefits of dividend reinvestment and costs of misperceiving dividends as free income. The intervention increases planned dividend reinvestment in survey responses. Using trading records, we observe a causal increase in dividend reinvestment in the field of roughly 50 cents for every euro received. This holds relative to investors’ prior behavior and various control samples. Investors who learned the most from the intervention update their trading the most. The results suggest the free dividends fallacy is a significant source of dividend demand. Our study demonstrates that simple, targeted, and focused educational interventions can affect investment behavior."
Review of Financial Studies,finance,https://openalex.org/W4414494073,https://doi.org/10.1093/rfs/hhaf054,Willingness to Pay for Carbon Mitigation: Field Evidence from the Market for Carbon Offsets,2025-09-23,Matthias Rodemeier,0,"Abstract This paper estimates willingness to pay (WTP) for carbon mitigation from demand for carbon offsets in a field experiment with an online supermarket. The experiment randomizes whether the firm subsidizes the price of the offset or matches the offset’s impact on carbon mitigation. Consumers are price-elastic but fully impact-inelastic, implying that they buy the offset but their WTP for the carbon it mitigates is zero. If the firm informs consumers that it contributes to the offset costs, WTP increases to 16 EUR/tCO$ {}_{2} $. A complementary survey shows that consumers’ stated WTP is 238 EUR/tCO$ {}_{2} $, far above their revealed preferences."
Review of Financial Studies,finance,https://openalex.org/W4415128357,https://doi.org/10.1093/rfs/hhaf078,Data-Driven Investors,2025-09-24,Maxime Bonelli,2,"Abstract How does the increased use of data technologies, like machine learning, by financial intermediaries affect the allocation of capital towards innovation? I study this question in the context of startup financing by venture capitalists (VCs). While VCs adopting data technologies become better at screening startups similar to those in historical data, they tilt their investments towards this pool and become concurrently less likely to finance innovative startups that achieve rare major success. Plausibly exogenous variations in VCs’ screening automation suggest that these effects are causal. These findings highlight how investors’ adoption of data technologies can have real effects through innovation financing."
Review of Financial Studies,finance,https://openalex.org/W4414686116,https://doi.org/10.1093/rfs/hhaf081,Dissecting Corporate Culture Using Generative AI,2025-09-30,Kai Li; Feng Mai; Rui Shen; Chelsea Yang; Tengfei Zhang,1,"Abstract We conduct the first large-scale study of how different stakeholder groups assess corporate culture and quantify the economic implications of those differences. We employ generative AI to analyze analyst reports, call transcripts, and employee reviews, and organize the extracted information into a knowledge graph that links a culture type to its perceived causes and effects. We demonstrate that the divergence in different stakeholder groups' assessment of culture aligns with their distinct roles and economic incentives. Moreover, we show that analysts' culture analyses are incorporated into stock recommendations and target prices, and investors react to divergence in stakeholders' assessment of culture."
Review of Financial Studies,finance,https://openalex.org/W4414860953,https://doi.org/10.1093/rfs/hhaf080,Collateral Effects: The Role of FinTech in Small Business Lending,2025-09-30,Paul M. Beaumont; Huan Tang; Eric Vansteenberghe,1,"Abstract This paper investigates the impact of introducing junior unsecured loans (i.e., FinTech loans) into the small business lending market. Using French administrative data, we find that firms experience a 13% increase in bank credit after receiving a FinTech loan. We use propensity score matching procedures and a shift-share instrument to account for credit demand. The credit increase only occurs when FinTech borrowers invest in new assets, and Fintech borrowers are subsequently more likely to pledge collateral to banks. This suggests that firms use FinTech loans to acquire assets that they then pledge to banks, thereby increasing total borrowing capacity."
Review of Financial Studies,finance,https://openalex.org/W4414936275,https://doi.org/10.1093/rfs/hhaf077,Regulating CEO Pay: Evidence from the Nonprofit Revitalization Act,2025-10-01,Ilona Babenko; Benjamin Bennett; Rik Sen,0,"Abstract This paper examines CEO pay at nonprofits. Using compensation data for 14,111 nonprofits, we find that CEO pay dropped by 2% after legislation in New York reduced CEOs’ ability to influence their own pay. Despite lower pay, CEOs exerted more effort, and nonprofit performance improved. The effects were stronger at commercial nonprofits than at charities and for male CEOs than female CEOs. These findings are consistent with a model where some nonprofit CEOs derive meaning from their work and compensation can be rigged. Overall, our results suggest that regulation that targets the pay-setting process can improve organizational outcomes at nonprofits."
Review of Financial Studies,finance,https://openalex.org/W4414900364,https://doi.org/10.1093/rfs/hhaf082,Anticipatory Trading Against Distressed Mega Hedge Funds,2025-10-03,Vikas Agarwal; George O. Aragon; Vikram K. Nanda; Kelsey D. Wei,0,"Abstract Stocks expected to be sold by distressed mega hedge funds (MHFs) face anticipatory institutional selling and increased short interest. However, no evidence of anticipatory trading is found in stocks held by nondistressed MHFs, distressed non-MHFs, or stocks confidentially held by distressed MHFs, suggesting that public portfolio disclosure by large and closely followed distressed investors, and not common investment signals, drives anticipatory trading. Distressed MHFs with greater exposure to such anticipatory trading suffer 2.21% lower style-adjusted returns. Stocks subject to anticipatory trading experience negative abnormal returns followed by reversals, indicating the price destabilizing effect of anticipatory trading."
Review of Financial Studies,finance,https://openalex.org/W4415197863,https://doi.org/10.1093/rfs/hhaf083,The Pace of Change: Socially Responsible Investing in Private Markets,2025-10-04,Deeksha Gupta; Alexandr Kopytov; Jan Starmans,2,"Abstract We show that socially responsible investors can have a negative impact by slowing the pace of firm reform. Investors with broad prosocial preferences value acquiring dirty firms with high negative production externalities because they can reform these firms. The anticipation of trading gains for dirty firms decreases the incentive of current firm owners to reduce externalities proactively, potentially causing delay in reform. The presence of financial investors—alongside socially responsible investors—can exacerbate delay. Investment mandates through which socially responsible investors commit to paying a premium for green firms can incentivize reform in a timely manner."
Review of Financial Studies,finance,https://openalex.org/W4415033212,https://doi.org/10.1093/rfs/hhaf085,Passive Investing and the Rise of Mega-Firms,2025-10-04,Hao Jiang; Dimitri Vayanos; Lu Zheng,1,"Abstract We study how passive investing affects asset prices. Flows into passive funds disproportionately raise the stock prices of the economy’s largest firms, especially those large firms in high demand by noise traders. Because of this effect, the aggregate market can rise even when flows are entirely due to investors switching from active to passive funds. Intuitively, passive flows increase the idiosyncratic risk of large firms in high demand, which discourages investors from correcting the flows’ effects on prices. Consistent with our theory, prices and idiosyncratic volatilities of the largest S&amp;P500 firms rise the most following flows into that index."
Review of Financial Studies,finance,https://openalex.org/W4415012838,https://doi.org/10.1093/rfs/hhaf084,Are All ESG Funds Created Equal? Only Some Funds Are Committed,2025-10-06,Michelle Lowry; Pingle Wang; Kelsey D. Wei,2,"Abstract Environmental, social, and governance (ESG) funds have heterogeneous incentives to engage with portfolio firms. If funds view ESG as a value driver, then these incentives will affect funds’ behavior and thus their impact on firms. We compare ESG funds with similar levels of ESG investments but different incentives to engage. Funds with higher incentives to engage, that is, committed ESG funds, conduct more ESG-related information acquisition, pursue longer term investment strategies, engage more intensely on ESG issues, and have greater real impacts. Moreover, committed ESG funds have outperformed other ESG funds within subportfolios with higher and more effective ESG engagement."
Review of Financial Studies,finance,https://openalex.org/W4415232537,https://doi.org/10.1093/rfs/hhaf086,Why Do Traditional and Shadow Banks Coexist?,2025-10-08,Victor Lyonnet; Edouard Chrétien,0,"Abstract Traditional and shadow banks interacted in similar ways in the 2007 and COVID-19 crises, when both assets and liabilities flew out of shadow banks and into traditional banks. We explain these facts in a model of the coexistence of traditional and shadow banks in which liabilities and assets flow from the former to the latter in good times, avoiding regulation, and move the other way in a crisis, alleviating fire sales. The model sheds light on how regulations for traditional banks have (unintended) consequences on the shadow banking sector."
Review of Financial Studies,finance,https://openalex.org/W4415066266,https://doi.org/10.1093/rfs/hhaf060,Common Factors in Equity Option Returns,2025-10-09,Alex R. Horenstein; Aurelio Vasquez; Xiao Xiao,1,"Abstract We explore the factor structure in delta-hedged equity option returns. A sparse latent factor model generates a correlation of 0.90 or higher between average and predicted option returns. A comparable performance is achieved with a characteristic-based model containing four factors: the equally weighted option portfolio, a factor based on the difference between historical and implied volatilities, a factor based on the ratio of corporate cash holdings to the total value of the firm’s assets, and a factor based on volatility of volatility. Traditional stock return factors cannot explain these option factors."
Review of Financial Studies,finance,https://openalex.org/W4415274541,https://doi.org/10.1093/rfs/hhaf088,"Uncertainty, Risk, and Capital Growth",2025-10-10,Gill Segal; Ivan Shaliastovich,1,"Abstract We find that high productivity-based macroeconomic uncertainty is associated with greater accumulation of physical capital despite a reduction in investment and valuations. To reconcile this puzzling evidence, we show that uncertainty predicts lower aggregate depreciation of existing capital, which dominates the investment slowdown. We explain these findings by developing a quantitative production-based model in which firms implement precautionary savings through reducing utilization rather than raising investment. Through this novel intensive-margin mechanism, uncertainty shocks command a quarter of the equity premium in general equilibrium. Flexibility in utilization adjustments also helps explain uncertainty risk exposures in the cross-section of industry returns."
Review of Financial Studies,finance,https://openalex.org/W4416243527,https://doi.org/10.1093/rfs/hhaf087,Confident Risk Premiums and Investments Using Machine Learning Uncertainties,2025-10-10,Allena Rohit,0,"Abstract This paper derives ex-ante confidence intervals for stock risk premium forecasts that are based on a wide range of linear and machine learning models. Exploiting the cross-sectional variation in the precision of risk premium forecasts, I provide improved investment strategies. The confident-high-low strategies that take long-short positions exclusively on stocks with precise risk premium forecasts outperform traditional high-low strategies in delivering superior out-of-sample returns and Sharpe ratios across all models. The outperformance increases (decreases) with the model complexity (bias). The confident-high-low strategies are economically interpretable as trading strategies of ambiguity-averse investors who account for confidence intervals around risk premium forecasts."
Review of Financial Studies,finance,https://openalex.org/W4415217686,https://doi.org/10.1093/rfs/hhaf061,What Problem Do Intermediaries Solve? Evidence From Real Estate Markets,2025-10-14,Darren Aiello; Mark J. Garmaise; Taylor Nadauld,0,"Abstract We study intermediation in the housing market. Using data from an online platform utilized by real estate agents to generate leads, we identify exogenous intermediary attention arising from the quasi-randomized ordering of potential listings. Greater intermediary attention leads to an increased probability of listing with an agent and selling quickly, and a higher transaction price. The listing and transaction probabilities of neighboring properties decrease in intermediary attention. These results contrast sharply with endogenous correlations and provide causal evidence that intermediaries resolve property-level frictions deriving from search, information, or behavioral considerations but do not mitigate neighborhood-level information asymmetries."
Review of Financial Studies,finance,https://openalex.org/W4415401865,https://doi.org/10.1093/rfs/hhaf089,Price and Volume Divergence in China’s Real Estate Markets: The Role of Local Governments,2025-10-17,Jeffery Chang; Y. Wang; Wei Xiong,0,"Abstract During the COVID-19 pandemic (2020-2022), Chinese cities witnessed a paradox: residential land and new house prices surged while transaction volumes plummeted. We attribute this to local governments’ active price management through supply controls, land acquisitions by local government financing vehicles (LGFVs), and limits on new home sales permits. Cities more dependent on land sales and land-backed debt before the pandemic experienced greater price increases and price–volume divergence, with LGFVs buying more land at higher prices than other buyers. These interventions helped sustain fiscal financing but deepened developers’ financial distress, revealing unintended consequences of local governments’ fiscal strategies during downturns."
Review of Financial Studies,finance,https://openalex.org/W4415525673,https://doi.org/10.1093/rfs/hhaf053,Investor Sentiment and the Pricing of Characteristics-Based Factors,2025-10-20,Zhuo Chen; Bibo Liu; Huijun Wang; Zhengwei Wang; Jianfeng Yu,2,"Abstract Previous research has revealed that return spreads between stocks with high and low characteristics-based factor beta remain insignificant. This study investigates the time variation in the pricing of various characteristics-based factors, uncovering a notable two-regime pattern: high-beta portfolios yield higher returns than low-beta portfolios after high-sentiment periods, while the opposite occurs after low-sentiment periods. Remarkably, this two-regime pattern is completely reversed for macro factors. Mutual fund and hedge fund returns corroborate these findings. Our results suggest that exposure to characteristics-based factors likely represents mispricing levels, particularly during high-sentiment periods, whereas exposure to macro factors likely represents risk, particularly during low-sentiment periods."
Review of Financial Studies,finance,https://openalex.org/W4415522875,https://doi.org/10.1093/rfs/hhaf071,Banking-Crisis Interventions across Time and Space,2025-10-23,Andrew Metrick; Paul Schmelzing,0,"Abstract We present a new database of banking-crisis interventions, covering 1,946 interventions in 20 categories across 143 countries. We demonstrate that crisis-intervention patterns are significantly related to income and fiscal variables and to measures of the political system and currency regime. GDP losses following crises are economically significant and are larger for wealthier countries, with some evidence that these losses are mitigated by democratic political systems and liberal currency regimes. Finally, intervention frequencies reached an apex during the post–Bretton Woods era, continuing a secular increase since at least the late seventeenth century."
Review of Financial Studies,finance,https://openalex.org/W4415610297,https://doi.org/10.1093/rfs/hhaf090,Financial Advisors and Investors’ Bias,2025-10-24,Marianne Andries; Maxime Bonelli; David Sraer,0,"Abstract We study an intervention by a brokerage firm providing advisory services to high-net-worth investors. In 2018, the firm changed the information displayed on its internal platform, so that financial advisors could no longer observe which clients’ holdings were in paper gain or loss. Using data on portfolio stock transactions between 2016 and 2021, we show that, while all investors exhibit a significant disposition effect before 2018, that is, a greater propensity to realize gains than losses, highly advised investors see their bias significantly reduced afterward. Our paper shows financial firms can successfully reduce clients’ biases by appropriately manipulating advisors’ information."
Review of Financial Studies,finance,https://openalex.org/W4415627042,https://doi.org/10.1093/rfs/hhaf059,Technological Obsolescence,2025-10-24,Song Ma,0,"Abstract This paper proposes a new measure of technological obsolescence using detailed patent data. The measure contains incremental information about firm innovation relative to measures focusing on new innovation. Using this measure, we present two sets of results. First, firms’ technological obsolescence foreshadows substantially lower growth, productivity, and reallocation of capital. This finding mainly applies to obsolescence of core innovation and embodied innovation, and it is stronger in competitive product markets. Second, in stock markets, high-obsolescence firms underperform low-obsolescence firms by 7% annually. Using analyst forecast data, we show this is due to a systematic overestimation of future profits of obsolescent firms."
Review of Financial Studies,finance,https://openalex.org/W4415620327,https://doi.org/10.1093/rfs/hhaf058,How Likely Is an Inflation Disaster?,2025-10-27,Jens Hilscher; Alon Raviv; Ricardo Reis,0,"Abstract Long-dated inflation swap contracts provide widely used estimates of expected inflation. We develop methods to estimate complementary tail probabilities for persistently very high or low inflation using inflation options prices. We show that three new adjustments to conventional methods are crucial: inflation, horizon, and risk. We find that: (a) U.S. deflation risk in 2011–2014 has been overstated, (b) ECB unconventional policies lowered deflation disaster probabilities, (c) inflation expectations deanchored in 2021–2022, (d) reanchored as policy tightened, (e) but the 2021–2024 disaster left scars, and (f) U.S. expectations are less sensitive to inflation realizations than in the eurozone."
Review of Financial Studies,finance,https://openalex.org/W2940396718,https://doi.org/10.1093/rfs/hhaf091,Bank Risk-Taking and the Real Economy: Evidence from the Housing Boom and Its Aftermath,2025-10-28,Antonio Falato; Giovanni Favara; David Scharfstein,0,"Abstract During the U.S. housing credit boom, publicly traded banks increased mortgage lending activity and relaxed standards much more than privately held banks. The increase in risk had real effects for a variety of county-level aggregates including employment and consumption. Cross-sectional evidence and a quasi-experiment indicate that the increase in risk stemmed from the institutional ownership and the equity compensation of publicly traded banks, in turn leading banks to place greater weight on short-term equity performance. These results are consistent with the view that a focus on short-term earnings and stock prices amplifies boom–bust credit cycles, in turn leading to real cycles for the aggregate economy."
Review of Financial Studies,finance,https://openalex.org/W4415620312,https://doi.org/10.1093/rfs/hhaf093,"Convenience Yield, Inflation Expectations, and Public Debt Growth",2025-10-28,J. Fu; Jian Li; Yinxi Xie,0,"Abstract We present new facts on how convenience yields fluctuate with macroeconomic variables and fiscal policy: the convenience yield of long-term Treasuries is negatively correlated with inflation expectations, and inflation expectations predict future debt-to-GDP growth. To rationalize these findings, we incorporate the convenience yield into a macro-finance model with endogenous fiscal policy. The government finances deficit shocks partially through higher inflation and partially through more future borrowing, which reduces the convenience yield today. The feedback loop between the convenience yield and future debt supply amplifies the effect of fiscal shocks. We further verify this channel using empirically constructed exogenous deficit shocks."
Review of Financial Studies,finance,https://openalex.org/W4415923660,https://doi.org/10.1093/rfs/hhaf092,Raising Bond Capital in Segmented Markets,2025-10-28,Kerry Siani,0,"Abstract The difference between corporate bond yields at issuance and in secondary markets, the “issuance premium,” spikes in bad times, raising firms’ capital costs. Using new bond-level data and high-frequency variation in bond supply and demand, I estimate a model of primary markets with imperfectly elastic investors, endogenous bond supply, and underwriter frictions that quantifies drivers of issuance premiums. I find underwriters’ favoritism toward investors increases issuance premiums’ levels and cyclical variation. On the other hand, relatively elastic investors allow primary markets to absorb large bond issuances. My findings inform policies targeted at bond issuance markets. (JEL G23, E44, G32, E52)"
Review of Financial Studies,finance,https://openalex.org/W4416143948,https://doi.org/10.1093/rfs/hhaf096,Nonbank Lending and the Transmission of Monetary Policy,2025-11-06,Dominic Cucic; Denis Gorea,2,"Abstract We analyze the role of nonbank lenders in the transmission of monetary policy using data on the universe of unsecured credit to firms and households in Denmark. Nonbanks increase their credit supply after a monetary contraction, both relative to banks and in absolute terms. The increase in nonbank lending is financed through increased long-term debt. A model with segmented debt markets featuring differential investor rate sensitivities rationalizes these findings. Nonbank credit insulates corporate investment and household consumption from monetary contractions, with positive spillovers extending beyond nonbank clients through industry and geographic channels."
Review of Financial Studies,finance,https://openalex.org/W4416097257,https://doi.org/10.1093/rfs/hhaf095,Portfolio Regulation of Financial Institutions with Market Power,2025-11-06,Daniel Neuhann; SeyedMahyar Sefidgaran; Michael Sockin,0,"Abstract We examine how portfolio regulations affect risk sharing between financial institutions with market power. Unconstrained access to complete markets permits flexible exploitation of market power and induces inefficient risk sharing. Appropriate portfolio restrictions counteract this, improving liquidity and risk sharing by bundling securities with offsetting strategic incentives. However, excessive regulation can be counterproductive, destroying gains from trade. An application of our theory shows that cross-asset spillovers are critical for policy evaluation: in general equilibrium, risk sharing can improve even if certain asset-specific liquidity measures deteriorate. We also discuss the effects of asymmetric regulation for different institutions."
Review of Financial Studies,finance,https://openalex.org/W4416143976,https://doi.org/10.1093/rfs/hhaf097,Bond Market Resiliency: The Role of Insurers,2025-11-08,Maureen O’Hara; Andreas C. Rapp; Xing Zhou,1,"Abstract We examine the role of insurance companies in supporting resiliency in the corporate bond market. We show that during the COVID-19 liquidity crisis, insurers increased their corporate bond positions, particularly in bonds facing fire sales by mutual funds. Insurers with more stable funding were more likely to buy, and they bought more from dealers with whom they had prior trading relationships. Dealers improved their bond liquidity provision when they had trading relationships with insurers with more stable funding. Our work demonstrates that insurers can play an important role in supporting bond market resiliency during times of stress."
Review of Financial Studies,finance,https://openalex.org/W4416558324,https://doi.org/10.1093/rfs/hhaf094,Treasury Reuse and the Demand for Safe Assets,2025-11-09,Sebastian Infante; Zack Saravay,0,"Abstract We theoretically and empirically show how the reuse of Treasury securities as collateral alleviates safe asset scarcity. Our model characterizes how reuse allows intermediaries to efficiently reallocate the safety benefits of long-term Treasury securities to a broader investor base. By reusing Treasury securities, intermediaries can access more collateral to create safe assets without interest rate risk. When the demand for safe assets is high, intermediaries increase reuse, distributing safe asset benefits to investors that value safety the most. Using supervisory data to calculate a dealer-level measure of reuse called the “collateral multiplier,” we empirically confirm the model’s main predictions."
Review of Financial Studies,finance,https://openalex.org/W4405251547,https://doi.org/10.1093/rfs/hhaf099,Heterogeneous Oil Supply Elasticities: Indebtedness and Production Responses to the COVID-19 Shock,2025-11-10,Veronika Selezneva; Sergei Seleznev,1,"Abstract Debt matters for oil supply elasticities. We document the resiliency of oil production to the COVID-19-related collapse in demand due to indebtedness. We use exogenous variation in the timing of debt-related payments to identify financially constrained operators. We show that more financially constrained firms cut production by less than less-constrained firms and were less likely to complete new wells. To explore the mechanisms, we use borrowing-limit cuts and credit-line drawdowns to measure access to credit, and we exploit failed hedging practices. The propagation of oil demand shocks crucially depends on the indebtedness of the oil sector."
Review of Financial Studies,finance,https://openalex.org/W4416364617,https://doi.org/10.1093/rfs/hhaf100,Do Municipal Bond Investors Pay a Convenience Premium to Avoid Taxes?,2025-11-18,Matthias Fleckenstein; Francis A. Longstaff,0,"Abstract We study the valuation of state-issued tax-exempt municipal bonds and find that there are significant convenience premia in their prices. These premia parallel those identified in Treasury markets. We find evidence that these premia are tax related. Specifically, the premia are related to measures of tax and fiscal uncertainty, forecast flows into state municipal bond funds, and are directly linked to outmigration from high-tax to low-tax states and to other measures of tax aversion such as IRA and retirement plan contributions. These results suggest that investors are willing to pay a substantial premium to avoid taxes."
Review of Financial Studies,finance,https://openalex.org/W4416708370,https://doi.org/10.1093/rfs/hhaf105,"Bank Debt, Mutual Fund Equity, and Swing Pricing in Liquidity Provision",2025-11-25,Yiming Ma; Kairong Xiao; Yao Zeng,0,"Abstract Liquidity provision is often attributed to debt-issuing intermediaries like banks. We develop a unified theoretical framework and empirically show that mutual funds issuing demandable equity also provide an economically significant amount of liquidity by insuring against idiosyncratic liq uidity shocks. Quantitatively, bond funds provide 12.5% of the liquidity that banks provide per dollar. Our model further shows that when equity values incorporate the liquidation cost from re demptions, as in swing pricing, liquidity provision is not necessarily reduced. This is because swing pricing may increase funds’ capacity for holding illiquid assets without inducing panic runs. (JEL G01, G21, G23, G28)"
Review of Financial Studies,finance,https://openalex.org/W4416711380,https://doi.org/10.1093/rfs/hhaf104,The Effect of Principal Reduction on Household Distress: Evidence from Mortgage Cramdown,2025-11-25,Jacelly Céspedes; C. Parra; Clemens Sialm,0,Abstract Mortgage cramdown enabled bankruptcy judges to discharge the underwater portion of a mortgage in a chapter 13 bankruptcy until the Supreme Court disallowed this practice in 1993. We investigate the impact of mortgage cramdown on household distress exploiting the random assignment of cases to judges. The impact of bankruptcy protection on foreclosures is reduced by more than half after the Supreme Court disallowed cramdown. Our results suggest that large principal reductions considerably decrease homeowners’ distress by reducing debt overhang.
Review of Financial Studies,finance,https://openalex.org/W4416931953,https://doi.org/10.1093/rfs/hhaf106,Monetary Policy through Production Networks: Evidence from the Stock Market,2025-11-28,Ali K. Ozdagli; Michael Weber,0,"Abstract We study the importance of production networks for the transmission of monetary policy using the stock market reaction as laboratory. We attribute 55% to 85% of the overall response to network effects. Large network effects are a robust feature of the data; we document similar patterns in realized fundamentals. Matching sparsity and the first two outdegrees industry-by-industry can explain large network effects. A simple model with intermediate inputs predicts the reaction of stock returns follows a spatial autoregression, which we exploit for our empirical strategy. Our results suggest production networks are an important mechanism for transmitting monetary policy shocks."
Review of Financial Studies,finance,https://openalex.org/W4417065351,https://doi.org/10.1093/rfs/hhaf098,When Discounted Rates End: The Costs of Taking Action in the Mortgage Market,2025-12-02,Adiya Belgibayeva; Teresa Bono; Philippe Bracke; Nuno Clara; João F. Cocco; Tommaso Majer,0,"Abstract We combine administrative data with a life cycle structural model that exploits the unique features of the U.K. mortgage market to analyze the sources of inaction and to estimate borrowers’ nonpecuniary remortgaging costs. The utility costs needed to generate a given level of inaction depend on monetary gains from remortgaging and on the importance of those monetary gains for agents, which in turn depend on the (endogenously determined) marginal utility of consumption. The model results reveal significant nonpecuniary costs of action that, when measured as a proportion of borrower income, are larger for the young and for lower-income households."
Review of Financial Studies,finance,https://openalex.org/W4417345501,https://doi.org/10.1093/rfs/hhaf109,"Cross-Border M&amp;A Flows, Economic Growth, and Foreign Exchange Rates",2025-12-12,Steven Riddiough; Huizhong Zhang,0,"Abstract We extract information about future economic conditions from firms’ cross-border merger and acquisition announcements, and show it predicts changes in relative economic growth rates and foreign exchange rate returns. We find the predictability is driven by the acquisition decisions of domestic firms, which signal turning points in local economic growth. The findings are motivated by a simple model of exchange rate determination with heterogeneous expectations and support the theorized relationship between foreign exchange rates and macroeconomic fundamentals. The results provide new tools for policy makers seeking to predict economic activity and offer global investors a novel source of portfolio diversification."
Review of Financial Studies,finance,https://openalex.org/W7117106579,https://doi.org/10.1093/rfs/hhaf111,The Structure of Leveraged Buyouts and the Free-Rider Problem,2025-12-18,Mike Burkart; Samuel Lee; Henrik Petri,0,"Abstract We study the structure of public firm buyouts in a model that features the Berle-Means problem (lack of incentives) and the Grossman-Hart problem (holdout). We find that bootstrapping, debt in excess of funding needs, and upfront fees to bidders are socially optimal and increase buyout premiums. These elements make LBO financing tantamount to a “management contract” arranged by an outside manager to receive cash and incentives to manage a firm—except the cash is funded by excess debt imposed on the firm. Our model also rationalizes why PE firms collect fees from their equity partnerships and directly from target firms."
Review of Financial Studies,finance,https://openalex.org/W7117363851,https://doi.org/10.1093/rfs/hhaf115,"Mortgage Design, Repayment Schedules, and Household Borrowing",2025-12-20,Claes Bäckman; Patrick Moran; Peter van Santen,1,"Abstract How does the design of debt repayment schedules affect household borrowing? To answer this question, we exploit a Swedish policy reform that eliminated interest-only mortgages for loan-to-value ratios above 50%. We document substantial bunching at the threshold, leading to 5% lower borrowing. Wealthy borrowers drive the results, challenging credit constraints as the primary explanation. We develop a model to evaluate the mechanisms driving household behavior and find that much of the effect comes from households experiencing ongoing flow disutility to amortization payments. Our results indicate that mortgage contracts with low initial payments substantially increase household borrowing and lifetime interest costs."
Review of Financial Studies,finance,https://openalex.org/W3125134233,https://doi.org/10.1093/rfs/hhaf113,Financial Restructuring and Resolution of Banks,2025-12-20,Jean-Édouard Colliard; Denis Gromb,5,"Abstract How do resolution frameworks affect the private restructuring of distressed banks? We model a bank’s shareholders and creditors negotiating a restructuring, under two frictions: asymmetric information about asset quality and externalities on the government. High-quality banks signal themselves by delaying the negotiation, which is socially inefficient. Public policies can improve welfare if they reduce the signaling motive or increase the negotiation surplus. Stricter bail-in rules make debt more information sensitive and increase delays. The bank chooses a capital structure with too little renegotiable debt, giving a new rationale, for example, for Total Loss Absorbing Capacity requirements."
Review of Financial Studies,finance,https://openalex.org/W3124524466,https://doi.org/10.1093/rfs/hhaf116,"The Intangibles Song in Takeover Announcements: Good Tempo, Hollow Tune",2025-12-26,Zoran Filipovic; Alexander F. Wagner,0,"Abstract Mergers and acquisitions are often motivated by an intention to create value from intangible assets. We develop a word list of intangibles and apply it to takeover announcements. One standard deviation more in intangible-related language (“intangibles talk”) lowers announcement returns for the acquirer by 0.53 percentage points and predicts worse operating performance. Bidder managers appear to believe in the deals nonetheless, as evidenced by insider trades, payment choices, and completion probabilities and speed. Overall, takeover announcement texts reveal important information about hard-to-measure aspects of deal quality."
Review of Financial Studies,finance,https://openalex.org/W7117357990,https://doi.org/10.1093/rfs/hhaf114,When Two Become One: Foreign Capital and Household Credit Expansion,2025-12-26,Lukas Diebold; Björn Richter,0,"Abstract Rapid credit expansions predict lower output growth and banking crises, but does it matter who finances them? We identify the ultimate counterparties financing credit expansions in a panel of 33 advanced economies and find that foreign-financed household credit expansions predict lower GDP growth and higher crisis risk, but domestically financed credit expansions do not. Studying the mechanisms, we find that foreign-financed household credit expansions are accompanied by higher supply of foreign capital (reflected in low credit spreads), are followed by elevated credit cycle reversal risk, and lead to higher debt service payments to foreigners which depress aggregate demand."
